id	name	displayName	visualFamily	visualFamilyLabel	image	nameNeedsReview	recommendationEligible	nameVisuallyReviewed	recordCount
ing-f26348b706a9	(喬利佐香腸抹醬)	索布拉萨达（乔利佐香肠抹酱）	condiment	酱料与调味	assets/ingredients/ing-f26348b706a9.svg	False	True	True	1
ing-2f0591304652	100%穀物伏特加	100%谷物伏特加	alcohol	酒与发酵饮品	assets/ingredients/ing-2f0591304652.svg	False	True	False	2
ing-08786d67ea6e	100%頂級伊比利橡實豬	100%顶级伊比利橡实猪	meat	肉类	assets/ingredients/ing-08786d67ea6e.svg	False	True	True	1
ing-96c60a1f51ae	70%黑巧克力	70%黑巧克力	sweets	可可与甜味配料	assets/ingredients/ing-96c60a1f51ae.svg	False	True	False	1
ing-e1f72ba91dc6	PX雪莉酒	PX雪莉酒	alcohol	酒与发酵饮品	assets/ingredients/ing-e1f72ba91dc6.svg	False	True	False	5
ing-1c6d170b2fe2	XO 干邑白蘭地	XO 干邑白兰地	alcohol	酒与发酵饮品	assets/ingredients/ing-1c6d170b2fe2.svg	False	True	True	1
ing-ef1e36d8a669	丁烘烤小牛肉	烘烤小牛肉	meat	肉类	assets/ingredients/ing-ef1e36d8a669.svg	False	True	True	1
ing-73c484b4ebc7	丁香	丁香	spice	香辛料	assets/ingredients/ing-73c484b4ebc7.svg	False	True	False	16
ing-ed55541fa3c2	中國煎茶	中国煎茶	tea_coffee	茶与咖啡	assets/ingredients/ing-ed55541fa3c2.svg	False	True	False	1
ing-84bc236825dc	中國魚露	中国鱼露	condiment	酱料与调味	assets/ingredients/ing-84bc236825dc.svg	False	True	True	1
ing-00ed90c8212c	中東芝麻醬	中东芝麻酱	condiment	酱料与调味	assets/ingredients/ing-00ed90c8212c.svg	False	True	False	8
ing-69560fbcf7b3	乾凱皇芒果	干凯皇芒果	fruit	水果	assets/ingredients/ing-69560fbcf7b3.svg	False	True	True	4
ing-f84fb4d4868b	乾嚎菇	干蚝菇	mushroom	菌菇	assets/ingredients/ing-f84fb4d4868b.svg	False	True	True	10
ing-7f8e032880c4	乾圓葉當歸根	干圆叶当归根	herb	香草与叶片	assets/ingredients/ing-7f8e032880c4.svg	False	True	False	1
ing-207691262b13	乾壊菇	干蚝菇	mushroom	菌菇	assets/ingredients/ing-207691262b13.svg	False	True	True	1
ing-b404239e0b54	乾大馬士革玫瑰花瓣	干大马士革玫瑰花瓣	flowers	食用花	assets/ingredients/ing-b404239e0b54.svg	False	True	True	3
ing-c4cc4cb4e366	乾奇波雷辣椒	干奇波雷辣椒	spice	香辛料	assets/ingredients/ing-c4cc4cb4e366.svg	False	True	False	12
ing-3e68067a887b	乾奧勒岡草	干奥勒冈草	herb	香草与叶片	assets/ingredients/ing-3e68067a887b.svg	False	True	False	6
ing-18cc8da28477	乾小槩	干小檗	other	待分类	assets/ingredients/ing-18cc8da28477.svg	False	True	True	1
ing-87eb344212c3	乾小樂	干小檗	other	待分类	assets/ingredients/ing-87eb344212c3.svg	False	True	True	2
ing-a03f952c7bde	乾小薬	干小檗	other	待分类	assets/ingredients/ing-a03f952c7bde.svg	False	True	True	3
ing-ee2f34a50365	乾小藥	干小檗	other	待分类	assets/ingredients/ing-ee2f34a50365.svg	False	True	True	2
ing-b85781005869	乾巴魯堅果	干巴鲁坚果	nuts_seeds	坚果与种子	assets/ingredients/ing-b85781005869.svg	False	True	False	2
ing-3be047cece98	乾式熟成牛肉	干式熟成牛肉	meat	肉类	assets/ingredients/ing-3be047cece98.svg	False	True	True	50
ing-1e3ea37fa76b	乾扇貝	干扇贝	seafood	水产	assets/ingredients/ing-1e3ea37fa76b.svg	False	True	False	3
ing-bf1fdb61c1e7	乾月桂葉	干月桂叶	herb	香草与叶片	assets/ingredients/ing-bf1fdb61c1e7.svg	False	True	True	5
ing-53dbb94f3276	乾木槿花	干木槿花	flowers	食用花	assets/ingredients/ing-53dbb94f3276.svg	False	True	False	18
ing-43d493c38a5c	乾杜松子	干杜松子	nuts_seeds	坚果与种子	assets/ingredients/ing-43d493c38a5c.svg	False	True	False	4
ing-834a57fc29f2	乾枝葉	干桉叶	herb	香草与叶片	assets/ingredients/ing-834a57fc29f2.svg	False	True	True	3
ing-abde8e05f071	乾枸杞	干枸杞	fruit	水果	assets/ingredients/ing-abde8e05f071.svg	False	True	True	5
ing-2985e6e13882	乾校葉	干桉叶	herb	香草与叶片	assets/ingredients/ing-2985e6e13882.svg	False	True	True	7
ing-2fcddfc4718f	乾梨子	干梨子	fruit	水果	assets/ingredients/ing-2fcddfc4718f.svg	False	True	False	1
ing-cc01ae93dc95	乾椰子	干椰子	fruit	水果	assets/ingredients/ing-cc01ae93dc95.svg	False	True	False	8
ing-7d4d5926522b	乾檸檬茶樹	干柠檬茶树	herb	香草与叶片	assets/ingredients/ing-7d4d5926522b.svg	False	True	False	1
ing-934289d58c3b	乾檸檬香桃木	干柠檬香桃木	herb	香草与叶片	assets/ingredients/ing-934289d58c3b.svg	False	True	True	2
ing-41ee4596f5ca	乾櫻花	干樱花	flowers	食用花	assets/ingredients/ing-41ee4596f5ca.svg	False	True	False	8
ing-d62d30576c59	乾歐白芷根	干欧白芷根	herb	香草与叶片	assets/ingredients/ing-d62d30576c59.svg	False	True	True	5
ing-111b76254228	乾歐白芷籽	干欧白芷籽	herb	香草与叶片	assets/ingredients/ing-111b76254228.svg	False	True	False	2
ing-75d1593a2798	乾泰國青檸葉	干泰国青柠叶	herb	香草与叶片	assets/ingredients/ing-75d1593a2798.svg	False	True	False	5
ing-5d60c509e0aa	乾洋甘菊	干洋甘菊	flowers	食用花	assets/ingredients/ing-5d60c509e0aa.svg	False	True	False	8
ing-21a096c8f7ce	乾烤杏仁	干烤杏仁	nuts_seeds	坚果与种子	assets/ingredients/ing-21a096c8f7ce.svg	False	True	False	1
ing-5202c345adbd	乾無花果	干无花果	fruit	水果	assets/ingredients/ing-5202c345adbd.svg	False	True	True	13
ing-206caad27555	乾爪哇長胡椒	干爪哇长胡椒	spice	香辛料	assets/ingredients/ing-206caad27555.svg	False	True	False	2
ing-6a467771862f	乾牛肝菌	干牛肝菌	mushroom	菌菇	assets/ingredients/ing-6a467771862f.svg	False	True	True	36
ing-6750df962cb6	乾玫瑰果	干玫瑰果	fruit	水果	assets/ingredients/ing-6750df962cb6.svg	False	True	False	9
ing-05e79de8cbad	乾琴酒	干琴酒	alcohol	酒与发酵饮品	assets/ingredients/ing-05e79de8cbad.svg	False	True	False	1
ing-077975396897	乾節莎草	干节莎草	herb	香草与叶片	assets/ingredients/ing-077975396897.svg	False	True	False	1
ing-83d884184cda	乾羅甘莓	干罗甘莓	fruit	水果	assets/ingredients/ing-83d884184cda.svg	False	True	False	1
ing-e1ffb63e8075	乾芹菜籽	干芹菜籽	nuts_seeds	坚果与种子	assets/ingredients/ing-e1ffb63e8075.svg	False	True	False	1
ing-a8f05af6577c	乾苦艾酒	干苦艾酒	alcohol	酒与发酵饮品	assets/ingredients/ing-a8f05af6577c.svg	False	True	False	3
ing-33c1de130804	乾草	干草	herb	香草与叶片	assets/ingredients/ing-33c1de130804.svg	False	True	False	2
ing-320a91009a65	乾華澄茄	干华澄茄	spice	香辛料	assets/ingredients/ing-320a91009a65.svg	False	True	False	1
ing-67d087fef9b4	乾葛縷子	干葛缕子	herb	香草与叶片	assets/ingredients/ing-67d087fef9b4.svg	False	True	False	1
ing-9d00d664c8d5	乾葛縷子根	干葛缕子根	herb	香草与叶片	assets/ingredients/ing-9d00d664c8d5.svg	False	True	False	2
ing-792180fa8d02	乾葛縷子籽	干葛缕子籽	herb	香草与叶片	assets/ingredients/ing-792180fa8d02.svg	False	True	False	2
ing-533b426a6c3a	乾葛縷子葉	干葛缕子叶	herb	香草与叶片	assets/ingredients/ing-533b426a6c3a.svg	False	True	True	19
ing-0d0392da3f6e	乾蒔蘿籽	干莳萝籽	nuts_seeds	坚果与种子	assets/ingredients/ing-0d0392da3f6e.svg	False	True	False	1
ing-6be947258ce5	乾螺菇	干蚝菇	mushroom	菌菇	assets/ingredients/ing-6be947258ce5.svg	False	True	True	2
ing-f56fb6171928	乾裙帶菜	干裙带菜	seaweed	海藻	assets/ingredients/ing-f56fb6171928.svg	False	True	False	1
ing-a41a9e045e4b	乾豆蔻	干豆蔻	spice	香辛料	assets/ingredients/ing-a41a9e045e4b.svg	False	True	False	1
ing-4af1a84309dd	乾醃火腿	干腌火腿	meat	肉类	assets/ingredients/ing-4af1a84309dd.svg	False	True	True	6
ing-b2369392a8ff	乾革澄茄	干革澄茄	vegetable	蔬菜与豆类	assets/ingredients/ing-b2369392a8ff.svg	True	False	False	1
ing-a057fa92bec2	乾香菇	干香菇	mushroom	菌菇	assets/ingredients/ing-a057fa92bec2.svg	False	True	False	1
ing-a0e978b5689a	乾香蕉片	干香蕉片	fruit	水果	assets/ingredients/ing-a0e978b5689a.svg	False	True	False	6
ing-90e0a3d30c9d	乾高良薑	干高良姜	spice	香辛料	assets/ingredients/ing-90e0a3d30c9d.svg	False	True	False	2
ing-3acbe5bd3f32	乾高良薑汁	干高良姜汁	spice	香辛料	assets/ingredients/ing-3acbe5bd3f32.svg	False	True	False	1
ing-9e9c58a902d8	乾鹽角草	干盐角草	herb	香草与叶片	assets/ingredients/ing-9e9c58a902d8.svg	False	True	False	6
ing-2b38b5a7ed72	乾黑葛縷子籽	干黑葛缕子籽	herb	香草与叶片	assets/ingredients/ing-2b38b5a7ed72.svg	False	True	False	1
ing-f7454724fe33	二次釀造醬油	二次酿造酱油	condiment	酱料与调味	assets/ingredients/ing-f7454724fe33.svg	False	True	False	9
ing-a41b912b13f2	五味子莓果	五味子莓果	fruit	水果	assets/ingredients/ing-a41b912b13f2.svg	False	True	False	2
ing-6700959cd8fb	五爪蘋果	五爪苹果	fruit	水果	assets/ingredients/ing-6700959cd8fb.svg	False	True	False	3
ing-7252e5eeb2c4	亞力酒	亚力酒	alcohol	酒与发酵饮品	assets/ingredients/ing-7252e5eeb2c4.svg	False	True	False	7
ing-a63c52ebfdc7	亞歷山大盧卡斯梨	亚历山大卢卡斯梨	fruit	水果	assets/ingredients/ing-a63c52ebfdc7.svg	False	True	False	3
ing-9e7ce63849a5	亞洲梨	亚洲梨	fruit	水果	assets/ingredients/ing-9e7ce63849a5.svg	False	True	True	3
ing-740c8adde7d6	亞麻籽	亚麻籽	nuts_seeds	坚果与种子	assets/ingredients/ing-740c8adde7d6.svg	False	True	False	5
ing-59652365e7a2	人心果	人心果	fruit	水果	assets/ingredients/ing-59652365e7a2.svg	False	True	False	1
ing-2b6e509837f1	人頭馬X0特優香檳干邑白蘭地	人头马X0特优香槟干邑白兰地	alcohol	酒与发酵饮品	assets/ingredients/ing-2b6e509837f1.svg	False	True	False	1
ing-616a731daf28	人頭馬X特優香檳干邑白蘭地	人头马X特优香槟干邑白兰地	alcohol	酒与发酵饮品	assets/ingredients/ing-616a731daf28.svg	False	True	False	1
ing-40b7159fc6ba	人頭馬干邑白蘭地X0特優香檳	人头马干邑白兰地X0特优香槟	alcohol	酒与发酵饮品	assets/ingredients/ing-40b7159fc6ba.svg	False	True	False	1
ing-6d132f86d53f	仙人掌果	仙人掌果	fruit	水果	assets/ingredients/ing-6d132f86d53f.svg	False	True	False	3
ing-b5c3be4f604f	伊比利豬油	伊比利猪油	oil	油脂	assets/ingredients/ing-b5c3be4f604f.svg	False	True	False	3
ing-8ce937f1c395	伊薩拉綠色香甜酒	伊萨拉绿色香甜酒	alcohol	酒与发酵饮品	assets/ingredients/ing-8ce937f1c395.svg	False	True	False	1
ing-9412587cc052	伊迪亞薩瓦爾乳酪	伊迪亚萨瓦尔乳酪	cheese	乳酪	assets/ingredients/ing-9412587cc052.svg	False	True	False	7
ing-5259d6f55432	佛手柑	佛手柑	citrus	柑橘	assets/ingredients/ing-5259d6f55432.svg	False	True	False	3
ing-88fdda73794d	佳麗格特草莓	佳丽格特草莓	fruit	水果	assets/ingredients/ing-88fdda73794d.svg	False	True	True	10
ing-ab08b25d5e81	倫敦乾琴酒	伦敦干琴酒	alcohol	酒与发酵饮品	assets/ingredients/ing-ab08b25d5e81.svg	False	True	False	4
ing-7ed295918963	偉馬力三麥金修道院啤酒	伟马力三麦金修道院啤酒	alcohol	酒与发酵饮品	assets/ingredients/ing-7ed295918963.svg	False	True	False	2
ing-7099cfd8070b	偉馬力修道院黑啤酒	伟马力修道院黑啤酒	alcohol	酒与发酵饮品	assets/ingredients/ing-7099cfd8070b.svg	False	True	False	4
ing-2e7161ef4644	健力士特別版	健力士特别版	alcohol	酒与发酵饮品	assets/ingredients/ing-2e7161ef4644.svg	False	True	False	2
ing-0925dc975031	健力士醇黑生啤酒	健力士醇黑生啤酒	alcohol	酒与发酵饮品	assets/ingredients/ing-0925dc975031.svg	False	True	False	3
ing-be2180ca1594	傳統巴薩米克醋	传统巴萨米克醋	vinegar	醋	assets/ingredients/ing-be2180ca1594.svg	False	True	False	2
ing-5f9afc83876a	克菲爾	克菲尔	dairy	乳品与蛋	assets/ingredients/ing-5f9afc83876a.svg	False	True	False	6
ing-a997620c1f68	克萊門氏小柑橘皮油	克莱门氏小柑橘皮油	oil	油脂	assets/ingredients/ing-a997620c1f68.svg	False	True	False	2
ing-6f60e2a0dd8e	兔眼藍莓	兔眼蓝莓	fruit	水果	assets/ingredients/ing-6f60e2a0dd8e.svg	False	True	False	4
ing-560299c45a86	兔肉	兔肉	meat	肉类	assets/ingredients/ing-560299c45a86.svg	False	True	False	1
ing-77361b542ccd	內褲鈕扣法國馬貢山羊乳酪	内裤钮扣法国马贡山羊乳酪	cheese	乳酪	assets/ingredients/ing-77361b542ccd.svg	False	True	False	2
ing-b09d26cd4740	全熟水煮蛋	全熟水煮蛋	dairy	乳品与蛋	assets/ingredients/ing-b09d26cd4740.svg	False	True	False	3
ing-e4e55faf4422	全熟水煮蛋黃	全熟水煮蛋黄	dairy	乳品与蛋	assets/ingredients/ing-e4e55faf4422.svg	False	True	False	9
ing-5edb8d07b80d	全熟水煮蛋黄	全熟水煮蛋黄	dairy	乳品与蛋	assets/ingredients/ing-5edb8d07b80d.svg	False	True	False	1
ing-47baa28e6c7e	全燕麥穀粒	全燕麦谷粒	bread_grain	谷物与烘焙	assets/ingredients/ing-47baa28e6c7e.svg	False	True	False	3
ing-fb82c4b4663b	八角	八角	spice	香辛料	assets/ingredients/ing-fb82c4b4663b.svg	False	True	False	8
ing-1e6e4dea3600	冬南瓜泥	冬南瓜泥	vegetable	蔬菜与豆类	assets/ingredients/ing-1e6e4dea3600.svg	False	True	False	9
ing-4404ea8981d2	冬瓜	冬瓜	vegetable	蔬菜与豆类	assets/ingredients/ing-4404ea8981d2.svg	False	True	False	2
ing-c1920afc2653	凱特芒果	凯特芒果	fruit	水果	assets/ingredients/ing-c1920afc2653.svg	False	True	True	5
ing-e9d4f90bcf7c	凱皇芒果	凯皇芒果	fruit	水果	assets/ingredients/ing-e9d4f90bcf7c.svg	False	True	False	1
ing-d62e50c7d03b	切達乳酪	切达乳酪	cheese	乳酪	assets/ingredients/ing-d62e50c7d03b.svg	False	True	True	10
ing-cca3aa08284c	利木贊牛肉	利木赞牛肉	meat	肉类	assets/ingredients/ing-cca3aa08284c.svg	False	True	False	1
ing-05363e5c8f23	利瓦侯乳酪	利瓦侯乳酪	cheese	乳酪	assets/ingredients/ing-05363e5c8f23.svg	False	True	False	2
ing-7fb0608a5740	則能鳥肉	煎鸵鸟肉	meat	肉类	assets/ingredients/ing-7fb0608a5740.svg	False	True	True	1
ing-ec78c84206fc	則餅	煎饼	bread_grain	谷物与烘焙	assets/ingredients/ing-ec78c84206fc.svg	False	True	True	1
ing-84671380db34	則駝鳥肉	煎鸵鸟肉	meat	肉类	assets/ingredients/ing-84671380db34.svg	False	True	True	1
ing-ed075f1d3664	加拉蘋果	加拉苹果	fruit	水果	assets/ingredients/ing-ed075f1d3664.svg	False	True	False	5
ing-0e43381e9ebb	助眼牛排	肋眼牛排	meat	肉类	assets/ingredients/ing-0e43381e9ebb.svg	False	True	True	1
ing-2bfc9109aee6	勝利草莓	胜利草莓	fruit	水果	assets/ingredients/ing-2bfc9109aee6.svg	False	True	False	2
ing-7b06d6d85bb4	北京烤鴨	北京烤鸭	meat	肉类	assets/ingredients/ing-7b06d6d85bb4.svg	False	True	False	20
ing-eb784d0c225b	北極覆盆子	北极覆盆子	fruit	水果	assets/ingredients/ing-eb784d0c225b.svg	False	True	False	4
ing-13547f51ba83	十年布爾馬德拉	十年布尔马德拉	alcohol	酒与发酵饮品	assets/ingredients/ing-13547f51ba83.svg	False	True	False	7
ing-cbe2e92375ce	十年瑪爾維薩馬德拉	十年玛尔维萨马德拉	alcohol	酒与发酵饮品	assets/ingredients/ing-cbe2e92375ce.svg	False	True	False	3
ing-f333a0266d73	千層酥皮	千层酥皮	bread_grain	谷物与烘焙	assets/ingredients/ing-f333a0266d73.svg	False	True	False	3
ing-61ec39f65568	千日菊	千日菊	flowers	食用花	assets/ingredients/ing-61ec39f65568.svg	False	True	False	1
ing-af718ab0b77c	半硬質山羊乳酪	半硬质山羊乳酪	cheese	乳酪	assets/ingredients/ing-af718ab0b77c.svg	False	True	False	9
ing-5e07f26ca0fc	半糖漬檸檬皮	半糖渍柠檬皮	sweets	可可与甜味配料	assets/ingredients/ing-5e07f26ca0fc.svg	False	True	False	1
ing-85bc0873e245	南瓜	南瓜	vegetable	蔬菜与豆类	assets/ingredients/ing-85bc0873e245.svg	False	True	False	12
ing-68a53981c9a8	南瓜籽油	南瓜籽油	oil	油脂	assets/ingredients/ing-68a53981c9a8.svg	False	True	False	5
ing-9faec41c1643	南非國寶茶	南非国宝茶	tea_coffee	茶与咖啡	assets/ingredients/ing-9faec41c1643.svg	False	True	False	7
ing-6e5ec158578a	博斯科普蘋果	博斯科普苹果	fruit	水果	assets/ingredients/ing-6e5ec158578a.svg	False	True	False	9
ing-37796c1d519a	卡姆小麥	卡姆小麦	bread_grain	谷物与烘焙	assets/ingredients/ing-37796c1d519a.svg	False	True	False	1
ing-6296a998e8de	卡姆果	卡姆果	fruit	水果	assets/ingredients/ing-6296a998e8de.svg	False	True	False	1
ing-81836315b2ef	卡本內蘇維濃	卡本内苏维浓	alcohol	酒与发酵饮品	assets/ingredients/ing-81836315b2ef.svg	False	True	False	2
ing-ec434c72d5ba	卡林達草莓	卡林达草莓	fruit	水果	assets/ingredients/ing-ec434c72d5ba.svg	False	True	False	1
ing-efa575d2fbc4	卡沙夏	卡沙夏	alcohol	酒与发酵饮品	assets/ingredients/ing-efa575d2fbc4.svg	False	True	False	3
ing-7665a83aeb8b	卡沙夏巴西甘蔗酒	卡沙夏巴西甘蔗酒	alcohol	酒与发酵饮品	assets/ingredients/ing-7665a83aeb8b.svg	False	True	False	1
ing-f130900c6b6b	卡爾瓦多斯蘋果白蘭地	卡尔瓦多斯苹果白兰地	alcohol	酒与发酵饮品	assets/ingredients/ing-f130900c6b6b.svg	False	True	False	3
ing-136ff322417e	卡琳達草莓	卡琳达草莓	fruit	水果	assets/ingredients/ing-136ff322417e.svg	False	True	False	5
ing-cde3228729d1	卡蒙貝爾乳酪	卡蒙贝尔乳酪	cheese	乳酪	assets/ingredients/ing-cde3228729d1.svg	False	True	False	17
ing-e1c313213267	卡赫德列斯特乳酪	卡赫德列斯特乳酪	cheese	乳酪	assets/ingredients/ing-e1c313213267.svg	False	True	False	1
ing-19842b993353	印尼甜醬油	印尼甜酱油	condiment	酱料与调味	assets/ingredients/ing-19842b993353.svg	False	True	True	2
ing-17db7cd42167	印度月桂葉	印度月桂叶	herb	香草与叶片	assets/ingredients/ing-17db7cd42167.svg	False	True	False	2
ing-08773de1e683	印度澄清奶油	印度澄清奶油	oil	油脂	assets/ingredients/ing-08773de1e683.svg	False	True	False	5
ing-1d6fb8248f9f	印度藏茴香籽	印度藏茴香籽	nuts_seeds	坚果与种子	assets/ingredients/ing-1d6fb8248f9f.svg	False	True	False	2
ing-89a49c1c2287	印度長胡椒	印度长胡椒	spice	香辛料	assets/ingredients/ing-89a49c1c2287.svg	False	True	False	1
ing-7690cf3dc72e	印度馬薩拉普	印度马萨拉普	other	待分类	assets/ingredients/ing-7690cf3dc72e.svg	False	True	False	1
ing-97253f8edd79	印度馬薩拉醬	印度马萨拉酱	condiment	酱料与调味	assets/ingredients/ing-97253f8edd79.svg	False	True	True	39
ing-5a9062cb823e	古岡左拉乳酪	古冈左拉乳酪	cheese	乳酪	assets/ingredients/ing-5a9062cb823e.svg	False	True	True	24
ing-8fdc319bcc40	古布阿蘇	古布阿苏	fruit	水果	assets/ingredients/ing-8fdc319bcc40.svg	False	True	False	1
ing-a23c816dd3d3	古布阿蘇果醬	古布阿苏果酱	condiment	酱料与调味	assets/ingredients/ing-a23c816dd3d3.svg	False	True	False	5
ing-ee6102b7d96d	可可粉	可可粉	sweets	可可与甜味配料	assets/ingredients/ing-ee6102b7d96d.svg	False	True	False	31
ing-a5364f160ff4	可可豆碎粒	可可豆碎粒	sweets	可可与甜味配料	assets/ingredients/ing-a5364f160ff4.svg	False	True	False	2
ing-c82293f0c53e	可可香甜酒	可可香甜酒	alcohol	酒与发酵饮品	assets/ingredients/ing-c82293f0c53e.svg	False	True	False	1
ing-a921ae979269	可頌麵包	可颂面包	bread_grain	谷物与烘焙	assets/ingredients/ing-a921ae979269.svg	False	True	False	6
ing-d9e4806eb428	台灣魚露	台湾鱼露	condiment	酱料与调味	assets/ingredients/ing-d9e4806eb428.svg	False	True	True	5
ing-9ad00182a320	史佩庫魯斯餅乾	史佩库鲁斯饼干	bread_grain	谷物与烘焙	assets/ingredients/ing-9ad00182a320.svg	False	True	True	4
ing-c012d725c451	史帝爾頓乳酪	史帝尔顿乳酪	cheese	乳酪	assets/ingredients/ing-c012d725c451.svg	False	True	False	11
ing-03dd97a47338	史黛拉樱桃	史黛拉樱桃	fruit	水果	assets/ingredients/ing-03dd97a47338.svg	False	True	False	1
ing-6825dfef3789	史黛拉櫻桃	史黛拉樱桃	fruit	水果	assets/ingredients/ing-6825dfef3789.svg	False	True	False	5
ing-ff5f504a8264	同花母菊	同花母菊	flowers	食用花	assets/ingredients/ing-ff5f504a8264.svg	False	True	False	1
ing-62b039193522	同鳩它鳥肉	煎鸵鸟肉	meat	肉类	assets/ingredients/ing-62b039193522.svg	False	True	True	1
ing-6041f74d7d30	君度橙酒	君度橙酒	alcohol	酒与发酵饮品	assets/ingredients/ing-6041f74d7d30.svg	False	True	False	4
ing-3dc06afd9c10	味酥	味醂	other	待分类	assets/ingredients/ing-3dc06afd9c10.svg	False	True	True	1
ing-55abf20eb2af	味酬	味醂	other	待分类	assets/ingredients/ing-55abf20eb2af.svg	False	True	True	10
ing-ce8ebcbebc8c	味酬日本甜米酒	味醂（日本甜米酒）	alcohol	酒与发酵饮品	assets/ingredients/ing-ce8ebcbebc8c.svg	False	True	True	3
ing-9676b931e723	味醋	味醂	other	待分类	assets/ingredients/ing-9676b931e723.svg	False	True	True	1
ing-1d0e03f6a7ec	味醐	味醂	other	待分类	assets/ingredients/ing-1d0e03f6a7ec.svg	False	True	True	1
ing-961959c43a77	味醐日本甜米酒	味醂（日本甜米酒）	alcohol	酒与发酵饮品	assets/ingredients/ing-961959c43a77.svg	False	True	True	1
ing-367bf59bac7d	味醜	味醂	other	待分类	assets/ingredients/ing-367bf59bac7d.svg	False	True	True	1
ing-4ade1b2e370b	和牛	和牛	meat	肉类	assets/ingredients/ing-4ade1b2e370b.svg	False	True	True	20
ing-5c8e327a0f83	咖哩草	咖哩草	herb	香草与叶片	assets/ingredients/ing-5c8e327a0f83.svg	False	True	False	4
ing-1f3c5a591c5a	咖哩葉	咖哩叶	herb	香草与叶片	assets/ingredients/ing-1f3c5a591c5a.svg	False	True	False	18
ing-07c9440b3b4d	咖啡香甜酒	咖啡香甜酒	alcohol	酒与发酵饮品	assets/ingredients/ing-07c9440b3b4d.svg	False	True	False	1
ing-e8205f1a2e89	哈密瓜	哈密瓜	fruit	水果	assets/ingredients/ing-e8205f1a2e89.svg	False	True	True	32
ing-58d146f89644	哈拉里橄欖油	哈拉里橄榄油	oil	油脂	assets/ingredients/ing-58d146f89644.svg	False	True	False	2
ing-a567a26c9635	哈斯酪梨	哈斯酪梨	fruit	水果	assets/ingredients/ing-a567a26c9635.svg	False	True	False	6
ing-93553625689e	哈瓦那俱樂部七年蘭姆酒	哈瓦那俱乐部七年兰姆酒	alcohol	酒与发酵饮品	assets/ingredients/ing-93553625689e.svg	False	True	False	1
ing-07c3e50f7a6c	哥倫比亞咖啡	哥伦比亚咖啡	tea_coffee	茶与咖啡	assets/ingredients/ing-07c3e50f7a6c.svg	False	True	False	20
ing-11c2e79faf45	唐胡立歐白龍舌蘭酒	唐胡立欧白龙舌兰酒	alcohol	酒与发酵饮品	assets/ingredients/ing-11c2e79faf45.svg	False	True	True	1
ing-274ce96bd74d	啤酒花	啤酒花	alcohol	酒与发酵饮品	assets/ingredients/ing-274ce96bd74d.svg	False	True	False	1
ing-d73910d317ee	嘉寶果	嘉宝果	fruit	水果	assets/ingredients/ing-d73910d317ee.svg	False	True	False	1
ing-4fa2c311415a	嚎油	蚝油	oil	油脂	assets/ingredients/ing-4fa2c311415a.svg	False	True	True	2
ing-3ef660b6ce29	嚎菇	蚝菇	mushroom	菌菇	assets/ingredients/ing-3ef660b6ce29.svg	False	True	True	4
ing-00c4d1187873	四十二天熟成肋眼牛排	四十二天熟成肋眼牛排	meat	肉类	assets/ingredients/ing-00c4d1187873.svg	False	True	False	2
ing-8277a12f1366	四季橘	四季橘	citrus	柑橘	assets/ingredients/ing-8277a12f1366.svg	False	True	False	5
ing-548ec06f22c5	四季豆	四季豆	vegetable	蔬菜与豆类	assets/ingredients/ing-548ec06f22c5.svg	False	True	False	6
ing-3ec43b31852d	圓葉當歸籽	圆叶当归籽	nuts_seeds	坚果与种子	assets/ingredients/ing-3ec43b31852d.svg	False	True	False	1
ing-e1f1d0a699cc	圓葉當歸葉	圆叶当归叶	herb	香草与叶片	assets/ingredients/ing-e1f1d0a699cc.svg	False	True	False	5
ing-c747120ccea8	圖拉明覆盆子	图拉明覆盆子	fruit	水果	assets/ingredients/ing-c747120ccea8.svg	False	True	False	1
ing-e273e83b37cf	圖葉當歸葉	圆叶当归叶	herb	香草与叶片	assets/ingredients/ing-e273e83b37cf.svg	False	True	True	1
ing-f73b5fb99539	土耳其咖啡	土耳其咖啡	tea_coffee	茶与咖啡	assets/ingredients/ing-f73b5fb99539.svg	False	True	False	4
ing-36bbebba6f94	土耳其烏爾法辣椒片	土耳其乌尔法辣椒片	spice	香辛料	assets/ingredients/ing-36bbebba6f94.svg	False	True	True	17
ing-5f0ec915a823	土荊芥	土荆芥	vegetable	蔬菜与豆类	assets/ingredients/ing-5f0ec915a823.svg	False	True	False	2
ing-593c2e858925	基亞花乳酪	基亚花乳酪	cheese	乳酪	assets/ingredients/ing-593c2e858925.svg	False	True	True	5
ing-693f54601cf4	塔爾哈納粉	塔尔哈纳粉	bread_grain	谷物与烘焙	assets/ingredients/ing-693f54601cf4.svg	False	True	False	1
ing-475c23a4aac2	塔羅科血橙	塔罗科血橙	citrus	柑橘	assets/ingredients/ing-475c23a4aac2.svg	False	True	True	18
ing-3f0b226cb2ed	塞利姆胡椒	塞利姆胡椒	spice	香辛料	assets/ingredients/ing-3f0b226cb2ed.svg	False	True	True	8
ing-a97adf39e8bc	塞拉諾火腿	塞拉诺火腿	meat	肉类	assets/ingredients/ing-a97adf39e8bc.svg	False	True	False	7
ing-d0a77f9d5546	墓香花	藿香花	flowers	食用花	assets/ingredients/ing-d0a77f9d5546.svg	False	True	True	1
ing-5968e7e8e384	墨西哥捲餅皮	墨西哥卷饼皮	bread_grain	谷物与烘焙	assets/ingredients/ing-5968e7e8e384.svg	False	True	False	5
ing-a33d27a14938	墨西哥玉米餅	墨西哥玉米饼	bread_grain	谷物与烘焙	assets/ingredients/ing-a33d27a14938.svg	False	True	False	7
ing-527d16e750e3	夏季松露	夏季松露	mushroom	菌菇	assets/ingredients/ing-527d16e750e3.svg	False	True	False	11
ing-55e077e37a95	夏季香薄荷	夏季香薄荷	herb	香草与叶片	assets/ingredients/ing-55e077e37a95.svg	False	True	False	8
ing-12ed128a47d4	夏蜜柑	夏蜜柑	citrus	柑橘	assets/ingredients/ing-12ed128a47d4.svg	False	True	False	8
ing-ae14e24547e9	多佛比目魚	多佛比目鱼	seafood	水产	assets/ingredients/ing-ae14e24547e9.svg	False	True	False	1
ing-73505901b126	多寶魚	多宝鱼	seafood	水产	assets/ingredients/ing-73505901b126.svg	False	True	True	17
ing-12346b3bc5ad	多香果	多香果	fruit	水果	assets/ingredients/ing-12346b3bc5ad.svg	False	True	False	21
ing-1d380dc8b533	大吉嶺茶	大吉岭茶	tea_coffee	茶与咖啡	assets/ingredients/ing-1d380dc8b533.svg	False	True	True	29
ing-0c16d92d674d	大扇貝	大扇贝	seafood	水产	assets/ingredients/ing-0c16d92d674d.svg	False	True	True	11
ing-c54d949cc5f3	大溪地香草	大溪地香草	spice	香辛料	assets/ingredients/ing-c54d949cc5f3.svg	False	True	True	36
ing-b7166df2a047	大茴香	大茴香	herb	香草与叶片	assets/ingredients/ing-b7166df2a047.svg	False	True	False	11
ing-2053d8521c93	大蒜	大蒜	vegetable	蔬菜与豆类	assets/ingredients/ing-2053d8521c93.svg	False	True	False	3
ing-ead026ae03f7	大蕉	大蕉	fruit	水果	assets/ingredients/ing-ead026ae03f7.svg	False	True	False	19
ing-e315115601f7	大蝦	大虾	seafood	水产	assets/ingredients/ing-e315115601f7.svg	False	True	False	7
ing-0f626df79db9	大西洋鮭魚排	大西洋鲑鱼排	seafood	水产	assets/ingredients/ing-0f626df79db9.svg	False	True	False	10
ing-1f560bd71a64	大豆	大豆	vegetable	蔬菜与豆类	assets/ingredients/ing-1f560bd71a64.svg	False	True	False	1
ing-5d33ba7129a0	大豆味噌	大豆味噌	condiment	酱料与调味	assets/ingredients/ing-5d33ba7129a0.svg	False	True	False	13
ing-26124b3e6bf5	大豆鮮奶油	大豆鲜奶油	dairy	乳品与蛋	assets/ingredients/ing-26124b3e6bf5.svg	False	True	False	4
ing-971468c5a725	大車前草	大车前草	herb	香草与叶片	assets/ingredients/ing-971468c5a725.svg	False	True	False	1
ing-a367beebcab4	大醬(韓國發酵大豆醬)	大酱(韩国发酵大豆酱)	condiment	酱料与调味	assets/ingredients/ing-a367beebcab4.svg	False	True	False	2
ing-00e5eb6bf4e4	大醬韓國發酵大豆醬	大酱韩国发酵大豆酱	condiment	酱料与调味	assets/ingredients/ing-00e5eb6bf4e4.svg	False	True	False	24
ing-a5e63e81abfb	大醬（韓國發酵大豆醬）	大酱（韩国发酵大豆酱）	condiment	酱料与调味	assets/ingredients/ing-a5e63e81abfb.svg	False	True	True	1
ing-bcdfe7f6057e	大頭菜	大头菜	vegetable	蔬菜与豆类	assets/ingredients/ing-bcdfe7f6057e.svg	False	True	True	2
ing-6b37a37de126	大馬士革玫瑰花瓣	大马士革玫瑰花瓣	flowers	食用花	assets/ingredients/ing-6b37a37de126.svg	False	True	False	1
ing-3d5f7cfcc250	大高良薑	大高良姜	spice	香辛料	assets/ingredients/ing-3d5f7cfcc250.svg	False	True	False	4
ing-57960ca06dc3	大麥芽	大麦芽	bread_grain	谷物与烘焙	assets/ingredients/ing-57960ca06dc3.svg	False	True	False	2
ing-bd34d51d1931	大麻籽	大麻籽	nuts_seeds	坚果与种子	assets/ingredients/ing-bd34d51d1931.svg	False	True	True	1
ing-5b04e1fa9dbc	大黃	大黄	vegetable	蔬菜与豆类	assets/ingredients/ing-5b04e1fa9dbc.svg	False	True	True	14
ing-6765c493257e	天堂椒	天堂椒	spice	香辛料	assets/ingredients/ing-6765c493257e.svg	False	True	False	1
ing-c34ba00a5101	奇亞籽	奇亚籽	nuts_seeds	坚果与种子	assets/ingredients/ing-c34ba00a5101.svg	False	True	False	1
ing-65c2fa6e5f43	奇峰蝕月蘭姆酒	奇峰蚀月兰姆酒	alcohol	酒与发酵饮品	assets/ingredients/ing-65c2fa6e5f43.svg	False	True	False	1
ing-f9bfb14ffe98	奇異果	奇异果	fruit	水果	assets/ingredients/ing-f9bfb14ffe98.svg	False	True	True	24
ing-6605f67426a6	奇異果汁	奇异果汁	fruit	水果	assets/ingredients/ing-6605f67426a6.svg	False	True	False	1
ing-c1ff63cfd9ea	奇異莓	奇异莓	fruit	水果	assets/ingredients/ing-c1ff63cfd9ea.svg	False	True	True	8
ing-e1227211a972	奇美藍比利時烈愛爾	奇美蓝比利时烈爱尔	alcohol	酒与发酵饮品	assets/ingredients/ing-e1227211a972.svg	False	True	False	1
ing-bcdced4f224d	奎東茄	奎东茄	vegetable	蔬菜与豆类	assets/ingredients/ing-bcdced4f224d.svg	False	True	True	6
ing-8875855bba07	奥勒岡草	奥勒冈草	herb	香草与叶片	assets/ingredients/ing-8875855bba07.svg	False	True	False	1
ing-bb05b3051e7d	奧勒岡草	奥勒冈草	herb	香草与叶片	assets/ingredients/ing-bb05b3051e7d.svg	False	True	False	10
ing-b0ae897e8771	奧維涅藍紋乳酪	奥维涅蓝纹乳酪	cheese	乳酪	assets/ingredients/ing-b0ae897e8771.svg	False	True	False	9
ing-ed3cdb192a56	奶油	奶油	oil	油脂	assets/ingredients/ing-ed3cdb192a56.svg	False	True	False	11
ing-6354a61df090	奶油乳酪	奶油乳酪	cheese	乳酪	assets/ingredients/ing-6354a61df090.svg	False	True	False	5
ing-5ab20dfda8e4	奶油焦糖	奶油焦糖	sweets	可可与甜味配料	assets/ingredients/ing-5ab20dfda8e4.svg	False	True	False	2
ing-24be92a48516	奶油糖香甜酒	奶油糖香甜酒	alcohol	酒与发酵饮品	assets/ingredients/ing-24be92a48516.svg	False	True	False	1
ing-0cd0336e7ce2	奶油菖苣	奶油莴苣	vegetable	蔬菜与豆类	assets/ingredients/ing-0cd0336e7ce2.svg	False	True	True	1
ing-6842a69ac5a4	奶油萬苣	奶油莴苣	vegetable	蔬菜与豆类	assets/ingredients/ing-6842a69ac5a4.svg	False	True	True	1
ing-8e1a8c1390d4	奶油蒿苣	奶油莴苣	vegetable	蔬菜与豆类	assets/ingredients/ing-8e1a8c1390d4.svg	False	True	True	1
ing-c90708c14c49	奶油薄餅比利時餅乾	奶油薄饼比利时饼干	oil	油脂	assets/ingredients/ing-c90708c14c49.svg	False	True	False	2
ing-3f481a064f73	奶油酥餅	奶油酥饼	oil	油脂	assets/ingredients/ing-3f481a064f73.svg	False	True	False	4
ing-ce49624b2865	奶油髙苣	奶油莴苣	vegetable	蔬菜与豆类	assets/ingredients/ing-ce49624b2865.svg	False	True	True	1
ing-2c528f41d923	奶油黄苣	奶油莴苣	vegetable	蔬菜与豆类	assets/ingredients/ing-2c528f41d923.svg	False	True	True	3
ing-1caf124c7ae8	威廉斯梨(巴梨)	威廉斯梨(巴梨)	fruit	水果	assets/ingredients/ing-1caf124c7ae8.svg	False	True	False	1
ing-439c2d6440d4	威廉斯梨巴梨	威廉斯梨巴梨	fruit	水果	assets/ingredients/ing-439c2d6440d4.svg	False	True	False	4
ing-4e0f20ef7cec	嫩薑	嫩姜	spice	香辛料	assets/ingredients/ing-4e0f20ef7cec.svg	False	True	False	3
ing-62234ba2a3f0	孜然籽	孜然籽	nuts_seeds	坚果与种子	assets/ingredients/ing-62234ba2a3f0.svg	False	True	False	8
ing-1327000851c0	安格斯牛	安格斯牛	meat	肉类	assets/ingredients/ing-1327000851c0.svg	False	True	False	1
ing-7b2326d15952	安格斯牛肉	安格斯牛肉	meat	肉类	assets/ingredients/ing-7b2326d15952.svg	False	True	False	3
ing-d5a814c7fc44	寇尼卡布拉橄欖油	寇尼卡布拉橄榄油	oil	油脂	assets/ingredients/ing-d5a814c7fc44.svg	False	True	False	2
ing-c8dd393b6d55	富士蘋果	富士苹果	fruit	水果	assets/ingredients/ing-c8dd393b6d55.svg	False	True	False	6
ing-e02b01d48612	小地榆葉	小地榆叶	herb	香草与叶片	assets/ingredients/ing-e02b01d48612.svg	False	True	False	2
ing-cd301577e6fd	小寶石芮苣	小宝石莴苣	vegetable	蔬菜与豆类	assets/ingredients/ing-cd301577e6fd.svg	False	True	True	1
ing-456d4099ded7	小寶石萬苣	小宝石莴苣	vegetable	蔬菜与豆类	assets/ingredients/ing-456d4099ded7.svg	False	True	True	3
ing-719d65142685	小寶石蒿苣	小宝石莴苣	vegetable	蔬菜与豆类	assets/ingredients/ing-719d65142685.svg	False	True	True	4
ing-18c936c00a7f	小寶石高苣	小宝石莴苣	vegetable	蔬菜与豆类	assets/ingredients/ing-18c936c00a7f.svg	False	True	True	1
ing-296dab510d9d	小寶石髙苣	小宝石莴苣	vegetable	蔬菜与豆类	assets/ingredients/ing-296dab510d9d.svg	False	True	True	1
ing-29483b2918b2	小牛高湯	小牛高汤	meat	肉类	assets/ingredients/ing-29483b2918b2.svg	False	True	True	5
ing-be4d0775b323	小白菜	小白菜	vegetable	蔬菜与豆类	assets/ingredients/ing-be4d0775b323.svg	False	True	False	6
ing-7ffab0120cb2	小高良薑	小高良姜	spice	香辛料	assets/ingredients/ing-7ffab0120cb2.svg	False	True	False	3
ing-23cbdb27059c	小麥草	小麦草	bread_grain	谷物与烘焙	assets/ingredients/ing-23cbdb27059c.svg	False	True	False	2
ing-6be20383c540	小麥麵包	小麦面包	bread_grain	谷物与烘焙	assets/ingredients/ing-6be20383c540.svg	False	True	False	10
ing-e571bba1956c	小麥麵包丁	小麦面包丁	bread_grain	谷物与烘焙	assets/ingredients/ing-e571bba1956c.svg	False	True	False	2
ing-d15e0dcd1fd6	尚貝里苦艾酒	尚贝里苦艾酒	alcohol	酒与发酵饮品	assets/ingredients/ing-d15e0dcd1fd6.svg	False	True	False	4
ing-bcdfc6ca23df	山桑子	山桑子	fruit	水果	assets/ingredients/ing-bcdfc6ca23df.svg	False	True	False	7
ing-b644e32bc47e	山楂果	山楂果	fruit	水果	assets/ingredients/ing-b644e32bc47e.svg	False	True	False	1
ing-95b143e58a98	山竹	山竹	fruit	水果	assets/ingredients/ing-95b143e58a98.svg	False	True	True	3
ing-549836293a1a	山羊	山羊	meat	肉类	assets/ingredients/ing-549836293a1a.svg	False	True	False	1
ing-cbeef0b1e995	山羊乳酪	山羊乳酪	cheese	乳酪	assets/ingredients/ing-cbeef0b1e995.svg	False	True	False	21
ing-9ddac4c4f0c3	山羊奶	山羊奶	dairy	乳品与蛋	assets/ingredients/ing-9ddac4c4f0c3.svg	False	True	False	6
ing-c23599da7e38	山葵	山葵	spice	香辛料	assets/ingredients/ing-c23599da7e38.svg	False	True	True	8
ing-66e26194818c	山葵葉	山葵叶	spice	香辛料	assets/ingredients/ing-66e26194818c.svg	False	True	True	1
ing-4f0faa1591c3	岩高蘭	岩高兰	fruit	水果	assets/ingredients/ing-4f0faa1591c3.svg	False	True	False	1
ing-aa364f22b196	岸蔥	岸葱	vegetable	蔬菜与豆类	assets/ingredients/ing-aa364f22b196.svg	False	True	True	5
ing-27744989be87	巧克力抹醬	巧克力抹酱	sweets	可可与甜味配料	assets/ingredients/ing-27744989be87.svg	False	True	False	5
ing-0f7970f6d8a4	巧克力牛奶	巧克力牛奶	dairy	乳品与蛋	assets/ingredients/ing-0f7970f6d8a4.svg	False	True	False	1
ing-5bcde0ca9b55	巧克力豆餅乾	巧克力豆饼干	sweets	可可与甜味配料	assets/ingredients/ing-5bcde0ca9b55.svg	False	True	False	1
ing-b074be93c044	巴庫里	巴库里	fruit	水果	assets/ingredients/ing-b074be93c044.svg	False	True	False	1
ing-f814eaf11475	巴斯德滅菌法山羊奶	巴斯德灭菌法山羊奶	dairy	乳品与蛋	assets/ingredients/ing-f814eaf11475.svg	False	True	False	12
ing-35b64533935e	巴斯德滅菌法番茄汁	巴斯德灭菌法番茄汁	vegetable	蔬菜与豆类	assets/ingredients/ing-35b64533935e.svg	False	True	True	21
ing-54cd0343eb95	巴薩米克醋	巴萨米克醋	vinegar	醋	assets/ingredients/ing-54cd0343eb95.svg	False	True	False	12
ing-b342f1d73b9b	巴西切葉蟻	巴西切叶蚁	insect	可食用昆虫	assets/ingredients/ing-b342f1d73b9b.svg	False	True	True	18
ing-e9785c53e600	巴西堅果	巴西坚果	nuts_seeds	坚果与种子	assets/ingredients/ing-e9785c53e600.svg	False	True	False	2
ing-5eaed7d392cd	巴西李子	巴西李子	fruit	水果	assets/ingredients/ing-5eaed7d392cd.svg	False	True	False	4
ing-67409eae6b5f	巴西牛臀排	巴西牛臀排	meat	肉类	assets/ingredients/ing-67409eae6b5f.svg	False	True	False	4
ing-b05c4c990d8d	巴西莓	巴西莓	fruit	水果	assets/ingredients/ing-b05c4c990d8d.svg	False	True	True	12
ing-244a4816fa15	巴魯堅果	巴鲁坚果	nuts_seeds	坚果与种子	assets/ingredients/ing-244a4816fa15.svg	False	True	False	1
ing-0914ff052935	布爾拉櫻桃	布尔拉樱桃	fruit	水果	assets/ingredients/ing-0914ff052935.svg	False	True	False	2
ing-3f08288efe68	布里乳酪	布里乳酪	cheese	乳酪	assets/ingredients/ing-3f08288efe68.svg	False	True	True	26
ing-be39ac17fb25	布里歐麵包	布里欧面包	bread_grain	谷物与烘焙	assets/ingredients/ing-be39ac17fb25.svg	False	True	False	16
ing-4402fd5b30e6	布雷本蘋果	布雷本苹果	fruit	水果	assets/ingredients/ing-4402fd5b30e6.svg	False	True	False	5
ing-1a7000a28ca6	希臘優格醬	希腊优格酱	dairy	乳品与蛋	assets/ingredients/ing-1a7000a28ca6.svg	False	True	True	1
ing-16e0f35b714d	帕爾馬	帕尔马	other	待分类	assets/ingredients/ing-16e0f35b714d.svg	False	True	True	1
ing-abaaa2bd711a	帕爾馬火腿	帕尔马火腿	meat	肉类	assets/ingredients/ing-abaaa2bd711a.svg	False	True	False	6
ing-de46ebc65e7d	帕瑪森乳酪	帕玛森乳酪	cheese	乳酪	assets/ingredients/ing-de46ebc65e7d.svg	False	True	False	11
ing-18170760cbae	帕瑪森類型乳酪	帕玛森类型乳酪	cheese	乳酪	assets/ingredients/ing-18170760cbae.svg	False	True	False	25
ing-2803bfc7ffa1	帕達諾乳酪	帕达诺乳酪	cheese	乳酪	assets/ingredients/ing-2803bfc7ffa1.svg	False	True	False	19
ing-7dd888ef2786	平葉香芹	平叶香芹	herb	香草与叶片	assets/ingredients/ing-7dd888ef2786.svg	False	True	True	17
ing-8a5e1a4f9bd7	年卜拉魚露	年卜拉鱼露	condiment	酱料与调味	assets/ingredients/ing-8a5e1a4f9bd7.svg	False	True	True	1
ing-370cd9f46522	年糕	年糕	bread_grain	谷物与烘焙	assets/ingredients/ing-370cd9f46522.svg	False	True	False	1
ing-ef29ea2e14ea	庫拉索酒	库拉索酒	alcohol	酒与发酵饮品	assets/ingredients/ing-ef29ea2e14ea.svg	False	True	False	1
ing-06b6a0bb1a82	彭勒維克乳酪	彭勒维克乳酪	cheese	乳酪	assets/ingredients/ing-06b6a0bb1a82.svg	False	True	False	2
ing-b8a1f0ad1304	德國白蘭地（Mariacron Weinbrand）	德国白兰地（Mariacron Weinbrand）	alcohol	酒与发酵饮品	assets/ingredients/ing-b8a1f0ad1304.svg	False	True	True	1
ing-a71781d9e05d	德國酸菜	德国酸菜	condiment	酱料与调味	assets/ingredients/ing-a71781d9e05d.svg	False	True	False	3
ing-db3f15838005	成熟切建乳酪	成熟切达乳酪	cheese	乳酪	assets/ingredients/ing-db3f15838005.svg	False	True	True	1
ing-8785d8104f80	成熟切達乳酪	成熟切达乳酪	cheese	乳酪	assets/ingredients/ing-8785d8104f80.svg	False	True	False	19
ing-210031ce2ad1	扇貝	扇贝	seafood	水产	assets/ingredients/ing-210031ce2ad1.svg	False	True	False	1
ing-4dd5823aefa6	托隆糖	托隆糖	sweets	可可与甜味配料	assets/ingredients/ing-4dd5823aefa6.svg	False	True	False	1
ing-bde22a985066	托隆糖義大利牛軋糖	托隆糖义大利牛轧糖	sweets	可可与甜味配料	assets/ingredients/ing-bde22a985066.svg	False	True	False	1
ing-17b0c3c9c046	抱子甘藍	抱子甘蓝	vegetable	蔬菜与豆类	assets/ingredients/ing-17b0c3c9c046.svg	False	True	True	4
ing-fa67a660d4b7	抹茶	抹茶	tea_coffee	茶与咖啡	assets/ingredients/ing-fa67a660d4b7.svg	False	True	False	11
ing-ec4f36e3b7a4	拉克酒	拉克酒	alcohol	酒与发酵饮品	assets/ingredients/ing-ec4f36e3b7a4.svg	False	True	False	1
ing-69c3272b3871	拉古薩諾乳酪	拉古萨诺乳酪	cheese	乳酪	assets/ingredients/ing-69c3272b3871.svg	False	True	False	4
ing-fe7f9f06adff	拉賓斯櫻桃	拉宾斯樱桃	fruit	水果	assets/ingredients/ing-fe7f9f06adff.svg	False	True	False	7
ing-55db84208448	拖鞋麵包	拖鞋面包	bread_grain	谷物与烘焙	assets/ingredients/ing-55db84208448.svg	False	True	True	16
ing-41d6c62f4a4a	拜雍火腿	拜雍火腿	meat	肉类	assets/ingredients/ing-41d6c62f4a4a.svg	False	True	False	30
ing-f89bf0a874d1	拿破崙香橙干邑香甜酒	拿破仑香橙干邑香甜酒	alcohol	酒与发酵饮品	assets/ingredients/ing-f89bf0a874d1.svg	False	True	True	4
ing-a87a8703127d	指橙	指橙	citrus	柑橘	assets/ingredients/ing-a87a8703127d.svg	False	True	False	1
ing-f1c6d793fd68	接骨木花	接骨木花	flowers	食用花	assets/ingredients/ing-f1c6d793fd68.svg	False	True	False	22
ing-086a4d52795a	接骨木莓	接骨木莓	fruit	水果	assets/ingredients/ing-086a4d52795a.svg	False	True	False	17
ing-10b7d3314920	接骨木莓汁	接骨木莓汁	fruit	水果	assets/ingredients/ing-10b7d3314920.svg	False	True	True	9
ing-2719620dbb61	摩洛哥初榨橄欖油	摩洛哥初榨橄榄油	oil	油脂	assets/ingredients/ing-2719620dbb61.svg	False	True	False	2
ing-c7cbed4c845a	摩洛血橙	摩洛血橙	citrus	柑橘	assets/ingredients/ing-c7cbed4c845a.svg	False	True	True	10
ing-1fcd554f3b2c	摩洛血橙汁	摩洛血橙汁	citrus	柑橘	assets/ingredients/ing-1fcd554f3b2c.svg	False	True	False	1
ing-aa266329115b	斐濟果	斐济果	fruit	水果	assets/ingredients/ing-aa266329115b.svg	False	True	False	2
ing-c3fab2063f4c	斑豆	斑豆	vegetable	蔬菜与豆类	assets/ingredients/ing-c3fab2063f4c.svg	False	True	False	3
ing-025b9f149e6e	斗篷草葉	斗篷草叶	herb	香草与叶片	assets/ingredients/ing-025b9f149e6e.svg	False	True	False	1
ing-2ca7618cb287	新鮮奶油乳酪	新鲜奶油乳酪	cheese	乳酪	assets/ingredients/ing-2ca7618cb287.svg	False	True	False	3
ing-45fc2cfa344e	新鮮番茄汁	新鲜番茄汁	vegetable	蔬菜与豆类	assets/ingredients/ing-45fc2cfa344e.svg	False	True	True	4
ing-14901ef6e737	新鮮薰衣草花	新鲜薰衣草花	flowers	食用花	assets/ingredients/ing-14901ef6e737.svg	False	True	False	10
ing-7f3490dde368	新鮮薰衣草葉	新鲜薰衣草叶	flowers	食用花	assets/ingredients/ing-7f3490dde368.svg	False	True	True	9
ing-adabc381e2e0	新鮮食用玫瑰花瓣	新鲜食用玫瑰花瓣	flowers	食用花	assets/ingredients/ing-adabc381e2e0.svg	False	True	False	27
ing-481616105b29	新鮮食用花瓣	新鲜食用花瓣	flowers	食用花	assets/ingredients/ing-481616105b29.svg	False	True	False	1
ing-3226b9e69705	新鮮香菜	新鲜香菜	vegetable	蔬菜与豆类	assets/ingredients/ing-3226b9e69705.svg	False	True	False	2
ing-a49e7968d931	日向夏	日向夏	citrus	柑橘	assets/ingredients/ing-a49e7968d931.svg	False	True	False	1
ing-9856cb0f4ffd	日曬香蕉乾	日晒香蕉干	fruit	水果	assets/ingredients/ing-9856cb0f4ffd.svg	False	True	False	1
ing-d4128e00662b	日本梅子	日本梅子	fruit	水果	assets/ingredients/ing-d4128e00662b.svg	False	True	True	18
ing-3f562aeac9f9	日本梅干	日本梅干	fruit	水果	assets/ingredients/ing-3f562aeac9f9.svg	False	True	False	1
ing-57916d1a3d82	日本梅酒	日本梅酒	alcohol	酒与发酵饮品	assets/ingredients/ing-57916d1a3d82.svg	False	True	False	4
ing-c26f41bfd164	日本蘿蔔	日本萝卜	vegetable	蔬菜与豆类	assets/ingredients/ing-c26f41bfd164.svg	False	True	False	14
ing-044ae3b88f76	日本醬油	日本酱油	condiment	酱料与调味	assets/ingredients/ing-044ae3b88f76.svg	False	True	False	15
ing-2fae8c9cdd39	日本魚露	日本鱼露	condiment	酱料与调味	assets/ingredients/ing-2fae8c9cdd39.svg	False	True	False	4
ing-723dad3e8f66	昂貝爾乳酪	昂贝尔乳酪	cheese	乳酪	assets/ingredients/ing-723dad3e8f66.svg	False	True	False	4
ing-875a9325537d	昆布	昆布	seaweed	海藻	assets/ingredients/ing-875a9325537d.svg	False	True	True	17
ing-78f90ae94599	普列薄荷	普列薄荷	herb	香草与叶片	assets/ingredients/ing-78f90ae94599.svg	False	True	False	1
ing-0a98937687de	普利茅斯琴酒	普利茅斯琴酒	alcohol	酒与发酵饮品	assets/ingredients/ing-0a98937687de.svg	False	True	False	6
ing-ba38e2485d74	普通百里香	普通百里香	herb	香草与叶片	assets/ingredients/ing-ba38e2485d74.svg	False	True	False	1
ing-99973649ff72	普逵酒發酵龍舌蘭飲	普逵酒发酵龙舌兰饮	alcohol	酒与发酵饮品	assets/ingredients/ing-99973649ff72.svg	False	True	False	1
ing-6fa0e0932a3c	曼加巴果	曼加巴果	fruit	水果	assets/ingredients/ing-6fa0e0932a3c.svg	False	True	False	1
ing-97b77547dd34	曼徹格乳酪	曼彻格乳酪	cheese	乳酪	assets/ingredients/ing-97b77547dd34.svg	False	True	False	10
ing-974d9d25bbe7	曼斯特乳酪	曼斯特乳酪	cheese	乳酪	assets/ingredients/ing-974d9d25bbe7.svg	False	True	True	3
ing-1962c1defb35	曼沙尼雅橄欖油	曼沙尼雅橄榄油	oil	油脂	assets/ingredients/ing-1962c1defb35.svg	False	True	True	1
ing-b6066d44e775	曼莎尼雅初榨橄欖油	曼莎尼雅初榨橄榄油	oil	油脂	assets/ingredients/ing-b6066d44e775.svg	False	True	False	1
ing-5826dbbf0b67	曼莎尼雅橄欖	曼莎尼雅橄榄	vegetable	蔬菜与豆类	assets/ingredients/ing-5826dbbf0b67.svg	False	True	False	1
ing-d8ee9165ed25	會議梨	会议梨	fruit	水果	assets/ingredients/ing-d8ee9165ed25.svg	False	True	False	22
ing-8a489656c814	月桂葉	月桂叶	herb	香草与叶片	assets/ingredients/ing-8a489656c814.svg	False	True	False	1
ing-0a715da17965	朝鮮薊泥	朝鲜蓟泥	vegetable	蔬菜与豆类	assets/ingredients/ing-0a715da17965.svg	False	True	False	1
ing-fe70c1ad19f8	期甜菜	煎甜菜	vegetable	蔬菜与豆类	assets/ingredients/ing-fe70c1ad19f8.svg	False	True	True	1
ing-99dd4fe4668c	木槿花	木槿花	flowers	食用花	assets/ingredients/ing-99dd4fe4668c.svg	False	True	True	10
ing-a80eafd52124	木橘	木橘	citrus	柑橘	assets/ingredients/ing-a80eafd52124.svg	False	True	False	1
ing-726cedae44b0	木瓜	木瓜	fruit	水果	assets/ingredients/ing-726cedae44b0.svg	False	True	True	28
ing-d639199126c2	木薯	木薯	vegetable	蔬菜与豆类	assets/ingredients/ing-d639199126c2.svg	False	True	False	1
ing-1879ae3e2929	木薯片	木薯片	vegetable	蔬菜与豆类	assets/ingredients/ing-1879ae3e2929.svg	False	True	False	1
ing-9c6c7b3bc895	杉布卡茴香酒	杉布卡茴香酒	alcohol	酒与发酵饮品	assets/ingredients/ing-9c6c7b3bc895.svg	False	True	False	2
ing-29913aea852f	李子	李子	fruit	水果	assets/ingredients/ing-29913aea852f.svg	False	True	True	8
ing-93f2b94b4412	李子汁	李子汁	fruit	水果	assets/ingredients/ing-93f2b94b4412.svg	False	True	False	1
ing-71412f5b9e0c	李子白蘭地	李子白兰地	alcohol	酒与发酵饮品	assets/ingredients/ing-71412f5b9e0c.svg	False	True	False	2
ing-5110bb140b3f	李杏	李杏	fruit	水果	assets/ingredients/ing-5110bb140b3f.svg	False	True	True	11
ing-423d45adea4b	杏仁	杏仁	nuts_seeds	坚果与种子	assets/ingredients/ing-423d45adea4b.svg	False	True	False	21
ing-350aa5253fa9	杏仁榛果抹醬	杏仁榛果抹酱	nuts_seeds	坚果与种子	assets/ingredients/ing-350aa5253fa9.svg	False	True	False	2
ing-7a07d5a86ee5	杏仁榛果醬	杏仁榛果酱	nuts_seeds	坚果与种子	assets/ingredients/ing-7a07d5a86ee5.svg	False	True	False	1
ing-69fd828605d2	杏仁粉	杏仁粉	nuts_seeds	坚果与种子	assets/ingredients/ing-69fd828605d2.svg	False	True	False	1
ing-50096671bf40	杏仁茶	杏仁茶	tea_coffee	茶与咖啡	assets/ingredients/ing-50096671bf40.svg	False	True	False	3
ing-4308bae4f24f	杏仁薄脆餅乾	杏仁薄脆饼干	nuts_seeds	坚果与种子	assets/ingredients/ing-4308bae4f24f.svg	False	True	False	4
ing-3de5bad3d3a0	杏仁香甜酒	杏仁香甜酒	alcohol	酒与发酵饮品	assets/ingredients/ing-3de5bad3d3a0.svg	False	True	False	3
ing-93cb512937c0	杏桃	杏桃	fruit	水果	assets/ingredients/ing-93cb512937c0.svg	False	True	True	34
ing-6eef0ba1edd3	杏桃汁	杏桃汁	fruit	水果	assets/ingredients/ing-6eef0ba1edd3.svg	False	True	False	1
ing-00fea8892d1b	杏桃白蘭地	杏桃白兰地	alcohol	酒与发酵饮品	assets/ingredients/ing-00fea8892d1b.svg	False	True	False	3
ing-370c3168d409	杜古比酱	杜古比酱	condiment	酱料与调味	assets/ingredients/ing-370c3168d409.svg	False	True	False	1
ing-d10827021a34	杜古比醬	杜古比酱	condiment	酱料与调味	assets/ingredients/ing-d10827021a34.svg	False	True	False	7
ing-235fd4b5ec1a	杜威啤酒	杜威啤酒	alcohol	酒与发酵饮品	assets/ingredients/ing-235fd4b5ec1a.svg	False	True	False	3
ing-49555b04892c	杜松子	杜松子	nuts_seeds	坚果与种子	assets/ingredients/ing-49555b04892c.svg	False	True	False	1
ing-0b08f7e63697	杜松子酒	杜松子酒	alcohol	酒与发酵饮品	assets/ingredients/ing-0b08f7e63697.svg	False	True	False	2
ing-81bbfad53bad	杜蘭小麥酸種麵包	杜兰小麦酸种面包	bread_grain	谷物与烘焙	assets/ingredients/ing-81bbfad53bad.svg	False	True	False	1
ing-a1de5e4170c3	杜隆多梨	杜隆多梨	fruit	水果	assets/ingredients/ing-a1de5e4170c3.svg	False	True	False	1
ing-4f437434471b	東奇初榨橄欖油	东奇初榨橄榄油	oil	油脂	assets/ingredients/ing-4f437434471b.svg	False	True	False	1
ing-715f73b09fce	東方美人茶白毫烏龍	东方美人茶白毫乌龙	tea_coffee	茶与咖啡	assets/ingredients/ing-715f73b09fce.svg	False	True	False	1
ing-8bfc36949d1a	松塞爾	松塞尔	alcohol	酒与发酵饮品	assets/ingredients/ing-8bfc36949d1a.svg	False	True	True	1
ing-8d5da74d031e	松子	松子	nuts_seeds	坚果与种子	assets/ingredients/ing-8d5da74d031e.svg	False	True	True	12
ing-b57a6f08938d	松茸	松茸	mushroom	菌菇	assets/ingredients/ing-b57a6f08938d.svg	False	True	False	2
ing-2d00bdf84eb3	松藻	松藻	seaweed	海藻	assets/ingredients/ing-2d00bdf84eb3.svg	False	True	True	18
ing-8247acf2030d	松針	松针	herb	香草与叶片	assets/ingredients/ing-8247acf2030d.svg	False	True	False	1
ing-83923b23c9b8	枇杷	枇杷	fruit	水果	assets/ingredients/ing-83923b23c9b8.svg	False	True	False	5
ing-10b875f96bdd	果泥香橙	果泥香橙	citrus	柑橘	assets/ingredients/ing-10b875f96bdd.svg	False	True	False	1
ing-fde640f0bf57	枝樹蜜	桉树蜜	sweets	可可与甜味配料	assets/ingredients/ing-fde640f0bf57.svg	False	True	True	1
ing-c93258672256	枝葉茶	桉叶茶	tea_coffee	茶与咖啡	assets/ingredients/ing-c93258672256.svg	False	True	True	1
ing-28ae6634555c	枸杞	枸杞	fruit	水果	assets/ingredients/ing-28ae6634555c.svg	False	True	False	1
ing-9ef8346f7304	柚子	柚子	citrus	柑橘	assets/ingredients/ing-9ef8346f7304.svg	False	True	True	20
ing-5eb5b2f3b766	柚子皮	柚子皮	citrus	柑橘	assets/ingredients/ing-5eb5b2f3b766.svg	False	True	True	2
ing-09ba86a455b8	柳橙	柳橙	citrus	柑橘	assets/ingredients/ing-09ba86a455b8.svg	False	True	True	21
ing-9f356db5121c	柳橙汁	柳橙汁	citrus	柑橘	assets/ingredients/ing-9f356db5121c.svg	False	True	False	12
ing-9a88e195ca5e	柳橙酒水果酒	柳橙酒水果酒	alcohol	酒与发酵饮品	assets/ingredients/ing-9a88e195ca5e.svg	False	True	False	2
ing-e42b5ce8d174	柴魚片	柴鱼片	seafood	水产	assets/ingredients/ing-e42b5ce8d174.svg	False	True	False	1
ing-41ecfe1ee941	柿子	柿子	fruit	水果	assets/ingredients/ing-41ecfe1ee941.svg	False	True	True	7
ing-ed3e0b9b5003	栗子蜂蜜	栗子蜂蜜	sweets	可可与甜味配料	assets/ingredients/ing-ed3e0b9b5003.svg	False	True	False	1
ing-1e83197166dd	校樹	桉树	other	待分类	assets/ingredients/ing-1e83197166dd.svg	False	True	True	2
ing-c449bc4f1ee3	校樹蜜	桉树蜜	sweets	可可与甜味配料	assets/ingredients/ing-c449bc4f1ee3.svg	False	True	True	5
ing-c7a897444f3d	核桃	核桃	nuts_seeds	坚果与种子	assets/ingredients/ing-c7a897444f3d.svg	False	True	True	16
ing-89b07bb7b91a	核桃粉	核桃粉	nuts_seeds	坚果与种子	assets/ingredients/ing-89b07bb7b91a.svg	False	True	False	1
ing-3b7077e0c847	根特火腿	根特火腿	meat	肉类	assets/ingredients/ing-3b7077e0c847.svg	False	True	False	5
ing-5777f1c360b2	格賴沃特櫻桃	格赖沃特樱桃	fruit	水果	assets/ingredients/ing-5777f1c360b2.svg	False	True	False	2
ing-5c6cef3e8119	格里歐汀	格里欧汀	fruit	水果	assets/ingredients/ing-5c6cef3e8119.svg	False	True	False	1
ing-47ff41354c06	格里歐汀酒漬莫利洛黑櫻桃	格里欧汀酒渍莫利洛黑樱桃	alcohol	酒与发酵饮品	assets/ingredients/ing-47ff41354c06.svg	False	True	False	1
ing-82018c8dd99a	桂皮(中國肉桂)	桂皮(中国肉桂)	spice	香辛料	assets/ingredients/ing-82018c8dd99a.svg	False	True	False	1
ing-59bd3a069ba6	桂皮中國肉桂	桂皮中国肉桂	spice	香辛料	assets/ingredients/ing-59bd3a069ba6.svg	False	True	False	20
ing-f64aa7ce11b4	桂皮（中國肉桂）	桂皮（中国肉桂）	spice	香辛料	assets/ingredients/ing-f64aa7ce11b4.svg	False	True	True	2
ing-0fe9ed3a6b78	桃子	桃子	fruit	水果	assets/ingredients/ing-0fe9ed3a6b78.svg	False	True	False	35
ing-6adb78ba4357	桃子汁	桃子汁	fruit	水果	assets/ingredients/ing-6adb78ba4357.svg	False	True	False	2
ing-4819f05f7300	桃子香甜酒	桃子香甜酒	alcohol	酒与发酵饮品	assets/ingredients/ing-4819f05f7300.svg	False	True	False	1
ing-480bf98d9cd3	桑根	桑根	herb	香草与叶片	assets/ingredients/ing-480bf98d9cd3.svg	False	True	False	2
ing-3ea684e1a4fd	桑桑酒	桑桑酒	alcohol	酒与发酵饮品	assets/ingredients/ing-3ea684e1a4fd.svg	False	True	False	1
ing-2f47ad0df57b	桑植	桑椹	other	待分类	assets/ingredients/ing-2f47ad0df57b.svg	False	True	True	2
ing-2b0c1756d7b2	桑樞	桑椹	other	待分类	assets/ingredients/ing-2b0c1756d7b2.svg	False	True	True	4
ing-31833aaf6f7f	梅塔莎五星白蘭地	梅塔莎五星白兰地	alcohol	酒与发酵饮品	assets/ingredients/ing-31833aaf6f7f.svg	False	True	False	1
ing-757da5e757d1	梅爾檸檬皮	梅尔柠檬皮	citrus	柑橘	assets/ingredients/ing-757da5e757d1.svg	False	True	False	2
ing-a49d8c639dd1	梅爾檸檬皮屑	梅尔柠檬皮屑	citrus	柑橘	assets/ingredients/ing-a49d8c639dd1.svg	False	True	False	1
ing-4d155b5045c6	梅茲卡爾酒	梅兹卡尔酒	alcohol	酒与发酵饮品	assets/ingredients/ing-4d155b5045c6.svg	False	True	False	7
ing-6449ae42f938	梨子	梨子	fruit	水果	assets/ingredients/ing-6449ae42f938.svg	False	True	False	17
ing-eaad8cd79bdd	梨子汁	梨子汁	fruit	水果	assets/ingredients/ing-eaad8cd79bdd.svg	False	True	True	2
ing-7510797db0d0	梨木煙	梨木烟	fruit	水果	assets/ingredients/ing-7510797db0d0.svg	False	True	False	1
ing-0b4924da1df3	梨木煙燻	梨木烟熏	fruit	水果	assets/ingredients/ing-0b4924da1df3.svg	False	True	False	4
ing-b35cce89071a	梨汁	梨汁	fruit	水果	assets/ingredients/ing-b35cce89071a.svg	False	True	False	1
ing-300be31967fb	棕櫚糖	棕榈糖	sweets	可可与甜味配料	assets/ingredients/ing-300be31967fb.svg	False	True	False	3
ing-b84c925568d0	棗子	枣子	fruit	水果	assets/ingredients/ing-b84c925568d0.svg	False	True	True	8
ing-570e567250b1	植物學家艾雷島琴酒	植物学家艾雷岛琴酒	alcohol	酒与发酵饮品	assets/ingredients/ing-570e567250b1.svg	False	True	False	1
ing-d7741fb66511	椰奶	椰奶	dairy	乳品与蛋	assets/ingredients/ing-d7741fb66511.svg	False	True	False	1
ing-7e29ba7e06c2	椰子	椰子	fruit	水果	assets/ingredients/ing-7e29ba7e06c2.svg	False	True	False	19
ing-3635d0cca9c7	椰子水	椰子水	fruit	水果	assets/ingredients/ing-3635d0cca9c7.svg	False	True	False	11
ing-4c0fa5c3fd03	椰子脂	椰子脂	oil	油脂	assets/ingredients/ing-4c0fa5c3fd03.svg	False	True	True	1
ing-396c1b8a6247	椰子飲	椰子饮	fruit	水果	assets/ingredients/ing-396c1b8a6247.svg	False	True	False	2
ing-dafb13067f4f	楊桃	杨桃	fruit	水果	assets/ingredients/ing-dafb13067f4f.svg	False	True	False	6
ing-b3026894ba1a	楓糖漿	枫糖浆	sweets	可可与甜味配料	assets/ingredients/ing-b3026894ba1a.svg	False	True	False	3
ing-3f9aac8b132d	極乾白波特	极干白波特	alcohol	酒与发酵饮品	assets/ingredients/ing-3f9aac8b132d.svg	False	True	True	1
ing-97d9c081fd7f	榛果	榛果	nuts_seeds	坚果与种子	assets/ingredients/ing-97d9c081fd7f.svg	False	True	True	17
ing-56da10413cb7	榛果抹醬	榛果抹酱	nuts_seeds	坚果与种子	assets/ingredients/ing-56da10413cb7.svg	False	True	False	6
ing-0acd537615b7	榛果油	榛果油	oil	油脂	assets/ingredients/ing-0acd537615b7.svg	False	True	False	3
ing-f71f3e540461	榛果粉	榛果粉	nuts_seeds	坚果与种子	assets/ingredients/ing-f71f3e540461.svg	False	True	False	1
ing-a70239a73e26	榴樋蜜	榴梿蜜	fruit	水果	assets/ingredients/ing-a70239a73e26.svg	False	True	True	1
ing-6da7c5eaf986	樋柑	椪柑	citrus	柑橘	assets/ingredients/ing-6da7c5eaf986.svg	False	True	True	1
ing-ca28d943a706	樱桃番茄	樱桃番茄	vegetable	蔬菜与豆类	assets/ingredients/ing-ca28d943a706.svg	False	True	False	1
ing-d875c7c92594	樱桃白蘭地	樱桃白兰地	alcohol	酒与发酵饮品	assets/ingredients/ing-d875c7c92594.svg	False	True	False	1
ing-6e57278b84b3	樹艾	树艾	herb	香草与叶片	assets/ingredients/ing-6e57278b84b3.svg	False	True	False	1
ing-bc7d2ed92277	橄欖油	橄榄油	oil	油脂	assets/ingredients/ing-bc7d2ed92277.svg	False	True	False	2
ing-d8816dfefa54	橘子	橘子	citrus	柑橘	assets/ingredients/ing-d8816dfefa54.svg	False	True	False	9
ing-4f1db73c9859	橘子泥	橘子泥	citrus	柑橘	assets/ingredients/ing-4f1db73c9859.svg	False	True	False	1
ing-505fa8ab7f42	橘子皮	橘子皮	citrus	柑橘	assets/ingredients/ing-505fa8ab7f42.svg	False	True	False	12
ing-dd46442fcc0e	橘色番茄	橘色番茄	vegetable	蔬菜与豆类	assets/ingredients/ing-dd46442fcc0e.svg	False	True	False	3
ing-6512fdb573aa	橘蘋	橘苹	citrus	柑橘	assets/ingredients/ing-6512fdb573aa.svg	False	True	True	3
ing-ec5a8bfa3b69	橙皮	橙皮	citrus	柑橘	assets/ingredients/ing-ec5a8bfa3b69.svg	False	True	False	16
ing-f2223244c847	橙花	橙花	citrus	柑橘	assets/ingredients/ing-f2223244c847.svg	False	True	False	1
ing-34d37d1edc06	橙花水	橙花水	citrus	柑橘	assets/ingredients/ing-34d37d1edc06.svg	False	True	False	1
ing-ed9758f47106	檸橡皮	柠檬皮	citrus	柑橘	assets/ingredients/ing-ed9758f47106.svg	False	True	True	1
ing-5e3cd6bef7d2	檸檬	柠檬	citrus	柑橘	assets/ingredients/ing-5e3cd6bef7d2.svg	False	True	False	10
ing-7812ac8409f8	檸檬伏特加	柠檬伏特加	alcohol	酒与发酵饮品	assets/ingredients/ing-7812ac8409f8.svg	False	True	False	3
ing-e8f31efbe1cf	檸檬味天竺葵花	柠檬味天竺葵花	herb	香草与叶片	assets/ingredients/ing-e8f31efbe1cf.svg	False	True	False	1
ing-e018286b49cb	檸檬味天竺葵葉	柠檬味天竺葵叶	herb	香草与叶片	assets/ingredients/ing-e018286b49cb.svg	False	True	False	2
ing-2bfcb7ed141c	檸檬塔	柠檬塔	citrus	柑橘	assets/ingredients/ing-2bfcb7ed141c.svg	False	True	False	5
ing-6f483bcea699	檸檬汁	柠檬汁	citrus	柑橘	assets/ingredients/ing-6f483bcea699.svg	False	True	True	2
ing-590bfbce3172	檸檬皮	柠檬皮	citrus	柑橘	assets/ingredients/ing-590bfbce3172.svg	False	True	False	7
ing-dfa57b0fb8f9	檸檬皮屑	柠檬皮屑	citrus	柑橘	assets/ingredients/ing-dfa57b0fb8f9.svg	False	True	False	4
ing-fd5aba870e4f	檸檬萊姆蘇打水	柠檬莱姆苏打水	tea_coffee	茶与咖啡	assets/ingredients/ing-fd5aba870e4f.svg	False	True	False	1
ing-7fad758be570	檸檬馬鞭草	柠檬马鞭草	herb	香草与叶片	assets/ingredients/ing-7fad758be570.svg	False	True	False	8
ing-61cbcda74e9b	櫛瓜	栉瓜	vegetable	蔬菜与豆类	assets/ingredients/ing-61cbcda74e9b.svg	False	True	True	8
ing-c66df5f09038	櫻桃木煙燻	樱桃木烟熏	fruit	水果	assets/ingredients/ing-c66df5f09038.svg	False	True	False	5
ing-23ece4c3aa8b	櫻桃果醬	樱桃果酱	condiment	酱料与调味	assets/ingredients/ing-23ece4c3aa8b.svg	False	True	False	2
ing-763471ec1d3f	櫻桃番茄	樱桃番茄	vegetable	蔬菜与豆类	assets/ingredients/ing-763471ec1d3f.svg	False	True	False	12
ing-6877280c2caa	櫻桃白蘭地	樱桃白兰地	alcohol	酒与发酵饮品	assets/ingredients/ing-6877280c2caa.svg	False	True	False	3
ing-281bee03a5cf	歐洲月桂葉	欧洲月桂叶	herb	香草与叶片	assets/ingredients/ing-281bee03a5cf.svg	False	True	False	3
ing-e5f73015d128	歐洲鱸魚	欧洲鲈鱼	seafood	水产	assets/ingredients/ing-e5f73015d128.svg	False	True	False	9
ing-f1f3e6d5a5aa	正山小種茶	正山小种茶	tea_coffee	茶与咖啡	assets/ingredients/ing-f1f3e6d5a5aa.svg	False	True	False	2
ing-68fc634780e9	比利時白啤酒	比利时白啤酒	alcohol	酒与发酵饮品	assets/ingredients/ing-68fc634780e9.svg	False	True	False	1
ing-e6dfdc915f36	比利時蓮花餅乾	比利时莲花饼干	bread_grain	谷物与烘焙	assets/ingredients/ing-e6dfdc915f36.svg	False	True	False	1
ing-a620962e36d0	毛豆	毛豆	vegetable	蔬菜与豆类	assets/ingredients/ing-a620962e36d0.svg	False	True	False	12
ing-110ad8e61183	水煮佛手瓜	水煮佛手瓜	vegetable	蔬菜与豆类	assets/ingredients/ing-110ad8e61183.svg	False	True	True	8
ing-192e424ba992	水煮冬南瓜	水煮冬南瓜	vegetable	蔬菜与豆类	assets/ingredients/ing-192e424ba992.svg	False	True	False	38
ing-16e0f6029b63	水煮冬瓜	水煮冬瓜	vegetable	蔬菜与豆类	assets/ingredients/ing-16e0f6029b63.svg	False	True	False	3
ing-f01d6c6b45a9	水煮南瓜	水煮南瓜	vegetable	蔬菜与豆类	assets/ingredients/ing-f01d6c6b45a9.svg	False	True	True	25
ing-f198b5939673	水煮去皮甜菜	水煮去皮甜菜	vegetable	蔬菜与豆类	assets/ingredients/ing-f198b5939673.svg	False	True	True	18
ing-b7a4bf81ab49	水煮古曼丁馬鈴薯	水煮古曼丁马铃薯	vegetable	蔬菜与豆类	assets/ingredients/ing-b7a4bf81ab49.svg	False	True	False	1
ing-996b55220c98	水煮四季豆	水煮四季豆	vegetable	蔬菜与豆类	assets/ingredients/ing-996b55220c98.svg	False	True	True	22
ing-afa70c851188	水煮朝鮮薊	水煮朝鲜蓟	vegetable	蔬菜与豆类	assets/ingredients/ing-afa70c851188.svg	False	True	True	41
ing-2da6b7ea3dc5	水煮木薯	水煮木薯	vegetable	蔬菜与豆类	assets/ingredients/ing-2da6b7ea3dc5.svg	False	True	False	5
ing-b8b522d856fb	水煮櫛瓜	水煮栉瓜	vegetable	蔬菜与豆类	assets/ingredients/ing-b8b522d856fb.svg	False	True	True	5
ing-abbf17a5028f	水煮毛蟹	水煮毛蟹	seafood	水产	assets/ingredients/ing-abbf17a5028f.svg	False	True	False	5
ing-0e107c9b1201	水煮火腿	水煮火腿	meat	肉类	assets/ingredients/ing-0e107c9b1201.svg	False	True	False	11
ing-6db06975b5b2	水煮烏賊	水煮乌贼	seafood	水产	assets/ingredients/ing-6db06975b5b2.svg	False	True	False	9
ing-624b08b9aff5	水煮牛肉	水煮牛肉	meat	肉类	assets/ingredients/ing-624b08b9aff5.svg	False	True	False	10
ing-2ac48605e7db	水煮甜玉米	水煮甜玉米	vegetable	蔬菜与豆类	assets/ingredients/ing-2ac48605e7db.svg	False	True	False	2
ing-df22e94c9c62	水煮甜菜	水煮甜菜	vegetable	蔬菜与豆类	assets/ingredients/ing-df22e94c9c62.svg	False	True	True	8
ing-1bc087624554	水煮番薯	水煮番薯	vegetable	蔬菜与豆类	assets/ingredients/ing-1bc087624554.svg	False	True	False	10
ing-9fed3cf81ec9	水煮竹筍	水煮竹笋	vegetable	蔬菜与豆类	assets/ingredients/ing-9fed3cf81ec9.svg	False	True	False	4
ing-3c0c8f904947	水煮紫番薯	水煮紫番薯	vegetable	蔬菜与豆类	assets/ingredients/ing-3c0c8f904947.svg	False	True	False	6
ing-34371cf37bc9	水煮羊肉	水煮羊肉	meat	肉类	assets/ingredients/ing-34371cf37bc9.svg	False	True	False	6
ing-18ad3222db66	水煮耶路撒冷朝鮮薊	水煮耶路撒冷朝鲜蓟	vegetable	蔬菜与豆类	assets/ingredients/ing-18ad3222db66.svg	False	True	True	5
ing-b3b97676a5c8	水煮胡蘿蔔	水煮胡萝卜	vegetable	蔬菜与豆类	assets/ingredients/ing-b3b97676a5c8.svg	False	True	True	14
ing-207fc4c91a0a	水煮芋頭	水煮芋头	vegetable	蔬菜与豆类	assets/ingredients/ing-207fc4c91a0a.svg	False	True	False	2
ing-7bc024833764	水煮花椰菜	水煮花椰菜	vegetable	蔬菜与豆类	assets/ingredients/ing-7bc024833764.svg	False	True	True	11
ing-f376f60db679	水煮芹菜	水煮芹菜	herb	香草与叶片	assets/ingredients/ing-f376f60db679.svg	False	True	False	8
ing-6dc0932df994	水煮芹菜根	水煮芹菜根	vegetable	蔬菜与豆类	assets/ingredients/ing-6dc0932df994.svg	False	True	False	22
ing-f8a15b131b7e	水煮茄子	水煮茄子	vegetable	蔬菜与豆类	assets/ingredients/ing-f8a15b131b7e.svg	False	True	True	21
ing-5e1f007fa895	水煮菜薊	水煮菜蓟	vegetable	蔬菜与豆类	assets/ingredients/ing-5e1f007fa895.svg	False	True	False	1
ing-1d8605297766	水煮藍蟹	水煮蓝蟹	seafood	水产	assets/ingredients/ing-1d8605297766.svg	False	True	False	19
ing-55a098283c49	水煮蛋	水煮蛋	dairy	乳品与蛋	assets/ingredients/ing-55a098283c49.svg	False	True	False	1
ing-f0020459a525	水煮蠶豆	水煮蚕豆	vegetable	蔬菜与豆类	assets/ingredients/ing-f0020459a525.svg	False	True	True	21
ing-98726fe16150	水煮褐蝦	水煮褐虾	seafood	水产	assets/ingredients/ing-98726fe16150.svg	False	True	True	11
ing-28d78892abe3	水煮角蝦	水煮角虾	seafood	水产	assets/ingredients/ing-28d78892abe3.svg	False	True	True	11
ing-2a5f6094b605	水煮豌豆	水煮豌豆	vegetable	蔬菜与豆类	assets/ingredients/ing-2a5f6094b605.svg	False	True	False	14
ing-4ed65c6a0a5b	水煮防風根	水煮防风根	vegetable	蔬菜与豆类	assets/ingredients/ing-4ed65c6a0a5b.svg	False	True	True	21
ing-4082f82199dc	水煮青花筍	水煮青花笋	vegetable	蔬菜与豆类	assets/ingredients/ing-4082f82199dc.svg	False	True	False	1
ing-e9c74f332930	水煮青花菜	水煮青花菜	vegetable	蔬菜与豆类	assets/ingredients/ing-e9c74f332930.svg	False	True	False	19
ing-b128bf4c0152	水煮馬鈴薯	水煮马铃薯	vegetable	蔬菜与豆类	assets/ingredients/ing-b128bf4c0152.svg	False	True	False	29
ing-e81bddb749bc	水煮麵包蟹	水煮面包蟹	seafood	水产	assets/ingredients/ing-e81bddb749bc.svg	False	True	False	5
ing-8ed9e563d213	水煮麵包蟹肉	水煮面包蟹肉	seafood	水产	assets/ingredients/ing-8ed9e563d213.svg	False	True	True	49
ing-4b254a9c2101	水煮黏果酸漿	水煮黏果酸浆	fruit	水果	assets/ingredients/ing-4b254a9c2101.svg	False	True	True	26
ing-e6c66c272238	水煮龍蝦	水煮龙虾	seafood	水产	assets/ingredients/ing-e6c66c272238.svg	False	True	False	27
ing-f454dc5772a8	水煮龍蝦尾	水煮龙虾尾	seafood	水产	assets/ingredients/ing-f454dc5772a8.svg	False	True	False	12
ing-391c3c6c03f7	水牛奶	水牛奶	dairy	乳品与蛋	assets/ingredients/ing-391c3c6c03f7.svg	False	True	False	1
ing-24c552e9248f	水牛莫札瑞拉乳酪	水牛莫札瑞拉乳酪	cheese	乳酪	assets/ingredients/ing-24c552e9248f.svg	False	True	True	35
ing-5aa5e57cc00f	沙丁魚	沙丁鱼	seafood	水产	assets/ingredients/ing-5aa5e57cc00f.svg	False	True	True	11
ing-7b73ed6cf351	沙朗牛肉	沙朗牛肉	meat	肉类	assets/ingredients/ing-7b73ed6cf351.svg	False	True	False	12
ing-68deb2a92837	沙棘果	沙棘果	fruit	水果	assets/ingredients/ing-68deb2a92837.svg	False	True	False	6
ing-75e8f0e081c3	沙棘香甜酒	沙棘香甜酒	alcohol	酒与发酵饮品	assets/ingredients/ing-75e8f0e081c3.svg	False	True	False	2
ing-3c5490f53395	油桃	油桃	oil	油脂	assets/ingredients/ing-3c5490f53395.svg	False	True	True	20
ing-924193623a2d	油烤杏仁	油烤杏仁	nuts_seeds	坚果与种子	assets/ingredients/ing-924193623a2d.svg	False	True	False	14
ing-4548a60970a4	油菜花	油菜花	oil	油脂	assets/ingredients/ing-4548a60970a4.svg	False	True	False	2
ing-5c977f697fce	法國長棍麵包	法国长棍面包	bread_grain	谷物与烘焙	assets/ingredients/ing-5c977f697fce.svg	False	True	False	8
ing-04cc52357a1b	法國馬貢山羊乳酪	法国马贡山羊乳酪	cheese	乳酪	assets/ingredients/ing-04cc52357a1b.svg	False	True	False	1
ing-dd8c13e2ccb2	法蘭朵初榨橄欖油	法兰朵初榨橄榄油	oil	油脂	assets/ingredients/ing-dd8c13e2ccb2.svg	False	True	False	3
ing-ef630baa5d9a	泡泡果	泡泡果	fruit	水果	assets/ingredients/ing-ef630baa5d9a.svg	False	True	False	2
ing-873190e4d8c8	泡菜	泡菜	condiment	酱料与调味	assets/ingredients/ing-873190e4d8c8.svg	False	True	False	1
ing-257ca7f3ba84	波本威士忌	波本威士忌	alcohol	酒与发酵饮品	assets/ingredients/ing-257ca7f3ba84.svg	False	True	False	11
ing-941182920a00	波本香草	波本香草	spice	香辛料	assets/ingredients/ing-941182920a00.svg	False	True	False	13
ing-1dba1c01db77	波森莓	波森莓	fruit	水果	assets/ingredients/ing-1dba1c01db77.svg	False	True	False	1
ing-89b944c43cb8	波特酒	波特酒	alcohol	酒与发酵饮品	assets/ingredients/ing-89b944c43cb8.svg	False	True	True	2
ing-dd6c1530dc54	波芙隆乳酪	波芙隆乳酪	cheese	乳酪	assets/ingredients/ing-dd6c1530dc54.svg	False	True	False	4
ing-9102e1e20715	波蘭藍紋乳酪	波兰蓝纹乳酪	cheese	乳酪	assets/ingredients/ing-9102e1e20715.svg	False	True	True	4
ing-573c78551927	泥煤威士忌	泥煤威士忌	alcohol	酒与发酵饮品	assets/ingredients/ing-573c78551927.svg	False	True	False	1
ing-b6358334521e	泰國紅咖哩醬	泰国红咖哩酱	condiment	酱料与调味	assets/ingredients/ing-b6358334521e.svg	False	True	False	4
ing-84fba5f84f2e	泰國綠辣椒	泰国绿辣椒	spice	香辛料	assets/ingredients/ing-84fba5f84f2e.svg	False	True	False	2
ing-29887ffb8d2e	泰國芒果	泰国芒果	fruit	水果	assets/ingredients/ing-29887ffb8d2e.svg	False	True	False	2
ing-7e81829aa22a	泰國青檸	泰国青柠	citrus	柑橘	assets/ingredients/ing-7e81829aa22a.svg	False	True	False	4
ing-ef142a9fb436	泰國青檸皮屑	泰国青柠皮屑	citrus	柑橘	assets/ingredients/ing-ef142a9fb436.svg	False	True	False	2
ing-32053a03d4e3	泰國青檸葉	泰国青柠叶	herb	香草与叶片	assets/ingredients/ing-32053a03d4e3.svg	False	True	True	14
ing-bfe1559f0800	洋槐蜂蜜	洋槐蜂蜜	sweets	可可与甜味配料	assets/ingredients/ing-bfe1559f0800.svg	False	True	False	11
ing-f546df7226e2	洋甘菊	洋甘菊	flowers	食用花	assets/ingredients/ing-f546df7226e2.svg	False	True	False	2
ing-b1de235e622f	洋蔥	洋葱	vegetable	蔬菜与豆类	assets/ingredients/ing-b1de235e622f.svg	False	True	False	3
ing-8d74e899c341	洛克福乳酪	洛克福乳酪	cheese	乳酪	assets/ingredients/ing-8d74e899c341.svg	False	True	False	8
ing-99353cc38aad	海帶芽	海带芽	seaweed	海藻	assets/ingredients/ing-99353cc38aad.svg	False	True	False	1
ing-0a3734d61b02	海無花果	海无花果	fruit	水果	assets/ingredients/ing-0a3734d61b02.svg	False	True	False	4
ing-00c5ab992c2f	海膽	海胆	seafood	水产	assets/ingredients/ing-00c5ab992c2f.svg	False	True	False	19
ing-fa0316b7bc78	海臘	海腊	seafood	水产	assets/ingredients/ing-fa0316b7bc78.svg	False	True	False	1
ing-ebdfcfd8283d	海苔片	海苔片	seaweed	海藻	assets/ingredients/ing-ebdfcfd8283d.svg	False	True	False	18
ing-9caf79d0d640	海茴香	海茴香	herb	香草与叶片	assets/ingredients/ing-9caf79d0d640.svg	False	True	True	13
ing-d0efa10f93c0	海頓芒果	海顿芒果	fruit	水果	assets/ingredients/ing-d0efa10f93c0.svg	False	True	False	11
ing-7b91be1ba55b	消化餅乾	消化饼干	bread_grain	谷物与烘焙	assets/ingredients/ing-7b91be1ba55b.svg	False	True	False	3
ing-1ad10cdbb831	淡味切達乳酪	淡味切达乳酪	cheese	乳酪	assets/ingredients/ing-1ad10cdbb831.svg	False	True	True	10
ing-e438d11dd045	深烤杏仁	深烤杏仁	nuts_seeds	坚果与种子	assets/ingredients/ing-e438d11dd045.svg	False	True	False	12
ing-3bbf71368d01	清燉多佛比目魚	清炖多佛比目鱼	seafood	水产	assets/ingredients/ing-3bbf71368d01.svg	False	True	False	1
ing-1c0ca61a256e	清燉多寶魚	清炖多宝鱼	seafood	水产	assets/ingredients/ing-1c0ca61a256e.svg	False	True	True	17
ing-ef708b1f4879	清燉大蝦	清炖大虾	seafood	水产	assets/ingredients/ing-ef708b1f4879.svg	False	True	False	2
ing-fa1bc62630f2	清燉大西洋鮭魚排	清炖大西洋鲑鱼排	seafood	水产	assets/ingredients/ing-fa1bc62630f2.svg	False	True	True	5
ing-948f7fb7853d	清燉根椁	清炖榅桲	other	待分类	assets/ingredients/ing-948f7fb7853d.svg	False	True	True	3
ing-34d1cb8d05e2	清燉棍椁	清炖榅桲	other	待分类	assets/ingredients/ing-34d1cb8d05e2.svg	False	True	True	6
ing-dcd0602cc812	清燉椁	清炖椁	other	待分类	assets/ingredients/ing-dcd0602cc812.svg	True	False	False	1
ing-de51270e8a49	清燉檸檬螺	清炖柠檬鲽	seafood	水产	assets/ingredients/ing-de51270e8a49.svg	False	True	True	6
ing-756c048e8c9d	清燉檸檬鰻	清炖柠檬鲽	seafood	水产	assets/ingredients/ing-756c048e8c9d.svg	False	True	True	1
ing-9cb44a6cdfeb	清燉火雞	清炖火鸡	meat	肉类	assets/ingredients/ing-9cb44a6cdfeb.svg	False	True	False	1
ing-c4da4f386916	清燉火雞肉	清炖火鸡肉	meat	肉类	assets/ingredients/ing-c4da4f386916.svg	False	True	False	2
ing-937f27b48f0e	清燉烏魚	清炖乌鱼	seafood	水产	assets/ingredients/ing-937f27b48f0e.svg	False	True	True	29
ing-20fd477e73e5	清燉白蘆筍	清炖白芦笋	vegetable	蔬菜与豆类	assets/ingredients/ing-20fd477e73e5.svg	False	True	False	9
ing-2216621bb410	清燉福椁	清炖榅桲	other	待分类	assets/ingredients/ing-2216621bb410.svg	False	True	True	1
ing-1871a200f78d	清燉秋姑魚	清炖秋姑鱼	seafood	水产	assets/ingredients/ing-1871a200f78d.svg	False	True	False	8
ing-0fd29ccf7c3e	清燉紅笛鯛	清炖红笛鲷	seafood	水产	assets/ingredients/ing-0fd29ccf7c3e.svg	False	True	False	2
ing-47e92324c535	清燉紅魚翅	清炖红鱼翅	seafood	水产	assets/ingredients/ing-47e92324c535.svg	False	True	True	10
ing-2b8ae0a8fd9e	清燉缸魚翅	清炖红鱼翅	seafood	水产	assets/ingredients/ing-2b8ae0a8fd9e.svg	False	True	True	1
ing-188f1a69e7c0	清燉雞肉	清炖鸡肉	meat	肉类	assets/ingredients/ing-188f1a69e7c0.svg	False	True	False	7
ing-92436df8e4e0	清燉雞胸排	清炖鸡胸排	meat	肉类	assets/ingredients/ing-92436df8e4e0.svg	False	True	True	19
ing-78b9536de7b7	清燉鮭魚	清炖鲑鱼	seafood	水产	assets/ingredients/ing-78b9536de7b7.svg	False	True	False	28
ing-07c29b529331	清燉鮭魚排	清炖鲑鱼排	seafood	水产	assets/ingredients/ing-07c29b529331.svg	False	True	False	1
ing-b3934b694e49	清燉鯉魚	清炖鲤鱼	seafood	水产	assets/ingredients/ing-b3934b694e49.svg	False	True	False	1
ing-3dc5bcba1ad0	清燉鱈魚排	清炖鳕鱼排	seafood	水产	assets/ingredients/ing-3dc5bcba1ad0.svg	False	True	False	26
ing-e2ca7d4d3fbb	清燉鱒魚	清炖鳟鱼	seafood	水产	assets/ingredients/ing-e2ca7d4d3fbb.svg	False	True	False	7
ing-e14a955cb93a	清酒	清酒	alcohol	酒与发酵饮品	assets/ingredients/ing-e14a955cb93a.svg	False	True	False	3
ing-bd155dda94cb	渣釀白蘭地	渣酿白兰地	alcohol	酒与发酵饮品	assets/ingredients/ing-bd155dda94cb.svg	False	True	False	2
ing-fefd9101aa86	溫州蜜柑	温州蜜柑	citrus	柑橘	assets/ingredients/ing-fefd9101aa86.svg	False	True	False	1
ing-dafcc749fc13	溫州蜜柑皮屑	温州蜜柑皮屑	citrus	柑橘	assets/ingredients/ing-dafcc749fc13.svg	False	True	False	1
ing-7a5fc11ad06e	漣膚木	盐肤木	spice	香辛料	assets/ingredients/ing-7a5fc11ad06e.svg	False	True	True	1
ing-8d5ae7881eeb	潘卡辣椒	潘卡辣椒	spice	香辛料	assets/ingredients/ing-8d5ae7881eeb.svg	False	True	True	31
ing-c3a8b9e66297	澳洲胡桃	澳洲胡桃	nuts_seeds	坚果与种子	assets/ingredients/ing-c3a8b9e66297.svg	False	True	False	5
ing-eea184cd2e81	澳洲青蘋果	澳洲青苹果	fruit	水果	assets/ingredients/ing-eea184cd2e81.svg	False	True	False	7
ing-4fd31f47c400	澳洲青蘋果汁	澳洲青苹果汁	fruit	水果	assets/ingredients/ing-4fd31f47c400.svg	False	True	False	2
ing-96d1ec55f585	濃口醬油	浓口酱油	condiment	酱料与调味	assets/ingredients/ing-96d1ec55f585.svg	False	True	True	7
ing-a23727be6c62	濃縮小牛肉汁	浓缩小牛肉汁	meat	肉类	assets/ingredients/ing-a23727be6c62.svg	False	True	False	2
ing-3ea6e3247f7b	火龍果	火龙果	fruit	水果	assets/ingredients/ing-3ea6e3247f7b.svg	False	True	True	5
ing-ccbe4f643b18	炒小白菜	炒小白菜	vegetable	蔬菜与豆类	assets/ingredients/ing-ccbe4f643b18.svg	False	True	False	7
ing-16e435d5a581	炒蛋	炒蛋	dairy	乳品与蛋	assets/ingredients/ing-16e435d5a581.svg	False	True	False	14
ing-b0c783e6da33	炸大蒜	炸大蒜	vegetable	蔬菜与豆类	assets/ingredients/ing-b0c783e6da33.svg	False	True	False	2
ing-15733b4409f5	炸天貝	炸天贝	seafood	水产	assets/ingredients/ing-15733b4409f5.svg	False	True	False	1
ing-18829d41a1a7	炸辣椒醬	炸辣椒酱	condiment	酱料与调味	assets/ingredients/ing-18829d41a1a7.svg	False	True	False	4
ing-0c8ef4233183	烏魚子	乌鱼子	seafood	水产	assets/ingredients/ing-0c8ef4233183.svg	False	True	False	16
ing-12398f1b86aa	烘烤乳酪蛋糕	烘烤乳酪蛋糕	cheese	乳酪	assets/ingredients/ing-12398f1b86aa.svg	False	True	True	3
ing-8e642fcdfe92	烘烤兔肉	烘烤兔肉	meat	肉类	assets/ingredients/ing-8e642fcdfe92.svg	False	True	True	28
ing-0c7f514066b8	烘烤多佛比目魚	烘烤多佛比目鱼	seafood	水产	assets/ingredients/ing-0c7f514066b8.svg	False	True	True	22
ing-3fac0b91592a	烘烤大扇貝	烘烤大扇贝	seafood	水产	assets/ingredients/ing-3fac0b91592a.svg	False	True	True	15
ing-e8d9858c889b	烘烤大頭菜	烘烤大头菜	vegetable	蔬菜与豆类	assets/ingredients/ing-e8d9858c889b.svg	False	True	False	25
ing-871cc86cca89	烘烤小牛肉	烘烤小牛肉	meat	肉类	assets/ingredients/ing-871cc86cca89.svg	False	True	False	7
ing-1f42f338a7b6	烘烤歐洲鱸魚	烘烤欧洲鲈鱼	seafood	水产	assets/ingredients/ing-1f42f338a7b6.svg	False	True	True	15
ing-fe9cf523ea13	烘烤牒魚	烘烤鲽鱼	seafood	水产	assets/ingredients/ing-fe9cf523ea13.svg	False	True	True	1
ing-1abc4069ae83	烘烤甜菜	烘烤甜菜	vegetable	蔬菜与豆类	assets/ingredients/ing-1abc4069ae83.svg	False	True	False	1
ing-bb07e3768eff	烘烤秋姑魚	烘烤秋姑鱼	seafood	水产	assets/ingredients/ing-bb07e3768eff.svg	False	True	True	7
ing-747e1d488579	烘烤紅魚翅	烘烤红鱼翅	seafood	水产	assets/ingredients/ing-747e1d488579.svg	False	True	True	5
ing-19bcf13ef8f2	烘烤細鱗綠鰭魚	烘烤细鳞绿鳍鱼	seafood	水产	assets/ingredients/ing-19bcf13ef8f2.svg	False	True	False	14
ing-23a43f6f57a5	烘烤縹魚	烘烤鲽鱼	seafood	水产	assets/ingredients/ing-23a43f6f57a5.svg	False	True	True	2
ing-8db71962ed0a	烘烤繰魚	烘烤鲽鱼	seafood	水产	assets/ingredients/ing-8db71962ed0a.svg	False	True	True	14
ing-e4025153c372	烘烤臊魚	烘烤鲽鱼	seafood	水产	assets/ingredients/ing-e4025153c372.svg	False	True	True	5
ing-d6aa4986adc5	烘烤菱	烘烤菱	other	待分类	assets/ingredients/ing-d6aa4986adc5.svg	True	False	False	1
ing-fa0934fe2e83	烘烤菱辭	烘烤菱鲆	seafood	水产	assets/ingredients/ing-fa0934fe2e83.svg	False	True	True	5
ing-05b64d3dff11	烘烤菱鮃	烘烤菱鲆	seafood	水产	assets/ingredients/ing-05b64d3dff11.svg	False	False	True	1
ing-d307768caf51	烘烤菱鮮	烘烤菱鲆	seafood	水产	assets/ingredients/ing-d307768caf51.svg	False	True	True	3
ing-87ffdca93f3d	烘烤菱鯉	烘烤菱鲆	seafood	水产	assets/ingredients/ing-87ffdca93f3d.svg	False	True	True	3
ing-b25880c8209a	烘烤螺魚	烘烤鲽鱼	seafood	水产	assets/ingredients/ing-b25880c8209a.svg	False	True	True	2
ing-7f3f774f805a	烘烤角蝦	烘烤角虾	seafood	水产	assets/ingredients/ing-7f3f774f805a.svg	False	True	False	7
ing-b3738aea3621	烘烤野兔	烘烤野兔	meat	肉类	assets/ingredients/ing-b3738aea3621.svg	False	True	False	17
ing-7eb7b465b369	烘烤飛蟹	烘烤飞蟹	seafood	水产	assets/ingredients/ing-7eb7b465b369.svg	False	True	False	20
ing-f9cd6a0e18aa	烘烤驟魚	烘烤鲽鱼	seafood	水产	assets/ingredients/ing-f9cd6a0e18aa.svg	False	True	True	1
ing-bd1bf657da9c	烘烤鰈魚	烘烤鲽鱼	seafood	水产	assets/ingredients/ing-bd1bf657da9c.svg	False	True	True	1
ing-f95c4fe8e97b	烘烤鰻魚	烘烤鳗鱼	seafood	水产	assets/ingredients/ing-f95c4fe8e97b.svg	False	True	False	16
ing-597497204026	烘烤鳏魚	烘烤鲽鱼	seafood	水产	assets/ingredients/ing-597497204026.svg	False	True	True	1
ing-dff3e8a4a24e	烤五花肉	烤五花肉	meat	肉类	assets/ingredients/ing-dff3e8a4a24e.svg	False	True	False	1
ing-c5629634c397	烤南瓜籽	烤南瓜籽	nuts_seeds	坚果与种子	assets/ingredients/ing-c5629634c397.svg	False	True	False	6
ing-1f95e79217da	烤多寶魚	烤多宝鱼	seafood	水产	assets/ingredients/ing-1f95e79217da.svg	False	True	False	2
ing-56481cb02675	烤小牛胸腺	烤小牛胸腺	meat	肉类	assets/ingredients/ing-56481cb02675.svg	False	True	True	26
ing-993dc85e36b4	烤巴西堅果	烤巴西坚果	nuts_seeds	坚果与种子	assets/ingredients/ing-993dc85e36b4.svg	False	True	False	1
ing-3a6dba96453f	烤布雷斯雞皮	烤布雷斯鸡皮	meat	肉类	assets/ingredients/ing-3a6dba96453f.svg	False	True	False	6
ing-c03265c4c28d	烤明蝦	烤明虾	seafood	水产	assets/ingredients/ing-c03265c4c28d.svg	False	True	False	5
ing-7811eec79d0f	烤杏仁	烤杏仁	nuts_seeds	坚果与种子	assets/ingredients/ing-7811eec79d0f.svg	False	True	False	9
ing-9df2934240dd	烤杏仁片	烤杏仁片	nuts_seeds	坚果与种子	assets/ingredients/ing-9df2934240dd.svg	False	True	False	7
ing-d48fa00abf3a	烤栗子	烤栗子	nuts_seeds	坚果与种子	assets/ingredients/ing-d48fa00abf3a.svg	False	True	False	15
ing-bff2a7407402	烤榛果	烤榛果	nuts_seeds	坚果与种子	assets/ingredients/ing-bff2a7407402.svg	False	True	False	25
ing-6e78b9c3a038	烤榛果泥	烤榛果泥	nuts_seeds	坚果与种子	assets/ingredients/ing-6e78b9c3a038.svg	False	True	False	17
ing-0986a4e05f96	烤櫛瓜	烤栉瓜	vegetable	蔬菜与豆类	assets/ingredients/ing-0986a4e05f96.svg	False	True	False	1
ing-65d5dfdf0ad1	烤洋蔥	烤洋葱	vegetable	蔬菜与豆类	assets/ingredients/ing-65d5dfdf0ad1.svg	False	True	False	1
ing-458104b22b2d	烤澳洲胡桃	烤澳洲胡桃	nuts_seeds	坚果与种子	assets/ingredients/ing-458104b22b2d.svg	False	True	True	19
ing-bcd4f576d155	烤火雞	烤火鸡	meat	肉类	assets/ingredients/ing-bcd4f576d155.svg	False	True	False	19
ing-ce69631a4e4a	烤牛肉	烤牛肉	meat	肉类	assets/ingredients/ing-ce69631a4e4a.svg	False	True	True	9
ing-6fdd28997645	烤甜紅椒泥	烤甜红椒泥	spice	香辛料	assets/ingredients/ing-6fdd28997645.svg	False	True	False	1
ing-d577979b86bf	烤甜菜	烤甜菜	vegetable	蔬菜与豆类	assets/ingredients/ing-d577979b86bf.svg	False	True	False	16
ing-e135a95c2733	烤番薯	烤番薯	vegetable	蔬菜与豆类	assets/ingredients/ing-e135a95c2733.svg	False	True	False	17
ing-af1f59548c69	烤白吐司	烤白吐司	bread_grain	谷物与烘焙	assets/ingredients/ing-af1f59548c69.svg	False	True	False	2
ing-6132995df966	烤白芥末籽	烤白芥末籽	nuts_seeds	坚果与种子	assets/ingredients/ing-6132995df966.svg	False	True	False	1
ing-76d80e5142b6	烤百合	烤百合	vegetable	蔬菜与豆类	assets/ingredients/ing-76d80e5142b6.svg	False	True	False	1
ing-436101c82845	烤紅甜椒	烤红甜椒	spice	香辛料	assets/ingredients/ing-436101c82845.svg	False	True	False	20
ing-abd239e994f2	烤紅甜椒泥	烤红甜椒泥	spice	香辛料	assets/ingredients/ing-abd239e994f2.svg	False	True	False	3
ing-79abd03a4a64	烤紅蔥	烤红葱	vegetable	蔬菜与豆类	assets/ingredients/ing-79abd03a4a64.svg	False	True	False	1
ing-3f7e356207b1	烤綠蘆筍	烤绿芦笋	vegetable	蔬菜与豆类	assets/ingredients/ing-3f7e356207b1.svg	False	True	True	3
ing-0ff55bd682c0	烤羅布斯塔咖啡豆	烤罗布斯塔咖啡豆	tea_coffee	茶与咖啡	assets/ingredients/ing-0ff55bd682c0.svg	False	True	False	5
ing-523ba6fe32e5	烤羊排	烤羊排	meat	肉类	assets/ingredients/ing-523ba6fe32e5.svg	False	True	False	2
ing-19a1d45022ca	烤羔羊排	烤羔羊排	meat	肉类	assets/ingredients/ing-19a1d45022ca.svg	False	True	False	11
ing-8683f5d2be2e	烤羔羊肉	烤羔羊肉	meat	肉类	assets/ingredients/ing-8683f5d2be2e.svg	False	True	False	7
ing-9adb15ab56a7	烤胡桃	烤胡桃	nuts_seeds	坚果与种子	assets/ingredients/ing-9adb15ab56a7.svg	False	True	False	3
ing-1bcba6aff8cb	烤腰果	烤腰果	nuts_seeds	坚果与种子	assets/ingredients/ing-1bcba6aff8cb.svg	False	True	True	22
ing-bcf5966dced6	烤芒果籽	烤芒果籽	nuts_seeds	坚果与种子	assets/ingredients/ing-bcf5966dced6.svg	False	True	False	1
ing-0b3319e55d76	烤芝麻籽	烤芝麻籽	nuts_seeds	坚果与种子	assets/ingredients/ing-0b3319e55d76.svg	False	True	False	5
ing-dca4eea97266	烤花生	烤花生	nuts_seeds	坚果与种子	assets/ingredients/ing-dca4eea97266.svg	False	True	False	29
ing-0be40549540e	烤茄子	烤茄子	vegetable	蔬菜与豆类	assets/ingredients/ing-0be40549540e.svg	False	True	False	1
ing-674ad84be66e	烤菊苣根	烤菊苣根	vegetable	蔬菜与豆类	assets/ingredients/ing-674ad84be66e.svg	False	True	False	7
ing-f6642ed1a562	烤葵花籽	烤葵花籽	nuts_seeds	坚果与种子	assets/ingredients/ing-f6642ed1a562.svg	False	True	False	7
ing-c6dd97ae3304	烤蒜泥	烤蒜泥	vegetable	蔬菜与豆类	assets/ingredients/ing-c6dd97ae3304.svg	False	True	False	4
ing-11174b6f9119	烤褐蝦	烤褐虾	seafood	水产	assets/ingredients/ing-11174b6f9119.svg	False	True	False	11
ing-60a8098d581a	烤豬五花	烤猪五花	meat	肉类	assets/ingredients/ing-60a8098d581a.svg	False	True	True	29
ing-95d5cdc00901	烤豬肝	烤猪肝	meat	肉类	assets/ingredients/ing-95d5cdc00901.svg	False	True	True	6
ing-9f75e70896ac	烤野豬	烤野猪	meat	肉类	assets/ingredients/ing-9f75e70896ac.svg	False	True	True	17
ing-5bfbb25388c3	烤野鵝	烤野鹅	meat	肉类	assets/ingredients/ing-5bfbb25388c3.svg	False	True	False	17
ing-ce7677b997f5	烤開心果	烤开心果	nuts_seeds	坚果与种子	assets/ingredients/ing-ce7677b997f5.svg	False	True	False	23
ing-0b18cde64348	烤阿拉比卡咖啡豆	烤阿拉比卡咖啡豆	tea_coffee	茶与咖啡	assets/ingredients/ing-0b18cde64348.svg	False	True	False	8
ing-97925613a565	烤雞	烤鸡	meat	肉类	assets/ingredients/ing-97925613a565.svg	False	True	False	11
ing-732237a9e963	烤雞肉	烤鸡肉	meat	肉类	assets/ingredients/ing-732237a9e963.svg	False	True	False	1
ing-db73ec03017c	烤雞胸排	烤鸡胸排	meat	肉类	assets/ingredients/ing-db73ec03017c.svg	False	True	True	9
ing-38a96fc3eae2	烤骨髓	烤骨髓	meat	肉类	assets/ingredients/ing-38a96fc3eae2.svg	False	True	False	11
ing-a63712ce5fd1	烤鴿肉	烤鸽肉	meat	肉类	assets/ingredients/ing-a63712ce5fd1.svg	False	True	False	2
ing-a26d0f784380	烤鵝	烤鹅	meat	肉类	assets/ingredients/ing-a26d0f784380.svg	False	True	False	3
ing-fb026513098c	烤黑芝麻籽	烤黑芝麻籽	nuts_seeds	坚果与种子	assets/ingredients/ing-fb026513098c.svg	False	True	False	6
ing-2c31b371aa78	烤黑豆蔻	烤黑豆蔻	spice	香辛料	assets/ingredients/ing-2c31b371aa78.svg	False	True	True	6
ing-fa0085267059	無糖可可粉	无糖可可粉	sweets	可可与甜味配料	assets/ingredients/ing-fa0085267059.svg	False	True	False	2
ing-8add38793885	無花果	无花果	fruit	水果	assets/ingredients/ing-8add38793885.svg	False	True	False	12
ing-b48a73caec46	焦糖	焦糖	sweets	可可与甜味配料	assets/ingredients/ing-b48a73caec46.svg	False	True	True	1
ing-663cc274679d	焦糖牛奶醬	焦糖牛奶酱	dairy	乳品与蛋	assets/ingredients/ing-663cc274679d.svg	False	True	False	3
ing-2452d11c3bd7	煉乳	炼乳	dairy	乳品与蛋	assets/ingredients/ing-2452d11c3bd7.svg	False	True	False	1
ing-69e1fc921332	煎仙人掌葉	煎仙人掌叶	vegetable	蔬菜与豆类	assets/ingredients/ing-69e1fc921332.svg	False	True	False	1
ing-0f0d51dec52b	煎培根	煎培根	meat	肉类	assets/ingredients/ing-0f0d51dec52b.svg	False	True	True	53
ing-5ac1253f04a8	煎多佛比目魚	煎多佛比目鱼	seafood	水产	assets/ingredients/ing-5ac1253f04a8.svg	False	True	False	1
ing-615eb7400c7a	煎大蝦	煎大虾	seafood	水产	assets/ingredients/ing-615eb7400c7a.svg	False	True	False	21
ing-9f4d1d68d00d	煎巴伐利亞香腸	煎巴伐利亚香肠	meat	肉类	assets/ingredients/ing-9f4d1d68d00d.svg	False	True	False	1
ing-2b6ab9378f5d	煎撃	煎雉鸡	meat	肉类	assets/ingredients/ing-2b6ab9378f5d.svg	False	True	True	1
ing-97173bfa0920	煎斑鳩	煎斑鸠	meat	肉类	assets/ingredients/ing-97173bfa0920.svg	False	True	False	1
ing-23c322ce0cb8	煎松茸	煎松茸	mushroom	菌菇	assets/ingredients/ing-23c322ce0cb8.svg	False	True	False	1
ing-81a2830676a4	煎泰國青辣椒	煎泰国青辣椒	spice	香辛料	assets/ingredients/ing-81a2830676a4.svg	False	True	False	1
ing-b206b0b199e0	煎烏賊	煎乌贼	seafood	水产	assets/ingredients/ing-b206b0b199e0.svg	False	True	False	1
ing-471e6bc5e977	煎珠雞	煎珠鸡	meat	肉类	assets/ingredients/ing-471e6bc5e977.svg	False	True	False	17
ing-be03d2c8a0b9	煎甜菜	煎甜菜	vegetable	蔬菜与豆类	assets/ingredients/ing-be03d2c8a0b9.svg	False	True	True	26
ing-900055a7c22e	煎白蘑菇	煎白蘑菇	mushroom	菌菇	assets/ingredients/ing-900055a7c22e.svg	False	True	False	12
ing-e8d7ed14dc0c	煎秋葵	煎秋葵	vegetable	蔬菜与豆类	assets/ingredients/ing-e8d7ed14dc0c.svg	False	True	True	4
ing-88b24c544ff1	煎茶	煎茶	tea_coffee	茶与咖啡	assets/ingredients/ing-88b24c544ff1.svg	False	True	True	24
ing-4623e3c86161	煎豬里肌	煎猪里肌	meat	肉类	assets/ingredients/ing-4623e3c86161.svg	False	True	True	44
ing-38cf2d2fa468	煎野斑鳩	煎野斑鸠	meat	肉类	assets/ingredients/ing-38cf2d2fa468.svg	False	True	True	17
ing-ef33b62e002e	煎野鴨	煎野鸭	meat	肉类	assets/ingredients/ing-ef33b62e002e.svg	False	True	True	18
ing-de0ae25a868c	煎雉雞	煎雉鸡	meat	肉类	assets/ingredients/ing-de0ae25a868c.svg	False	True	False	23
ing-4931f54eb38a	煎雞胸排	煎鸡胸排	meat	肉类	assets/ingredients/ing-4931f54eb38a.svg	False	True	False	23
ing-b9452690fea9	煎雞胸肉	煎鸡胸肉	meat	肉类	assets/ingredients/ing-b9452690fea9.svg	False	True	True	2
ing-345519436700	煎餅	煎饼	bread_grain	谷物与烘焙	assets/ingredients/ing-345519436700.svg	False	True	True	6
ing-db05a43f979d	煎駝鳥肉	煎驼鸟肉	meat	肉类	assets/ingredients/ing-db05a43f979d.svg	False	True	False	4
ing-cf42ea24b104	煎鴕鳥肉	煎鸵鸟肉	meat	肉类	assets/ingredients/ing-cf42ea24b104.svg	False	True	True	1
ing-209a5002aaa2	煎鴨肝	煎鸭肝	meat	肉类	assets/ingredients/ing-209a5002aaa2.svg	False	True	False	19
ing-b1e80d60c09b	煎鴨胸	煎鸭胸	meat	肉类	assets/ingredients/ing-b1e80d60c09b.svg	False	True	True	37
ing-79c03e4dd0d5	煎鴨鶉	煎鹌鹑	meat	肉类	assets/ingredients/ing-79c03e4dd0d5.svg	False	True	True	1
ing-3b5cdec42259	煎鵝鶉	煎鹌鹑	meat	肉类	assets/ingredients/ing-3b5cdec42259.svg	False	True	True	13
ing-1a0ab2609e68	煎鵪鶉	煎鹌鹑	meat	肉类	assets/ingredients/ing-1a0ab2609e68.svg	False	True	True	2
ing-028cf0c17ad0	煎鶴鶉	煎鹌鹑	meat	肉类	assets/ingredients/ing-028cf0c17ad0.svg	False	True	True	8
ing-a7db148c420d	煎鸵鳥肉	煎鸵鸟肉	meat	肉类	assets/ingredients/ing-a7db148c420d.svg	False	True	False	4
ing-879ccb4370f4	煎鹿肉	煎鹿肉	meat	肉类	assets/ingredients/ing-879ccb4370f4.svg	False	True	False	31
ing-e7da784f4607	煙燻培根	烟熏培根	meat	肉类	assets/ingredients/ing-e7da784f4607.svg	False	True	False	8
ing-86862ff7fd2a	煙燻大西洋鮭魚	烟熏大西洋鲑鱼	seafood	水产	assets/ingredients/ing-86862ff7fd2a.svg	False	True	False	30
ing-537a578d8219	煙燻大西洋鮭魚排	烟熏大西洋鲑鱼排	seafood	水产	assets/ingredients/ing-537a578d8219.svg	False	True	False	5
ing-5457de70835c	煙燻紅茶	烟熏红茶	tea_coffee	茶与咖啡	assets/ingredients/ing-5457de70835c.svg	False	True	False	3
ing-856d22efdbb9	煽烤大頭菜	焗烤大头菜	vegetable	蔬菜与豆类	assets/ingredients/ing-856d22efdbb9.svg	False	True	True	1
ing-0adc9f7d2739	熟卡姆小麥	熟卡姆小麦	bread_grain	谷物与烘焙	assets/ingredients/ing-0adc9f7d2739.svg	False	True	False	13
ing-516733acb379	熟印度香米	熟印度香米	bread_grain	谷物与烘焙	assets/ingredients/ing-516733acb379.svg	False	True	True	15
ing-4fd5f7ec44e6	熟單粒小麥	熟单粒小麦	bread_grain	谷物与烘焙	assets/ingredients/ing-4fd5f7ec44e6.svg	False	True	False	10
ing-322bd1c0d141	熟大扇貝	熟大扇贝	seafood	水产	assets/ingredients/ing-322bd1c0d141.svg	False	True	False	8
ing-4a7a8f3dee10	熟大豆	熟大豆	vegetable	蔬菜与豆类	assets/ingredients/ing-4a7a8f3dee10.svg	False	True	False	1
ing-2f4ae269d505	熟奶油菌苣	熟奶油莴苣	vegetable	蔬菜与豆类	assets/ingredients/ing-2f4ae269d505.svg	False	True	True	1
ing-625efa077862	熟奶油高苣	熟奶油莴苣	vegetable	蔬菜与豆类	assets/ingredients/ing-625efa077862.svg	False	True	True	1
ing-083cd6c918b3	熟安格斯牛肉	熟安格斯牛肉	meat	肉类	assets/ingredients/ing-083cd6c918b3.svg	False	True	False	1
ing-6faae2da6996	熟成聖莫爾乳酪	熟成圣莫尔乳酪	cheese	乳酪	assets/ingredients/ing-6faae2da6996.svg	False	True	False	6
ing-a2140065b1a0	熟斯佩爾特	熟斯佩尔特	bread_grain	谷物与烘焙	assets/ingredients/ing-a2140065b1a0.svg	False	True	False	3
ing-e49e15107e7e	熟杜蘭義大利麵	熟杜兰义大利面	bread_grain	谷物与烘焙	assets/ingredients/ing-e49e15107e7e.svg	False	True	False	1
ing-b95463e99056	熟杜蘭義大利麵食	熟杜兰义大利面食	bread_grain	谷物与烘焙	assets/ingredients/ing-b95463e99056.svg	False	True	False	1
ing-c365da9c3e5a	熟松茸	熟松茸	mushroom	菌菇	assets/ingredients/ing-c365da9c3e5a.svg	False	True	False	5
ing-2e348fd6484c	熟歐洲康吉鰻	熟欧洲康吉鳗	seafood	水产	assets/ingredients/ing-2e348fd6484c.svg	False	True	False	1
ing-3ed267ef8d10	熟法蘭克福香腸	熟法兰克福香肠	meat	肉类	assets/ingredients/ing-3ed267ef8d10.svg	False	True	False	6
ing-74647ecf1f00	熟泰國香米	熟泰国香米	bread_grain	谷物与烘焙	assets/ingredients/ing-74647ecf1f00.svg	False	True	False	3
ing-dfe037c53a39	熟淡菜	熟淡菜	seafood	水产	assets/ingredients/ing-dfe037c53a39.svg	False	True	True	37
ing-18efc690af3c	熟牛排菌	熟牛排菌	mushroom	菌菇	assets/ingredients/ing-18efc690af3c.svg	False	True	False	1
ing-acdb9e98cc12	熟白冰柱蘿蔔	熟白冰柱萝卜	vegetable	蔬菜与豆类	assets/ingredients/ing-acdb9e98cc12.svg	False	True	False	2
ing-36f75e01b809	熟眉豆	熟眉豆	vegetable	蔬菜与豆类	assets/ingredients/ing-36f75e01b809.svg	False	True	False	1
ing-8c2dbc3505d5	熟福尼奧米	熟福尼奥米	bread_grain	谷物与烘焙	assets/ingredients/ing-8c2dbc3505d5.svg	False	True	False	3
ing-63fd86388c0d	熟竟菜粒	熟苋菜粒	vegetable	蔬菜与豆类	assets/ingredients/ing-63fd86388c0d.svg	False	True	True	1
ing-86fb467f0778	熟米	熟米	bread_grain	谷物与烘焙	assets/ingredients/ing-86fb467f0778.svg	False	True	False	2
ing-6e1c47436f02	熟糙米	熟糙米	bread_grain	谷物与烘焙	assets/ingredients/ing-6e1c47436f02.svg	False	True	False	18
ing-03d5d773ab46	熟紅豆	熟红豆	vegetable	蔬菜与豆类	assets/ingredients/ing-03d5d773ab46.svg	False	True	False	5
ing-fa8c5fe12904	熟綠扁显	熟绿扁豆	vegetable	蔬菜与豆类	assets/ingredients/ing-fa8c5fe12904.svg	False	True	True	1
ing-9b22c1a455c3	熟綠扁豆	熟绿扁豆	vegetable	蔬菜与豆类	assets/ingredients/ing-9b22c1a455c3.svg	False	True	False	4
ing-1475e320c1d2	熟綠甘藍	熟绿甘蓝	vegetable	蔬菜与豆类	assets/ingredients/ing-1475e320c1d2.svg	False	True	False	3
ing-6223a9d639a8	熟綠豆	熟绿豆	vegetable	蔬菜与豆类	assets/ingredients/ing-6223a9d639a8.svg	False	True	False	4
ing-e372f4ca3cb3	熟红豆	熟红豆	vegetable	蔬菜与豆类	assets/ingredients/ing-e372f4ca3cb3.svg	False	True	False	1
ing-45bc7a617dd9	熟義大利麵	熟义大利面	bread_grain	谷物与烘焙	assets/ingredients/ing-45bc7a617dd9.svg	False	True	False	4
ing-0d575aae1d42	熟義大利麵食	熟义大利面食	bread_grain	谷物与烘焙	assets/ingredients/ing-0d575aae1d42.svg	False	True	True	7
ing-0d2f2ffc82dd	熟翡麥	熟翡麦	bread_grain	谷物与烘焙	assets/ingredients/ing-0d2f2ffc82dd.svg	False	True	True	16
ing-ef5539ac92dc	熟苔数	熟苦荞	other	待分类	assets/ingredients/ing-ef5539ac92dc.svg	False	True	True	1
ing-6b284fc3edce	熟苔番	熟苦荞	other	待分类	assets/ingredients/ing-6b284fc3edce.svg	False	True	True	1
ing-8f4f8e445d2c	熟苔豔	熟苦荞	other	待分类	assets/ingredients/ing-8f4f8e445d2c.svg	False	True	True	1
ing-a2c58791312b	熟草菇	熟草菇	mushroom	菌菇	assets/ingredients/ing-a2c58791312b.svg	False	True	False	2
ing-f1976b937101	熟菠菜	熟菠菜	vegetable	蔬菜与豆类	assets/ingredients/ing-f1976b937101.svg	False	True	False	5
ing-e576d9c62c68	熟蕎麥	熟荞麦	bread_grain	谷物与烘焙	assets/ingredients/ing-e576d9c62c68.svg	False	True	False	1
ing-2548413cda9a	熟蕎麥麵	熟荞麦面	bread_grain	谷物与烘焙	assets/ingredients/ing-2548413cda9a.svg	False	True	False	6
ing-fa38e3dc7fe6	熟藜麥	熟藜麦	bread_grain	谷物与烘焙	assets/ingredients/ing-fa38e3dc7fe6.svg	False	True	True	19
ing-da72e83c4165	熟蛤蜊	熟蛤蜊	seafood	水产	assets/ingredients/ing-da72e83c4165.svg	False	True	True	3
ing-685da0f00294	熟蛤蝌	熟蛤蜊	seafood	水产	assets/ingredients/ing-685da0f00294.svg	False	True	True	8
ing-2338630db0e0	熟蛤蝴	熟蛤蜊	seafood	水产	assets/ingredients/ing-2338630db0e0.svg	False	True	True	2
ing-00d802460516	熟豆豆	熟豇豆	vegetable	蔬菜与豆类	assets/ingredients/ing-00d802460516.svg	False	True	True	1
ing-8d81bdde1b3e	熟豌豆	熟豌豆	vegetable	蔬菜与豆类	assets/ingredients/ing-8d81bdde1b3e.svg	False	True	False	1
ing-dc100d1b3c4a	熟貝床淡菜	熟贝床淡菜	seafood	水产	assets/ingredients/ing-dc100d1b3c4a.svg	False	True	True	8
ing-452ef2d228cb	熟鄉村火腿	熟乡村火腿	meat	肉类	assets/ingredients/ing-452ef2d228cb.svg	False	True	False	1
ing-d21ae08faf92	熟野米	熟野米	bread_grain	谷物与烘焙	assets/ingredients/ing-d21ae08faf92.svg	False	True	False	13
ing-cd0d3d4f14b7	熟長米	熟长米	bread_grain	谷物与烘焙	assets/ingredients/ing-cd0d3d4f14b7.svg	False	True	False	1
ing-aad5bc46abf4	熟長粒米	熟长粒米	bread_grain	谷物与烘焙	assets/ingredients/ing-aad5bc46abf4.svg	False	True	False	2
ing-bed3a9811577	熟香芹根	熟香芹根	vegetable	蔬菜与豆类	assets/ingredients/ing-bed3a9811577.svg	False	True	False	5
ing-954e53b7b4e1	熟鷹嘴豆	熟鹰嘴豆	vegetable	蔬菜与豆类	assets/ingredients/ing-954e53b7b4e1.svg	False	True	False	1
ing-b2d5ad02dbcb	熟黑皮波羅門參	熟黑皮波罗门参	vegetable	蔬菜与豆类	assets/ingredients/ing-b2d5ad02dbcb.svg	False	True	False	31
ing-1a53678fbc25	熟黑米	熟黑米	bread_grain	谷物与烘焙	assets/ingredients/ing-1a53678fbc25.svg	False	True	False	7
ing-e68a91731863	熟黑豆	熟黑豆	vegetable	蔬菜与豆类	assets/ingredients/ing-e68a91731863.svg	False	True	False	1
ing-d9cde6e78eee	燉大西洋狼魚	炖大西洋狼鱼	seafood	水产	assets/ingredients/ing-d9cde6e78eee.svg	False	True	True	9
ing-b4f532ee3945	燉小點貓鲨	炖小点猫鲨	seafood	水产	assets/ingredients/ing-b4f532ee3945.svg	False	True	False	3
ing-36b2e8292698	燉條長臀鱈	炖条长臀鳕	seafood	水产	assets/ingredients/ing-36b2e8292698.svg	False	True	False	8
ing-04ab968812dd	燉檸檬縹	炖柠檬鲽	seafood	水产	assets/ingredients/ing-04ab968812dd.svg	False	True	True	1
ing-53cb1529d4d1	燉檸檬繰	炖柠檬鲽	seafood	水产	assets/ingredients/ing-53cb1529d4d1.svg	False	True	True	1
ing-1dfb92177bc7	燉檸檬螺	炖柠檬鲽	seafood	水产	assets/ingredients/ing-1dfb92177bc7.svg	False	True	True	5
ing-c56cca1a7c66	燉檸檬骤	炖柠檬鲽	seafood	水产	assets/ingredients/ing-c56cca1a7c66.svg	False	True	True	1
ing-9e6ecdc50a75	燉烏賊	炖乌贼	seafood	水产	assets/ingredients/ing-9e6ecdc50a75.svg	False	True	False	8
ing-55ce705783e9	燉牛骨肉汁	炖牛骨肉汁	meat	肉类	assets/ingredients/ing-55ce705783e9.svg	False	True	False	2
ing-fe7be3f15bce	燉豬骨肉汁	炖猪骨肉汁	meat	肉类	assets/ingredients/ing-fe7be3f15bce.svg	False	True	False	2
ing-6e8dd061dfc5	燉長身鰭	炖长身鳕	seafood	水产	assets/ingredients/ing-6e8dd061dfc5.svg	False	True	True	1
ing-b52e5dce1b48	燉長身鱈	炖长身鳕	seafood	水产	assets/ingredients/ing-b52e5dce1b48.svg	False	True	False	15
ing-be62abc83a20	燉黑線鱈	炖黑线鳕	seafood	水产	assets/ingredients/ing-be62abc83a20.svg	False	True	False	4
ing-d4bf0524157d	燒酒米燒酒	烧酒米烧酒	alcohol	酒与发酵饮品	assets/ingredients/ing-d4bf0524157d.svg	False	True	False	1
ing-07b78a35e1cb	燕麥奶	燕麦奶	dairy	乳品与蛋	assets/ingredients/ing-07b78a35e1cb.svg	False	True	False	1
ing-98a6c483490f	燕麥片	燕麦片	bread_grain	谷物与烘焙	assets/ingredients/ing-98a6c483490f.svg	False	True	False	5
ing-6351cf350fc5	燕麥粥	燕麦粥	bread_grain	谷物与烘焙	assets/ingredients/ing-6351cf350fc5.svg	False	True	False	4
ing-eaec72207464	燕麥飲	燕麦饮	bread_grain	谷物与烘焙	assets/ingredients/ing-eaec72207464.svg	False	True	False	3
ing-5305d3b2b3f1	爆米花	爆米花	bread_grain	谷物与烘焙	assets/ingredients/ing-5305d3b2b3f1.svg	False	True	False	9
ing-b87581844860	爐烤培根	炉烤培根	meat	肉类	assets/ingredients/ing-b87581844860.svg	False	True	True	27
ing-265ee1ac4a2e	爐烤小牛肉	炉烤小牛肉	meat	肉类	assets/ingredients/ing-265ee1ac4a2e.svg	False	True	False	1
ing-22ada8fd3ac7	爐烤德國香腸	炉烤德国香肠	meat	肉类	assets/ingredients/ing-22ada8fd3ac7.svg	False	True	False	1
ing-aac77985aaf9	爐烤漢堡	炉烤汉堡	other	待分类	assets/ingredients/ing-aac77985aaf9.svg	False	True	True	20
ing-52d5563e2d3a	爐烤牛排	炉烤牛排	meat	肉类	assets/ingredients/ing-52d5563e2d3a.svg	False	True	True	18
ing-31635da0e291	爐烤豬里肌肋排	炉烤猪里肌肋排	meat	肉类	assets/ingredients/ing-31635da0e291.svg	False	True	False	6
ing-e1a8e0c38795	爐烤馬鈴薯	炉烤马铃薯	vegetable	蔬菜与豆类	assets/ingredients/ing-e1a8e0c38795.svg	False	True	False	15
ing-b892a42b9695	牛奶	牛奶	dairy	乳品与蛋	assets/ingredients/ing-b892a42b9695.svg	False	True	False	4
ing-6815b1bac023	牛奶優格	牛奶优格	dairy	乳品与蛋	assets/ingredients/ing-6815b1bac023.svg	False	True	True	11
ing-b62f254fc4a3	牛奶巧克力	牛奶巧克力	dairy	乳品与蛋	assets/ingredients/ing-b62f254fc4a3.svg	False	True	True	43
ing-3a466731897c	牛奶莫札瑞拉乳酪	牛奶莫札瑞拉乳酪	cheese	乳酪	assets/ingredients/ing-3a466731897c.svg	False	True	False	10
ing-d061c9078a25	牛絞肉	牛绞肉	meat	肉类	assets/ingredients/ing-d061c9078a25.svg	False	True	False	2
ing-70099ea01925	牛肉	牛肉	meat	肉类	assets/ingredients/ing-70099ea01925.svg	False	True	False	11
ing-44ad49f12d59	牛肉清湯	牛肉清汤	meat	肉类	assets/ingredients/ing-44ad49f12d59.svg	False	True	False	2
ing-56b0d34d4bde	牛肉湯	牛肉汤	meat	肉类	assets/ingredients/ing-56b0d34d4bde.svg	False	True	True	4
ing-a0c0510b440d	牛肝菌	牛肝菌	mushroom	菌菇	assets/ingredients/ing-a0c0510b440d.svg	False	True	True	23
ing-8a141c2f71ac	牛腿肉後腿牛排	牛腿肉后腿牛排	meat	肉类	assets/ingredients/ing-8a141c2f71ac.svg	False	True	False	6
ing-f3d727ae8af7	牡螭	牡蛎	seafood	水产	assets/ingredients/ing-f3d727ae8af7.svg	False	True	True	1
ing-1a59a3c17013	牡蠣	牡蛎	seafood	水产	assets/ingredients/ing-1a59a3c17013.svg	False	True	True	42
ing-3eecbb708693	猴子47琴酒	猴子47琴酒	alcohol	酒与发酵饮品	assets/ingredients/ing-3eecbb708693.svg	False	True	False	2
ing-1e992dfc6cf0	玉米黑穗菌	玉米黑穗菌	mushroom	菌菇	assets/ingredients/ing-1e992dfc6cf0.svg	False	True	False	3
ing-1fd2b3ff8859	玫瑰味天竺葵花	玫瑰味天竺葵花	herb	香草与叶片	assets/ingredients/ing-1fd2b3ff8859.svg	False	True	False	6
ing-fccd836775a2	珍藏雪莉醋	珍藏雪莉醋	vinegar	醋	assets/ingredients/ing-fccd836775a2.svg	False	True	True	15
ing-b03ebbbc8f5f	班尼迪克汀香甜酒	班尼迪克汀香甜酒	alcohol	酒与发酵饮品	assets/ingredients/ing-b03ebbbc8f5f.svg	False	True	False	2
ing-f5e9b35ce14f	班蘭葉	班兰叶	herb	香草与叶片	assets/ingredients/ing-f5e9b35ce14f.svg	False	True	False	5
ing-1ef3ff8e4706	現煮手沖咖啡	现煮手冲咖啡	tea_coffee	茶与咖啡	assets/ingredients/ing-1ef3ff8e4706.svg	False	True	True	18
ing-9f402b3eff91	現煮阿拉比卡咖啡	现煮阿拉比卡咖啡	tea_coffee	茶与咖啡	assets/ingredients/ing-9f402b3eff91.svg	False	True	False	4
ing-79fec05926a4	現磨咖啡	现磨咖啡	tea_coffee	茶与咖啡	assets/ingredients/ing-79fec05926a4.svg	False	True	False	7
ing-9e46dd7a97e6	球莖茴香	球茎茴香	herb	香草与叶片	assets/ingredients/ing-9e46dd7a97e6.svg	False	True	False	12
ing-01144d120453	琉璃苣花	琉璃苣花	vegetable	蔬菜与豆类	assets/ingredients/ing-01144d120453.svg	False	True	True	12
ing-c94f68da83a7	琉璃苣葉	琉璃苣叶	vegetable	蔬菜与豆类	assets/ingredients/ing-c94f68da83a7.svg	False	True	False	1
ing-bc8ee2410a19	瑞典蕪菁	瑞典芜菁	vegetable	蔬菜与豆类	assets/ingredients/ing-bc8ee2410a19.svg	False	True	False	3
ing-eb5c7c91b64f	瑪哈草莓	玛哈草莓	fruit	水果	assets/ingredients/ing-eb5c7c91b64f.svg	False	True	False	6
ing-ceaaeed56287	瑪芮琴酒	玛芮琴酒	alcohol	酒与发酵饮品	assets/ingredients/ing-ceaaeed56287.svg	False	True	False	2
ing-b3210ccd5844	瑪黛茶	玛黛茶	tea_coffee	茶与咖啡	assets/ingredients/ing-b3210ccd5844.svg	False	True	False	2
ing-12c5c85d03f5	瓦什寒乳酪	瓦什寒乳酪	cheese	乳酪	assets/ingredients/ing-12c5c85d03f5.svg	False	True	False	1
ing-d4926fee7583	瓦卡泰(祕魯黑薄荷)	瓦卡泰(秘鲁黑薄荷)	herb	香草与叶片	assets/ingredients/ing-d4926fee7583.svg	False	True	False	1
ing-b865512cdb84	瓦卡泰祕魯黑薄荷	瓦卡泰秘鲁黑薄荷	herb	香草与叶片	assets/ingredients/ing-b865512cdb84.svg	False	True	False	17
ing-171f756a383a	甘草	甘草	herb	香草与叶片	assets/ingredients/ing-171f756a383a.svg	False	True	True	20
ing-1e74e0909c0b	甘藍嫩芽	甘蓝嫩芽	vegetable	蔬菜与豆类	assets/ingredients/ing-1e74e0909c0b.svg	False	True	False	2
ing-a73f2f6356e0	甜樱桃	甜樱桃	fruit	水果	assets/ingredients/ing-a73f2f6356e0.svg	False	True	False	4
ing-d8f6b0a8e047	甜櫻桃	甜樱桃	fruit	水果	assets/ingredients/ing-d8f6b0a8e047.svg	False	True	False	33
ing-d0546cd052d2	甜瓜	甜瓜	fruit	水果	assets/ingredients/ing-d0546cd052d2.svg	False	True	True	21
ing-5cfdab3f2763	甜瓜香甜酒	甜瓜香甜酒	alcohol	酒与发酵饮品	assets/ingredients/ing-5cfdab3f2763.svg	False	True	False	4
ing-69c9675a7ffa	甜百香果	甜百香果	fruit	水果	assets/ingredients/ing-69c9675a7ffa.svg	False	True	True	16
ing-19f9ae6722e8	甜紅椒粉	甜红椒粉	spice	香辛料	assets/ingredients/ing-19f9ae6722e8.svg	False	True	False	23
ing-31b41fceaf2b	甜舌草花	甜舌草花	flowers	食用花	assets/ingredients/ing-31b41fceaf2b.svg	False	True	False	1
ing-a4c5504347bb	甜苦艾酒	甜苦艾酒	alcohol	酒与发酵饮品	assets/ingredients/ing-a4c5504347bb.svg	False	True	False	8
ing-0ddf6637ebd5	甜菜	甜菜	vegetable	蔬菜与豆类	assets/ingredients/ing-0ddf6637ebd5.svg	False	True	True	22
ing-af36f5e6ee85	甜菜嫩芽	甜菜嫩芽	vegetable	蔬菜与豆类	assets/ingredients/ing-af36f5e6ee85.svg	False	True	False	1
ing-8f5c248127ec	甜菜汁	甜菜汁	vegetable	蔬菜与豆类	assets/ingredients/ing-8f5c248127ec.svg	False	True	False	3
ing-769f70e3877e	甜菜脆片	甜菜脆片	vegetable	蔬菜与豆类	assets/ingredients/ing-769f70e3877e.svg	False	True	False	10
ing-ed577e539346	甜菜葉	甜菜叶	vegetable	蔬菜与豆类	assets/ingredients/ing-ed577e539346.svg	False	True	False	3
ing-c5921e8441bc	生	生	other	待分类	assets/ingredients/ing-c5921e8441bc.svg	True	False	False	1
ing-5be5c1e14726	生嚎葉	生蚝叶	herb	香草与叶片	assets/ingredients/ing-5be5c1e14726.svg	False	True	True	13
ing-0df1d5be062f	生墓	生墓	other	待分类	assets/ingredients/ing-0df1d5be062f.svg	True	False	False	1
ing-6b419b770574	生牛肉	生牛肉	meat	肉类	assets/ingredients/ing-6b419b770574.svg	False	True	False	1
ing-42a640b7ad95	生獴葉	生蚝叶	herb	香草与叶片	assets/ingredients/ing-42a640b7ad95.svg	False	True	True	1
ing-4c86f39add4f	生羔羊肉醃料	生羔羊肉腌料	meat	肉类	assets/ingredients/ing-4c86f39add4f.svg	False	True	False	1
ing-de2c6b3238d5	生胡蘿蔔	生胡萝卜	vegetable	蔬菜与豆类	assets/ingredients/ing-de2c6b3238d5.svg	False	True	False	1
ing-f899a01fbb19	生薑	生姜	spice	香辛料	assets/ingredients/ing-f899a01fbb19.svg	False	True	True	18
ing-3fd8b1312477	生蛋黃	生蛋黄	dairy	乳品与蛋	assets/ingredients/ing-3fd8b1312477.svg	False	True	False	2
ing-1b233adf4f7f	生蠔葉	生蚝叶	herb	香草与叶片	assets/ingredients/ing-1b233adf4f7f.svg	False	True	True	1
ing-b2e46a7216c2	生里肌豬排醃料	生里肌猪排腌料	meat	肉类	assets/ingredients/ing-b2e46a7216c2.svg	False	True	False	1
ing-6469d437846a	生雞胸排醃料	生鸡胸排腌料	meat	肉类	assets/ingredients/ing-6469d437846a.svg	False	True	False	1
ing-64958aa0cf35	用豆	豇豆	vegetable	蔬菜与豆类	assets/ingredients/ing-64958aa0cf35.svg	False	True	True	1
ing-6087a87c4452	番石榴	番石榴	fruit	水果	assets/ingredients/ing-6087a87c4452.svg	False	True	True	53
ing-c3a5761cc794	番石榴汁	番石榴汁	fruit	水果	assets/ingredients/ing-c3a5761cc794.svg	False	True	False	1
ing-d736a10cd553	番石榴酒	番石榴酒	alcohol	酒与发酵饮品	assets/ingredients/ing-d736a10cd553.svg	False	True	False	1
ing-76fa01909429	番紅花	番红花	flowers	食用花	assets/ingredients/ing-76fa01909429.svg	False	True	False	18
ing-516f6a50c4a8	番茄	番茄	vegetable	蔬菜与豆类	assets/ingredients/ing-516f6a50c4a8.svg	False	True	True	19
ing-426e45742dd8	番茄泥	番茄泥	vegetable	蔬菜与豆类	assets/ingredients/ing-426e45742dd8.svg	False	True	False	3
ing-2344db0cf653	番茄醬	番茄酱	condiment	酱料与调味	assets/ingredients/ing-2344db0cf653.svg	False	True	False	6
ing-33a9c7d8e378	番茄青醬	番茄青酱	condiment	酱料与调味	assets/ingredients/ing-33a9c7d8e378.svg	False	True	False	1
ing-81226a3056f7	番荔枝	番荔枝	fruit	水果	assets/ingredients/ing-81226a3056f7.svg	False	True	True	8
ing-fb1691f1ec97	番薯	番薯	vegetable	蔬菜与豆类	assets/ingredients/ing-fb1691f1ec97.svg	False	True	True	2
ing-1672b2b081cb	番薯脆片	番薯脆片	vegetable	蔬菜与豆类	assets/ingredients/ing-1672b2b081cb.svg	False	True	False	6
ing-741d12f160cf	發酵李子汁	发酵李子汁	fruit	水果	assets/ingredients/ing-741d12f160cf.svg	False	True	False	1
ing-1910f02b8f53	白吐司	白吐司	bread_grain	谷物与烘焙	assets/ingredients/ing-1910f02b8f53.svg	False	True	True	13
ing-95b14eef2ba4	白巧克力	白巧克力	sweets	可可与甜味配料	assets/ingredients/ing-95b14eef2ba4.svg	False	True	True	24
ing-92c6638ec5f7	白庫拉索酒	白库拉索酒	alcohol	酒与发酵饮品	assets/ingredients/ing-92c6638ec5f7.svg	False	True	False	1
ing-5ab1f9529153	白松露	白松露	mushroom	菌菇	assets/ingredients/ing-5ab1f9529153.svg	False	True	False	15
ing-8acfb8f3301d	白樱桃	白樱桃	fruit	水果	assets/ingredients/ing-8acfb8f3301d.svg	False	True	False	1
ing-811a4c322fff	白橙皮酒	白橙皮酒	alcohol	酒与发酵饮品	assets/ingredients/ing-811a4c322fff.svg	False	True	False	4
ing-00d0547c4de6	白櫻桃	白樱桃	fruit	水果	assets/ingredients/ing-00d0547c4de6.svg	False	True	False	7
ing-e447e8da669c	白罂粟籽	白罂粟籽	nuts_seeds	坚果与种子	assets/ingredients/ing-e447e8da669c.svg	False	True	False	1
ing-19d6d44f3469	白胡椒	白胡椒	spice	香辛料	assets/ingredients/ing-19d6d44f3469.svg	False	True	False	2
ing-681d18eb6aa9	白胡椒粉	白胡椒粉	spice	香辛料	assets/ingredients/ing-681d18eb6aa9.svg	False	True	False	2
ing-7cdb12037ff5	白脱牛奶	白脱牛奶	dairy	乳品与蛋	assets/ingredients/ing-7cdb12037ff5.svg	False	True	False	8
ing-b9ec86a3750f	白色蘭姆酒	白色兰姆酒	alcohol	酒与发酵饮品	assets/ingredients/ing-b9ec86a3750f.svg	False	True	False	1
ing-b66d3f0b0e4e	白菜泡菜	白菜泡菜	condiment	酱料与调味	assets/ingredients/ing-b66d3f0b0e4e.svg	False	True	False	16
ing-82abae33bdc1	白葉黑橄欖	白叶黑橄榄	herb	香草与叶片	assets/ingredients/ing-82abae33bdc1.svg	False	True	False	1
ing-3351b6a08b2b	白蘆筍	白芦笋	vegetable	蔬菜与豆类	assets/ingredients/ing-3351b6a08b2b.svg	False	True	False	19
ing-6c60820d8fd7	白蘇維濃	白苏维浓	alcohol	酒与发酵饮品	assets/ingredients/ing-6c60820d8fd7.svg	False	True	False	1
ing-759f5daf0a01	白蘑菇	白蘑菇	mushroom	菌菇	assets/ingredients/ing-759f5daf0a01.svg	False	True	False	18
ing-0fc1294de025	白醬油	白酱油	condiment	酱料与调味	assets/ingredients/ing-0fc1294de025.svg	False	True	False	2
ing-a3cdb34d21f5	百里香	百里香	herb	香草与叶片	assets/ingredients/ing-a3cdb34d21f5.svg	False	True	False	22
ing-8d0ea1cf1f03	百里香蜂蜜	百里香蜂蜜	sweets	可可与甜味配料	assets/ingredients/ing-8d0ea1cf1f03.svg	False	True	False	3
ing-f358a95d074b	百香果	百香果	fruit	水果	assets/ingredients/ing-f358a95d074b.svg	False	True	False	48
ing-f7ce90e6ce43	百香果汁	百香果汁	fruit	水果	assets/ingredients/ing-f7ce90e6ce43.svg	False	True	False	2
ing-a8e8958cab03	百香果泥	百香果泥	fruit	水果	assets/ingredients/ing-a8e8958cab03.svg	False	True	False	2
ing-ac7a2334e848	百香果香甜酒	百香果香甜酒	alcohol	酒与发酵饮品	assets/ingredients/ing-ac7a2334e848.svg	False	True	False	1
ing-2b45da7abf8c	皇家加拉蘋果	皇家加拉苹果	fruit	水果	assets/ingredients/ing-2b45da7abf8c.svg	False	True	False	1
ing-0d3b9b1d6550	皮削利初榨橄欖油	皮削利初榨橄榄油	oil	油脂	assets/ingredients/ing-0d3b9b1d6550.svg	False	True	False	1
ing-789c4c20ebee	皮夸爾橄欖油	皮夸尔橄榄油	oil	油脂	assets/ingredients/ing-789c4c20ebee.svg	False	True	False	5
ing-7df9326d7fbe	皮夸爾特級初榨橄欖油	皮夸尔特级初榨橄榄油	oil	油脂	assets/ingredients/ing-7df9326d7fbe.svg	False	True	True	12
ing-cc610c8e0a0c	皮夸爾黑橄欖	皮夸尔黑橄榄	vegetable	蔬菜与豆类	assets/ingredients/ing-cc610c8e0a0c.svg	False	True	False	27
ing-ef41aff536bd	皮斯可酒	皮斯可酒	alcohol	酒与发酵饮品	assets/ingredients/ing-ef41aff536bd.svg	False	True	False	4
ing-d3f51ece80a5	皮爾森啤酒	皮尔森啤酒	alcohol	酒与发酵饮品	assets/ingredients/ing-d3f51ece80a5.svg	False	True	False	4
ing-1fc1b292d8b1	皮肖利初榨橄欖油	皮肖利初榨橄榄油	oil	油脂	assets/ingredients/ing-1fc1b292d8b1.svg	False	True	False	3
ing-64bea051cbd9	皺葉甘藍	皱叶甘蓝	vegetable	蔬菜与豆类	assets/ingredients/ing-64bea051cbd9.svg	False	True	False	3
ing-91a25f34d208	皺葉香芹	皱叶香芹	herb	香草与叶片	assets/ingredients/ing-91a25f34d208.svg	False	True	False	4
ing-6d02a3cd94c0	着蓬菜	着蓬菜	vegetable	蔬菜与豆类	assets/ingredients/ing-6d02a3cd94c0.svg	True	False	False	5
ing-4f2967cab784	石南花蜂蜜	石南花蜂蜜	sweets	可可与甜味配料	assets/ingredients/ing-4f2967cab784.svg	False	True	False	3
ing-64e861c0b886	石榴	石榴	fruit	水果	assets/ingredients/ing-64e861c0b886.svg	False	True	False	19
ing-42194437fdc0	石榴汁	石榴汁	fruit	水果	assets/ingredients/ing-42194437fdc0.svg	False	True	True	10
ing-1a6f8e8870d5	石榴糖蜜	石榴糖蜜	sweets	可可与甜味配料	assets/ingredients/ing-1a6f8e8870d5.svg	False	True	False	6
ing-e1282f9fabd0	磅蛋糕	磅蛋糕	dairy	乳品与蛋	assets/ingredients/ing-e1282f9fabd0.svg	False	True	False	3
ing-47cec7d43ac7	磨碎生芹菜根	磨碎生芹菜根	vegetable	蔬菜与豆类	assets/ingredients/ing-47cec7d43ac7.svg	False	True	True	6
ing-57a7eba5482c	祕魯黃辣椒	秘鲁黄辣椒	spice	香辛料	assets/ingredients/ing-57a7eba5482c.svg	False	True	True	40
ing-bafd4727e9ae	科拉蒂橄欖油	科拉蒂橄榄油	oil	油脂	assets/ingredients/ing-bafd4727e9ae.svg	False	True	False	1
ing-37805d00fe10	科斯藍紋乳酪	科斯蓝纹乳酪	cheese	乳酪	assets/ingredients/ing-37805d00fe10.svg	False	True	True	2
ing-2b00cbf9f2f0	穆納葉	穆纳叶	herb	香草与叶片	assets/ingredients/ing-2b00cbf9f2f0.svg	False	True	False	7
ing-2d0edd9969a1	竟菜籽	苋菜籽	nuts_seeds	坚果与种子	assets/ingredients/ing-2d0edd9969a1.svg	False	True	True	1
ing-ab1e39041347	竹災魚	竹䇲鱼	seafood	水产	assets/ingredients/ing-ab1e39041347.svg	False	True	True	2
ing-f242e68dfefe	竹熒魚	竹䇲鱼	seafood	水产	assets/ingredients/ing-f242e68dfefe.svg	False	True	True	6
ing-5459d32e588c	竹英魚	竹䇲鱼	seafood	水产	assets/ingredients/ing-5459d32e588c.svg	False	True	True	2
ing-0a4130f5b71e	竹莢魚	竹荚鱼	seafood	水产	assets/ingredients/ing-0a4130f5b71e.svg	False	True	False	1
ing-f6edbd972501	米克覆盆子	米克覆盆子	fruit	水果	assets/ingredients/ing-f6edbd972501.svg	False	True	True	8
ing-fd73052c181f	米拉索辣椒	米拉索辣椒	spice	香辛料	assets/ingredients/ing-fd73052c181f.svg	False	True	True	23
ing-edfc69d8c6c2	米漿	米浆	bread_grain	谷物与烘焙	assets/ingredients/ing-edfc69d8c6c2.svg	False	True	False	1
ing-b9cead0b9be6	米蘭薩拉米	米兰萨拉米	meat	肉类	assets/ingredients/ing-b9cead0b9be6.svg	False	True	True	6
ing-91ca98e5f2e4	米酒	米酒	alcohol	酒与发酵饮品	assets/ingredients/ing-91ca98e5f2e4.svg	False	True	False	4
ing-16c493c11cb3	米酒醋	米酒醋	vinegar	醋	assets/ingredients/ing-16c493c11cb3.svg	False	True	False	1
ing-d992fa4abe6c	粉紅希拉茲葡萄酒	粉红希拉兹葡萄酒	alcohol	酒与发酵饮品	assets/ingredients/ing-d992fa4abe6c.svg	False	True	False	2
ing-1f3d2c055ce1	粉紅胡椒	粉红胡椒	spice	香辛料	assets/ingredients/ing-1f3d2c055ce1.svg	False	True	False	7
ing-e484f7f5c92e	糖漬杏桃	糖渍杏桃	sweets	可可与甜味配料	assets/ingredients/ing-e484f7f5c92e.svg	False	True	True	9
ing-824d072a42c3	糖漬橙皮	糖渍橙皮	sweets	可可与甜味配料	assets/ingredients/ing-824d072a42c3.svg	False	True	False	2
ing-35c16e164347	糖漬檸檬皮	糖渍柠檬皮	sweets	可可与甜味配料	assets/ingredients/ing-35c16e164347.svg	False	True	True	4
ing-7ea04cf2567c	糖漬歐白芷	糖渍欧白芷	herb	香草与叶片	assets/ingredients/ing-7ea04cf2567c.svg	False	True	False	2
ing-5cb3dddf1208	紅哈瓦那辣椒	红哈瓦那辣椒	spice	香辛料	assets/ingredients/ing-5cb3dddf1208.svg	False	True	False	12
ing-caa0589cc5be	紅椒粉	红椒粉	spice	香辛料	assets/ingredients/ing-caa0589cc5be.svg	False	True	False	2
ing-d6eb37803f6f	紅橘	红橘	citrus	柑橘	assets/ingredients/ing-d6eb37803f6f.svg	False	True	False	21
ing-cd01172f78f5	紅橘皮	红橘皮	citrus	柑橘	assets/ingredients/ing-cd01172f78f5.svg	False	True	False	2
ing-595701a2bac2	紅橘皮屑	红橘皮屑	citrus	柑橘	assets/ingredients/ing-595701a2bac2.svg	False	True	False	1
ing-d9e98e04e04f	紅毛丹	红毛丹	fruit	水果	assets/ingredients/ing-d9e98e04e04f.svg	False	True	True	8
ing-29dea82a9f1f	紅甘藍	红甘蓝	vegetable	蔬菜与豆类	assets/ingredients/ing-29dea82a9f1f.svg	False	True	False	8
ing-5ac4b204c9fc	紅甜椒	红甜椒	spice	香辛料	assets/ingredients/ing-5ac4b204c9fc.svg	False	True	False	13
ing-2eb4cf99a6fc	紅甜椒泥	红甜椒泥	spice	香辛料	assets/ingredients/ing-2eb4cf99a6fc.svg	False	True	False	6
ing-50fa8953b259	紅甜椒醬	红甜椒酱	condiment	酱料与调味	assets/ingredients/ing-50fa8953b259.svg	False	True	False	6
ing-20f2d5ad3851	紅番藷	红番𫉄	vegetable	蔬菜与豆类	assets/ingredients/ing-20f2d5ad3851.svg	False	True	True	1
ing-8354ee9504b6	紅粉佳人蘋果	红粉佳人苹果	fruit	水果	assets/ingredients/ing-8354ee9504b6.svg	False	True	False	15
ing-0b1bff208fd6	紅色之愛蘋果	红色之爱苹果	fruit	水果	assets/ingredients/ing-0b1bff208fd6.svg	False	True	False	1
ing-dbc55ac10a59	紅茶	红茶	tea_coffee	茶与咖啡	assets/ingredients/ing-dbc55ac10a59.svg	False	True	True	43
ing-21806c573dfa	紅菊苣	红菊苣	vegetable	蔬菜与豆类	assets/ingredients/ing-21806c573dfa.svg	False	True	False	7
ing-c6f0cad1975c	紅葡萄	红葡萄	fruit	水果	assets/ingredients/ing-c6f0cad1975c.svg	False	True	False	5
ing-5960847ac333	紅蔥	红葱	vegetable	蔬菜与豆类	assets/ingredients/ing-5960847ac333.svg	False	True	False	1
ing-08b85f2935b4	紅豆沙	红豆沙	vegetable	蔬菜与豆类	assets/ingredients/ing-08b85f2935b4.svg	False	True	False	3
ing-e4fa8473e829	紅辣椒粉	红辣椒粉	spice	香辛料	assets/ingredients/ing-e4fa8473e829.svg	False	True	False	7
ing-e2769aa2f405	紅酒油醋醬	红酒油醋酱	alcohol	酒与发酵饮品	assets/ingredients/ing-e2769aa2f405.svg	False	True	False	1
ing-96f65ed88810	紅酒醋	红酒醋	vinegar	醋	assets/ingredients/ing-96f65ed88810.svg	False	True	True	5
ing-3220c82d90a2	紅酸模	红酸模	herb	香草与叶片	assets/ingredients/ing-3220c82d90a2.svg	False	True	True	9
ing-88b6eb9ceb25	紅醋栗	红醋栗	vinegar	醋	assets/ingredients/ing-88b6eb9ceb25.svg	False	True	False	1
ing-1d9dfa76a532	紅龍蘋果	红龙苹果	fruit	水果	assets/ingredients/ing-1d9dfa76a532.svg	False	True	True	4
ing-46341c959cb3	純波本威士忌	纯波本威士忌	alcohol	酒与发酵饮品	assets/ingredients/ing-46341c959cb3.svg	False	True	False	2
ing-977784d664a4	索布拉薩達(喬利佐香腸抹醬)	索布拉萨达(乔利佐香肠抹酱)	condiment	酱料与调味	assets/ingredients/ing-977784d664a4.svg	False	True	False	3
ing-befa5c00295f	索布拉薩達喬利佐香腸抹醬	索布拉萨达乔利佐香肠抹酱	condiment	酱料与调味	assets/ingredients/ing-befa5c00295f.svg	False	True	False	9
ing-30ff82169593	紫羅蘭花	紫罗兰花	flowers	食用花	assets/ingredients/ing-30ff82169593.svg	False	True	False	4
ing-8a19db7e7e82	紫胡蘿蔔	紫胡萝卜	vegetable	蔬菜与豆类	assets/ingredients/ing-8a19db7e7e82.svg	False	True	False	1
ing-dd4d3f244e67	紫芋	紫芋	vegetable	蔬菜与豆类	assets/ingredients/ing-dd4d3f244e67.svg	False	True	False	4
ing-4f10b521e651	紫蘇	紫苏	herb	香草与叶片	assets/ingredients/ing-4f10b521e651.svg	False	True	True	8
ing-98a491402094	紫蘇菜苗	紫苏菜苗	herb	香草与叶片	assets/ingredients/ing-98a491402094.svg	False	True	False	5
ing-6a8933e2af76	紫蘇葉	紫苏叶	herb	香草与叶片	assets/ingredients/ing-6a8933e2af76.svg	False	True	False	28
ing-730a89791db0	紫鼠尾草	紫鼠尾草	herb	香草与叶片	assets/ingredients/ing-730a89791db0.svg	False	True	True	17
ing-71d41eed3f80	細葉香芹	细叶香芹	herb	香草与叶片	assets/ingredients/ing-71d41eed3f80.svg	False	True	False	2
ing-52ee149b3824	細香蔥	细香葱	vegetable	蔬菜与豆类	assets/ingredients/ing-52ee149b3824.svg	False	True	False	5
ing-3ac54b13bcfb	綜合生菜葉	综合生菜叶	herb	香草与叶片	assets/ingredients/ing-3ac54b13bcfb.svg	False	True	False	3
ing-730639f9ae06	綠扁豆	绿扁豆	vegetable	蔬菜与豆类	assets/ingredients/ing-730639f9ae06.svg	False	True	False	4
ing-9d9d97651e32	綠捲鬚生菜	绿卷须生菜	vegetable	蔬菜与豆类	assets/ingredients/ing-9d9d97651e32.svg	False	True	False	8
ing-86ea77089377	綠橄欖	绿橄榄	vegetable	蔬菜与豆类	assets/ingredients/ing-86ea77089377.svg	False	True	False	10
ing-712a6b5e1398	綠甘藍	绿甘蓝	vegetable	蔬菜与豆类	assets/ingredients/ing-712a6b5e1398.svg	False	True	False	13
ing-2203fb0e1ed3	綠胡椒	绿胡椒	spice	香辛料	assets/ingredients/ing-2203fb0e1ed3.svg	False	True	False	10
ing-5f63e14443cb	綠色查特酒	绿色查特酒	alcohol	酒与发酵饮品	assets/ingredients/ing-5f63e14443cb.svg	False	True	False	3
ing-8e4863678a6f	綠茶	绿茶	tea_coffee	茶与咖啡	assets/ingredients/ing-8e4863678a6f.svg	False	True	True	21
ing-2a0604798d5e	綠薄荷	绿薄荷	herb	香草与叶片	assets/ingredients/ing-2a0604798d5e.svg	False	True	False	6
ing-19058f714ae2	綠薄荷油	绿薄荷油	oil	油脂	assets/ingredients/ing-19058f714ae2.svg	False	True	False	1
ing-66ce013f0e6f	綠薄荷香甜酒	绿薄荷香甜酒	alcohol	酒与发酵饮品	assets/ingredients/ing-66ce013f0e6f.svg	False	True	False	1
ing-f024a96e94dd	綠藻	绿藻	seaweed	海藻	assets/ingredients/ing-f024a96e94dd.svg	False	True	False	8
ing-3cf6c9f05289	綠蘆筍	绿芦笋	vegetable	蔬菜与豆类	assets/ingredients/ing-3cf6c9f05289.svg	False	True	True	16
ing-5fe97ab2a32f	網烤多寶魚	网烤多宝鱼	seafood	水产	assets/ingredients/ing-5fe97ab2a32f.svg	False	True	False	28
ing-0f9a6c55c461	網烤櫛瓜	网烤栉瓜	vegetable	蔬菜与豆类	assets/ingredients/ing-0f9a6c55c461.svg	False	True	False	8
ing-cb2774760e7d	網烤牛肉	网烤牛肉	meat	肉类	assets/ingredients/ing-cb2774760e7d.svg	False	True	False	9
ing-b03e6eb0b04b	網烤綠蘆筍	网烤绿芦笋	vegetable	蔬菜与豆类	assets/ingredients/ing-b03e6eb0b04b.svg	False	True	False	18
ing-f5782b55c75f	網烤羔羊肉	网烤羔羊肉	meat	肉类	assets/ingredients/ing-f5782b55c75f.svg	False	True	True	65
ing-3c70d7e7d305	網烤肋眼牛排	网烤肋眼牛排	meat	肉类	assets/ingredients/ing-3c70d7e7d305.svg	False	True	True	10
ing-830900596ce9	網烤茄子	网烤茄子	vegetable	蔬菜与豆类	assets/ingredients/ing-830900596ce9.svg	False	True	False	18
ing-b5d7d7019961	綿羊奶優格	绵羊奶优格	dairy	乳品与蛋	assets/ingredients/ing-b5d7d7019961.svg	False	True	False	5
ing-5411f707ee65	線魚高湯	线鱼高汤	seafood	水产	assets/ingredients/ing-5411f707ee65.svg	False	True	False	1
ing-7b5591e46e9a	罂粟籽	罂粟籽	nuts_seeds	坚果与种子	assets/ingredients/ing-7b5591e46e9a.svg	False	True	False	3
ing-8e3eadcdf57e	罐頭李子	罐头李子	fruit	水果	assets/ingredients/ing-8e3eadcdf57e.svg	False	True	False	6
ing-12fe7e64664f	罐頭梅子	罐头梅子	fruit	水果	assets/ingredients/ing-12fe7e64664f.svg	False	True	False	1
ing-064e3aa45397	罐頭椰奶	罐头椰奶	dairy	乳品与蛋	assets/ingredients/ing-064e3aa45397.svg	False	True	False	7
ing-79e0d4356e63	罐頭番茄	罐头番茄	vegetable	蔬菜与豆类	assets/ingredients/ing-79e0d4356e63.svg	False	True	True	14
ing-4e4f59158b7c	罐頭紅鮭	罐头红鲑	seafood	水产	assets/ingredients/ing-4e4f59158b7c.svg	False	True	False	1
ing-760c36a51617	羅勒	罗勒	herb	香草与叶片	assets/ingredients/ing-760c36a51617.svg	False	True	True	47
ing-c6256369f7ad	羅可多辣椒	罗可多辣椒	spice	香辛料	assets/ingredients/ing-c6256369f7ad.svg	False	True	False	22
ing-1224a856d790	羅望子	罗望子	fruit	水果	assets/ingredients/ing-1224a856d790.svg	False	True	False	12
ing-dc9ec464294b	羅洛可花	罗洛可花	flowers	食用花	assets/ingredients/ing-dc9ec464294b.svg	False	True	False	1
ing-bae7de9b71c9	羅甘莓	罗甘莓	fruit	水果	assets/ingredients/ing-bae7de9b71c9.svg	False	True	False	5
ing-8b069ae83123	羅馬乳酪	罗马乳酪	cheese	乳酪	assets/ingredients/ing-8b069ae83123.svg	False	True	False	1
ing-ffa458f646ec	羅馬綿羊乳酪	罗马绵羊乳酪	cheese	乳酪	assets/ingredients/ing-ffa458f646ec.svg	False	True	False	3
ing-5c29cf092877	羊肚菌	羊肚菌	mushroom	菌菇	assets/ingredients/ing-5c29cf092877.svg	False	True	True	11
ing-1143c91504d2	羊萬苣(野苣)	羊莴苣(野苣)	vegetable	蔬菜与豆类	assets/ingredients/ing-1143c91504d2.svg	False	True	True	1
ing-e3bd80770c90	羊萬苣野苣	羊莴苣(野苣)	vegetable	蔬菜与豆类	assets/ingredients/ing-e3bd80770c90.svg	False	True	True	1
ing-9157e32f0a7e	羊蒿苣野苣	羊莴苣(野苣)	vegetable	蔬菜与豆类	assets/ingredients/ing-9157e32f0a7e.svg	False	True	True	1
ing-ded1b4f11dfb	羊高苣野苣	羊莴苣(野苣)	vegetable	蔬菜与豆类	assets/ingredients/ing-ded1b4f11dfb.svg	False	True	True	1
ing-cd1023cd83c4	羊髙苣(野苣)	羊莴苣(野苣)	vegetable	蔬菜与豆类	assets/ingredients/ing-cd1023cd83c4.svg	False	True	True	1
ing-0943e93d6554	美乃滋	美乃滋	condiment	酱料与调味	assets/ingredients/ing-0943e93d6554.svg	False	True	False	1
ing-d3512402ccb7	美國莫恩斯特乳酪	美国莫恩斯特乳酪	cheese	乳酪	assets/ingredients/ing-d3512402ccb7.svg	False	True	False	2
ing-313d5bae1b96	羔羊肉	羔羊肉	meat	肉类	assets/ingredients/ing-313d5bae1b96.svg	False	True	False	1
ing-a2361a53ec9d	義大利初榨橄欖油	义大利初榨橄榄油	oil	油脂	assets/ingredients/ing-a2361a53ec9d.svg	False	True	False	2
ing-ce59090a67c0	義大利帶藤番茄	义大利带藤番茄	vegetable	蔬菜与豆类	assets/ingredients/ing-ce59090a67c0.svg	False	True	True	14
ing-1b877cdcc77e	義大利檸檬甜酒	义大利柠檬甜酒	alcohol	酒与发酵饮品	assets/ingredients/ing-1b877cdcc77e.svg	False	True	False	2
ing-0d29eb2749ae	義大利氣泡酒	义大利气泡酒	alcohol	酒与发酵饮品	assets/ingredients/ing-0d29eb2749ae.svg	False	True	False	1
ing-9b981d00dae7	義大利薩拉米	义大利萨拉米	meat	肉类	assets/ingredients/ing-9b981d00dae7.svg	False	True	True	10
ing-3a3d3f28dc35	義大利辣香腸	义大利辣香肠	meat	肉类	assets/ingredients/ing-3a3d3f28dc35.svg	False	True	False	10
ing-ad47bc781306	義式薩拉米	义式萨拉米	meat	肉类	assets/ingredients/ing-ad47bc781306.svg	False	True	False	1
ing-9dc48ad83af5	羽狀内捲藻	羽状内卷藻	seaweed	海藻	assets/ingredients/ing-9dc48ad83af5.svg	False	True	False	1
ing-22417156987b	羽衣甘藍	羽衣甘蓝	vegetable	蔬菜与豆类	assets/ingredients/ing-22417156987b.svg	False	True	True	17
ing-9448ba88200a	老抽	老抽	condiment	酱料与调味	assets/ingredients/ing-9448ba88200a.svg	False	True	False	13
ing-0771dbfaac54	聖丹尼耶雷火腿	圣丹尼耶雷火腿	meat	肉类	assets/ingredients/ing-0771dbfaac54.svg	False	True	False	3
ing-711edecf41bc	聖杰曼香甜酒	圣杰曼香甜酒	alcohol	酒与发酵饮品	assets/ingredients/ing-711edecf41bc.svg	False	True	False	2
ing-2bc8e053bbc5	聖莫爾乳酪	圣莫尔乳酪	cheese	乳酪	assets/ingredients/ing-2bc8e053bbc5.svg	False	True	False	4
ing-60a23363a09d	聖雷米VSOP白蘭地	圣雷米VSOP白兰地	alcohol	酒与发酵饮品	assets/ingredients/ing-60a23363a09d.svg	False	True	False	1
ing-6ac95d9bae9d	肉桂	肉桂	spice	香辛料	assets/ingredients/ing-6ac95d9bae9d.svg	False	True	True	42
ing-047d52f327b4	肉桂葉	肉桂叶	spice	香辛料	assets/ingredients/ing-047d52f327b4.svg	False	True	False	1
ing-6134ebf4a2c7	肉豆蔻	肉豆蔻	spice	香辛料	assets/ingredients/ing-6134ebf4a2c7.svg	False	True	True	21
ing-c1db6888a9f0	肉豆蔻皮	肉豆蔻皮	spice	香辛料	assets/ingredients/ing-c1db6888a9f0.svg	False	True	False	6
ing-bbf16ea070b1	肋眼牛排	肋眼牛排	meat	肉类	assets/ingredients/ing-bbf16ea070b1.svg	False	True	True	7
ing-e3e680e37cdb	肯塔基純波本威土忌	肯塔基纯波本威士忌	alcohol	酒与发酵饮品	assets/ingredients/ing-e3e680e37cdb.svg	False	True	True	1
ing-6c63dd3a0214	肯塔基純波本威士忌	肯塔基纯波本威士忌	alcohol	酒与发酵饮品	assets/ingredients/ing-6c63dd3a0214.svg	False	True	False	4
ing-8695011a200c	肯特芒果	肯特芒果	fruit	水果	assets/ingredients/ing-8695011a200c.svg	False	True	False	6
ing-289bd629bd01	胡桃	胡桃	nuts_seeds	坚果与种子	assets/ingredients/ing-289bd629bd01.svg	False	True	False	11
ing-74811dad1802	胡蘿蔔	胡萝卜	vegetable	蔬菜与豆类	assets/ingredients/ing-74811dad1802.svg	False	True	True	33
ing-a838046babe3	脆餅	脆饼	bread_grain	谷物与烘焙	assets/ingredients/ing-a838046babe3.svg	False	True	False	1
ing-29ffcbc62ecb	腰果	腰果	nuts_seeds	坚果与种子	assets/ingredients/ing-29ffcbc62ecb.svg	False	True	False	9
ing-593fc2d3f48e	腰果梨汁	腰果梨汁	nuts_seeds	坚果与种子	assets/ingredients/ing-593fc2d3f48e.svg	False	True	False	2
ing-a7b4db92403b	自然乾卡瓦氣泡酒	自然干卡瓦气泡酒	alcohol	酒与发酵饮品	assets/ingredients/ing-a7b4db92403b.svg	False	True	False	7
ing-95e690ca58e8	舊金山酸種麵包	旧金山酸种面包	bread_grain	谷物与烘焙	assets/ingredients/ing-95e690ca58e8.svg	False	True	False	12
ing-b1973af864a5	艾曼塔乳酪	艾曼塔乳酪	cheese	乳酪	assets/ingredients/ing-b1973af864a5.svg	False	True	True	24
ing-2dc0408c1214	艾爾斯塔蘋果	艾尔斯塔苹果	fruit	水果	assets/ingredients/ing-2dc0408c1214.svg	False	True	True	1
ing-7bf68395d261	艾爾桑塔草莓	艾尔桑塔草莓	fruit	水果	assets/ingredients/ing-7bf68395d261.svg	False	True	False	3
ing-b8246e4fd893	芒果	芒果	fruit	水果	assets/ingredients/ing-b8246e4fd893.svg	False	True	True	44
ing-dfd87a28d577	芒果泥	芒果泥	fruit	水果	assets/ingredients/ing-dfd87a28d577.svg	False	True	False	1
ing-6d0fa3c34e09	芒果粉	芒果粉	fruit	水果	assets/ingredients/ing-6d0fa3c34e09.svg	False	True	False	1
ing-3f304c095f39	芙內布蘭卡	芙内布兰卡	alcohol	酒与发酵饮品	assets/ingredients/ing-3f304c095f39.svg	False	True	False	1
ing-5f03b2ce3022	芝麻哈爾瓦酥糖	芝麻哈尔瓦酥糖	sweets	可可与甜味配料	assets/ingredients/ing-5f03b2ce3022.svg	False	True	False	9
ing-6d67d445a7d6	芝麻籽	芝麻籽	nuts_seeds	坚果与种子	assets/ingredients/ing-6d67d445a7d6.svg	False	True	False	3
ing-2737501e6342	芝麻籽油	芝麻籽油	oil	油脂	assets/ingredients/ing-2737501e6342.svg	False	True	False	4
ing-22bfc96434cc	芝麻菜	芝麻菜	vegetable	蔬菜与豆类	assets/ingredients/ing-22bfc96434cc.svg	False	True	False	7
ing-45a4bc35a0a1	芥末	芥末	spice	香辛料	assets/ingredients/ing-45a4bc35a0a1.svg	False	True	False	13
ing-a5d0316d191c	花椒	花椒	flowers	食用花	assets/ingredients/ing-a5d0316d191c.svg	False	True	False	14
ing-aca879d2c81b	花椰菜	花椰菜	vegetable	蔬菜与豆类	assets/ingredients/ing-aca879d2c81b.svg	False	True	True	10
ing-7739ff2ac7a8	花生	花生	nuts_seeds	坚果与种子	assets/ingredients/ing-7739ff2ac7a8.svg	False	True	False	1
ing-5b48dcb398f1	花生油	花生油	oil	油脂	assets/ingredients/ing-5b48dcb398f1.svg	False	True	False	2
ing-15080c1a6194	花生醬	花生酱	condiment	酱料与调味	assets/ingredients/ing-15080c1a6194.svg	False	True	False	7
ing-c1755c51d3a2	芹菜	芹菜	vegetable	蔬菜与豆类	assets/ingredients/ing-c1755c51d3a2.svg	False	True	False	4
ing-536868ac7763	芹菜根	芹菜根	vegetable	蔬菜与豆类	assets/ingredients/ing-536868ac7763.svg	False	True	False	7
ing-eb06833b98f3	芹菜籽	芹菜籽	vegetable	蔬菜与豆类	assets/ingredients/ing-eb06833b98f3.svg	False	True	False	1
ing-937b63893030	芹菜葉	芹菜叶	vegetable	蔬菜与豆类	assets/ingredients/ing-937b63893030.svg	False	True	False	12
ing-f43baaa7709f	苜蓿芽	苜蓿芽	herb	香草与叶片	assets/ingredients/ing-f43baaa7709f.svg	False	True	False	1
ing-68649455991c	苦橙皮	苦橙皮	citrus	柑橘	assets/ingredients/ing-68649455991c.svg	False	True	False	5
ing-2e25b4c34d9e	苦艾	苦艾	herb	香草与叶片	assets/ingredients/ing-2e25b4c34d9e.svg	False	True	False	1
ing-338f805eb617	苦艾酒	苦艾酒	alcohol	酒与发酵饮品	assets/ingredients/ing-338f805eb617.svg	False	True	False	5
ing-8ac7c1f48e31	茄子	茄子	vegetable	蔬菜与豆类	assets/ingredients/ing-8ac7c1f48e31.svg	False	True	False	4
ing-5b4b8763f162	茅屋乳酪	茅屋乳酪	cheese	乳酪	assets/ingredients/ing-5b4b8763f162.svg	False	True	False	5
ing-c4cc284f55b6	茉莉花	茉莉花	flowers	食用花	assets/ingredients/ing-c4cc284f55b6.svg	False	True	False	21
ing-beda360aff79	茉莉花茶	茉莉花茶	tea_coffee	茶与咖啡	assets/ingredients/ing-beda360aff79.svg	False	True	True	13
ing-25fc58490fa3	茴菴香	茴藿香	other	待分类	assets/ingredients/ing-25fc58490fa3.svg	False	True	True	1
ing-bedc8b6dea2b	茴蕾香	茴藿香	other	待分类	assets/ingredients/ing-bedc8b6dea2b.svg	False	True	True	5
ing-d75822903903	茴香	茴香	herb	香草与叶片	assets/ingredients/ing-d75822903903.svg	False	True	False	4
ing-f13b69722bd8	茴香籽	茴香籽	nuts_seeds	坚果与种子	assets/ingredients/ing-f13b69722bd8.svg	False	True	False	1
ing-77eb504d0cfc	茴香茶	茴香茶	tea_coffee	茶与咖啡	assets/ingredients/ing-77eb504d0cfc.svg	False	True	False	2
ing-4fbd305be2e6	茴香草	茴香草	spice	香辛料	assets/ingredients/ing-4fbd305be2e6.svg	False	True	False	2
ing-5058ae385082	茵陳蒿	茵陈蒿	herb	香草与叶片	assets/ingredients/ing-5058ae385082.svg	False	True	True	32
ing-c76f6a79f6db	草莓	草莓	fruit	水果	assets/ingredients/ing-c76f6a79f6db.svg	False	True	True	47
ing-28e0a544bc5c	草莓果醬	草莓果酱	condiment	酱料与调味	assets/ingredients/ing-28e0a544bc5c.svg	False	True	False	3
ing-d28209a98442	草莓汁	草莓汁	fruit	水果	assets/ingredients/ing-d28209a98442.svg	False	True	False	1
ing-f59b567dc765	草莓番石榴	草莓番石榴	fruit	水果	assets/ingredients/ing-f59b567dc765.svg	False	True	False	7
ing-517ee6dc6a29	荔枝	荔枝	fruit	水果	assets/ingredients/ing-517ee6dc6a29.svg	False	True	False	41
ing-be93845efbcc	荔枝汁	荔枝汁	fruit	水果	assets/ingredients/ing-be93845efbcc.svg	False	True	False	1
ing-941b025c087c	荔枝香甜酒	荔枝香甜酒	alcohol	酒与发酵饮品	assets/ingredients/ing-941b025c087c.svg	False	True	False	1
ing-df1968a85564	莎梨	莎梨	fruit	水果	assets/ingredients/ing-df1968a85564.svg	False	True	False	8
ing-77e4d184bd9a	莫利洛黑樱桃	莫利洛黑樱桃	fruit	水果	assets/ingredients/ing-77e4d184bd9a.svg	False	True	False	4
ing-6f23067d69c7	莫利洛黑櫻桃	莫利洛黑樱桃	fruit	水果	assets/ingredients/ing-6f23067d69c7.svg	False	True	False	2
ing-88aa79dc3e86	菊苣	菊苣	vegetable	蔬菜与豆类	assets/ingredients/ing-88aa79dc3e86.svg	False	True	True	14
ing-cd4c498b25c2	菊薯(祕魯地蘋果)	菊薯(秘鲁地苹果)	fruit	水果	assets/ingredients/ing-cd4c498b25c2.svg	False	True	False	1
ing-63fc609b5c3f	菊薯祕魯地蘋果	菊薯秘鲁地苹果	fruit	水果	assets/ingredients/ing-63fc609b5c3f.svg	False	True	False	5
ing-e4fd4ad8048e	菊薯（祕魯地蘋果）	菊薯（秘鲁地苹果）	fruit	水果	assets/ingredients/ing-e4fd4ad8048e.svg	False	True	True	1
ing-a9b2607f4b31	菖蒲根	菖蒲根	herb	香草与叶片	assets/ingredients/ing-a9b2607f4b31.svg	False	True	False	2
ing-aa59aa8e8a7e	菜籽油	菜籽油	oil	油脂	assets/ingredients/ing-aa59aa8e8a7e.svg	False	True	False	6
ing-8cf121c15d17	菜籽蜜	菜籽蜜	sweets	可可与甜味配料	assets/ingredients/ing-8cf121c15d17.svg	False	True	False	8
ing-3036a611b860	菩提花	菩提花	flowers	食用花	assets/ingredients/ing-3036a611b860.svg	False	True	False	2
ing-f35f21baeee2	華盛頓臍橙	华盛顿脐橙	citrus	柑橘	assets/ingredients/ing-f35f21baeee2.svg	False	True	False	1
ing-0207cbd6db1e	華蕉	华蕉	fruit	水果	assets/ingredients/ing-0207cbd6db1e.svg	False	True	True	8
ing-fa26bdc3031f	菲諾雪莉酒	菲诺雪莉酒	alcohol	酒与发酵饮品	assets/ingredients/ing-fa26bdc3031f.svg	False	True	True	2
ing-a4ce29e50aee	菲達羊乳酪	菲达羊乳酪	cheese	乳酪	assets/ingredients/ing-a4ce29e50aee.svg	False	True	False	3
ing-4820a3f06100	萊姆	莱姆	citrus	柑橘	assets/ingredients/ing-4820a3f06100.svg	False	True	True	8
ing-a45aef78822f	萊姆樹蜜	莱姆树蜜	sweets	可可与甜味配料	assets/ingredients/ing-a45aef78822f.svg	False	True	False	1
ing-8ed9ff6745b5	萊姆汁	莱姆汁	citrus	柑橘	assets/ingredients/ing-8ed9ff6745b5.svg	False	True	False	3
ing-8864fe109b01	萊姆皮屑	莱姆皮屑	citrus	柑橘	assets/ingredients/ing-8864fe109b01.svg	False	True	False	4
ing-acebb439c7a0	萊姆蜂蜜	莱姆蜂蜜	sweets	可可与甜味配料	assets/ingredients/ing-acebb439c7a0.svg	False	True	False	1
ing-09cc89fea48e	萬壽菊花瓣	万寿菊花瓣	flowers	食用花	assets/ingredients/ing-09cc89fea48e.svg	False	True	True	1
ing-6feb00451cba	著蓬菜	著蓬菜	vegetable	蔬菜与豆类	assets/ingredients/ing-6feb00451cba.svg	True	False	False	2
ing-96955b217e7a	葛瑞爾乳酪	葛瑞尔乳酪	cheese	乳酪	assets/ingredients/ing-96955b217e7a.svg	False	True	True	51
ing-330e08d8bc31	葛縷子籽	葛缕子籽	herb	香草与叶片	assets/ingredients/ing-330e08d8bc31.svg	False	True	True	2
ing-ae86f9a1daef	葡萄	葡萄	fruit	水果	assets/ingredients/ing-ae86f9a1daef.svg	False	True	False	20
ing-e0e43641e50d	葡萄一般	葡萄一般	fruit	水果	assets/ingredients/ing-e0e43641e50d.svg	False	True	False	2
ing-a946fa9086d0	葡萄乾	葡萄干	fruit	水果	assets/ingredients/ing-a946fa9086d0.svg	False	True	True	24
ing-9b3bf393cbf4	葡萄柚	葡萄柚	citrus	柑橘	assets/ingredients/ing-9b3bf393cbf4.svg	False	True	True	33
ing-3b42639cba66	葡萄柚汁	葡萄柚汁	citrus	柑橘	assets/ingredients/ing-3b42639cba66.svg	False	True	False	8
ing-4efdd983ec13	葡萄柚皮	葡萄柚皮	citrus	柑橘	assets/ingredients/ing-4efdd983ec13.svg	False	True	False	5
ing-0b922768b743	葡萄藤煙燻	葡萄藤烟熏	fruit	水果	assets/ingredients/ing-0b922768b743.svg	False	True	False	5
ing-667e73c9de5b	葫蘆巴葉	葫芦巴叶	herb	香草与叶片	assets/ingredients/ing-667e73c9de5b.svg	False	True	True	20
ing-da5b6a1eccd1	蒔薇	莳萝	herb	香草与叶片	assets/ingredients/ing-da5b6a1eccd1.svg	False	True	True	1
ing-167da6bd9f31	蒔蘿	莳萝	herb	香草与叶片	assets/ingredients/ing-167da6bd9f31.svg	False	True	False	22
ing-657720b9a820	蒔蘿籽	莳萝籽	nuts_seeds	坚果与种子	assets/ingredients/ing-657720b9a820.svg	False	True	True	3
ing-1feeb2ed3d0c	蒜味美乃滋	蒜味美乃滋	condiment	酱料与调味	assets/ingredients/ing-1feeb2ed3d0c.svg	False	True	False	2
ing-8d102ab1ce99	蒜末	蒜末	vegetable	蔬菜与豆类	assets/ingredients/ing-8d102ab1ce99.svg	False	True	False	2
ing-5984098a4ef5	蒜泥	蒜泥	vegetable	蔬菜与豆类	assets/ingredients/ing-5984098a4ef5.svg	False	True	False	4
ing-6857f7acaffe	蒸秋姑魚	蒸秋姑鱼	seafood	水产	assets/ingredients/ing-6857f7acaffe.svg	False	True	False	1
ing-d8168d564da9	蒸羽衣甘藍	蒸羽衣甘蓝	vegetable	蔬菜与豆类	assets/ingredients/ing-d8168d564da9.svg	False	True	False	16
ing-3216c35721bb	蒸芥菜	蒸芥菜	vegetable	蔬菜与豆类	assets/ingredients/ing-3216c35721bb.svg	False	True	True	11
ing-258dba1bb5d0	蒸蕪菁葉	蒸芜菁叶	vegetable	蔬菜与豆类	assets/ingredients/ing-258dba1bb5d0.svg	False	True	False	5
ing-a84215e87c50	蒸蘿蔔葉cimedirapa)	蒸萝卜叶cimedirapa)	vegetable	蔬菜与豆类	assets/ingredients/ing-a84215e87c50.svg	False	True	False	1
ing-9c279272493c	蒸韭蔥	蒸韭葱	vegetable	蔬菜与豆类	assets/ingredients/ing-9c279272493c.svg	False	True	False	5
ing-576e86a62b8f	蒼白莖藜籽	苍白茎藜籽	nuts_seeds	坚果与种子	assets/ingredients/ing-576e86a62b8f.svg	False	True	False	3
ing-ad5dea6586e3	蓬萊蕉	蓬莱蕉	fruit	水果	assets/ingredients/ing-ad5dea6586e3.svg	False	True	False	1
ing-6c612de272c6	蓮霧	莲雾	fruit	水果	assets/ingredients/ing-6c612de272c6.svg	False	True	False	7
ing-a1b2c235b8c0	蔓越莓	蔓越莓	fruit	水果	assets/ingredients/ing-a1b2c235b8c0.svg	False	True	True	29
ing-2286c250be35	蔓越莓汁	蔓越莓汁	fruit	水果	assets/ingredients/ing-2286c250be35.svg	False	True	False	4
ing-6972e58415a5	蔗糖漿	蔗糖浆	sweets	可可与甜味配料	assets/ingredients/ing-6972e58415a5.svg	False	True	False	2
ing-49e4c6e5b159	蔬菜湯	蔬菜汤	vegetable	蔬菜与豆类	assets/ingredients/ing-49e4c6e5b159.svg	False	True	True	18
ing-15834cc25661	蕎麥	荞麦	bread_grain	谷物与烘焙	assets/ingredients/ing-15834cc25661.svg	False	True	False	3
ing-7641ae5cdf75	蕎麥蜜	荞麦蜜	sweets	可可与甜味配料	assets/ingredients/ing-7641ae5cdf75.svg	False	True	False	13
ing-dc51a3ebdea5	蕎麥麵包	荞麦面包	bread_grain	谷物与烘焙	assets/ingredients/ing-dc51a3ebdea5.svg	False	True	False	1
ing-55d264b180d9	蕪菁	芜菁	vegetable	蔬菜与豆类	assets/ingredients/ing-55d264b180d9.svg	False	True	False	4
ing-d31ff378676f	蕪菁葉	芜菁叶	vegetable	蔬菜与豆类	assets/ingredients/ing-d31ff378676f.svg	False	True	False	1
ing-2a511f124fe9	蕾香花	藿香花	flowers	食用花	assets/ingredients/ing-2a511f124fe9.svg	False	True	True	3
ing-fa300b5cddf5	薄口醬油	薄口酱油	condiment	酱料与调味	assets/ingredients/ing-fa300b5cddf5.svg	False	True	True	11
ing-435a566040b3	薄脆薑餅	薄脆姜饼	bread_grain	谷物与烘焙	assets/ingredients/ing-435a566040b3.svg	False	True	False	1
ing-ae506736a67b	薄荷	薄荷	herb	香草与叶片	assets/ingredients/ing-ae506736a67b.svg	False	True	False	39
ing-94ed6bf3e1ad	薑	姜	spice	香辛料	assets/ingredients/ing-94ed6bf3e1ad.svg	False	True	False	1
ing-94e60f43b839	薑汁啤酒	姜汁啤酒	alcohol	酒与发酵饮品	assets/ingredients/ing-94e60f43b839.svg	False	True	False	4
ing-b2cbf5e35ed6	薑汁汽水	姜汁汽水	tea_coffee	茶与咖啡	assets/ingredients/ing-b2cbf5e35ed6.svg	False	True	False	3
ing-86a23931090e	薑泥	姜泥	spice	香辛料	assets/ingredients/ing-86a23931090e.svg	False	True	False	21
ing-dd22fedaea24	薑餅	姜饼	bread_grain	谷物与烘焙	assets/ingredients/ing-dd22fedaea24.svg	False	True	False	3
ing-9e04023fc206	薑黃	姜黄	spice	香辛料	assets/ingredients/ing-9e04023fc206.svg	False	True	False	8
ing-10eead6e9372	薩卡帕23頂級蘭姆酒	萨卡帕23顶级兰姆酒	alcohol	酒与发酵饮品	assets/ingredients/ing-10eead6e9372.svg	False	True	False	1
ing-11ef1608e2a2	薩卡帕X0蘭姆酒	萨卡帕X0兰姆酒	alcohol	酒与发酵饮品	assets/ingredients/ing-11ef1608e2a2.svg	False	True	False	1
ing-d5fa3d98b5de	薩拉米	萨拉米	meat	肉类	assets/ingredients/ing-d5fa3d98b5de.svg	False	True	False	11
ing-2452db6b437d	薯條	薯条	vegetable	蔬菜与豆类	assets/ingredients/ing-2452db6b437d.svg	False	True	True	20
ing-2a1e9606debb	薯片	薯片	vegetable	蔬菜与豆类	assets/ingredients/ing-2a1e9606debb.svg	False	True	True	4
ing-37b2a467e34c	薰衣草蜂蜜	薰衣草蜂蜜	sweets	可可与甜味配料	assets/ingredients/ing-37b2a467e34c.svg	False	True	False	7
ing-2e7ca9b7e9f2	藍紋乳酪	蓝纹乳酪	cheese	乳酪	assets/ingredients/ing-2e7ca9b7e9f2.svg	False	True	False	6
ing-828519f33412	藍莓	蓝莓	fruit	水果	assets/ingredients/ing-828519f33412.svg	False	True	True	27
ing-693366a37f02	藍莓醋	蓝莓醋	vinegar	醋	assets/ingredients/ing-693366a37f02.svg	False	True	False	10
ing-36a03fc6ae7f	藍蟹	蓝蟹	seafood	水产	assets/ingredients/ing-36a03fc6ae7f.svg	False	True	False	1
ing-e3e4786fdb0e	藍豐藍莓	蓝丰蓝莓	fruit	水果	assets/ingredients/ing-e3e4786fdb0e.svg	False	True	False	7
ing-d68b8c69a87c	藻類	藻类	seaweed	海藻	assets/ingredients/ing-d68b8c69a87c.svg	False	True	False	1
ing-c66efc0dbd80	藻類Gracilariacarnosa	藻类Gracilariacarnosa	seaweed	海藻	assets/ingredients/ing-c66efc0dbd80.svg	False	True	False	15
ing-fa30aa143728	蘇格蘭威士忌	苏格兰威士忌	alcohol	酒与发酵饮品	assets/ingredients/ing-fa30aa143728.svg	False	True	False	1
ing-5cf511999d95	蘇玳甜白葡萄酒	苏玳甜白葡萄酒	alcohol	酒与发酵饮品	assets/ingredients/ing-5cf511999d95.svg	False	True	False	5
ing-e17eaf45d99b	蘇連多檸檬	苏连多柠檬	citrus	柑橘	assets/ingredients/ing-e17eaf45d99b.svg	False	True	False	1
ing-8c78f3244b82	蘋果	苹果	fruit	水果	assets/ingredients/ing-8c78f3244b82.svg	False	True	True	12
ing-ea7714d95182	蘋果一般	苹果一般	fruit	水果	assets/ingredients/ing-ea7714d95182.svg	False	True	False	1
ing-1bdcfda4fec8	蘋果木煙燻	苹果木烟熏	fruit	水果	assets/ingredients/ing-1bdcfda4fec8.svg	False	True	False	2
ing-547e66d96321	蘋果汁	苹果汁	fruit	水果	assets/ingredients/ing-547e66d96321.svg	False	True	False	3
ing-df4e71b30905	蘋果花	苹果花	fruit	水果	assets/ingredients/ing-df4e71b30905.svg	False	True	False	1
ing-b15068332fed	蘋果西打	苹果西打	alcohol	酒与发酵饮品	assets/ingredients/ing-b15068332fed.svg	False	True	False	3
ing-db772c7316a4	蘋果醋	苹果醋	vinegar	醋	assets/ingredients/ing-db772c7316a4.svg	False	True	True	3
ing-df7740c5c328	蘋果醬	苹果酱	condiment	酱料与调味	assets/ingredients/ing-df7740c5c328.svg	False	True	False	6
ing-8963913c6c4f	蘑菇醬	蘑菇酱	mushroom	菌菇	assets/ingredients/ing-8963913c6c4f.svg	False	True	False	1
ing-4b4ab3047cf8	蘭姆酒	兰姆酒	alcohol	酒与发酵饮品	assets/ingredients/ing-4b4ab3047cf8.svg	False	True	False	1
ing-2757fb137df5	蘭比克啤酒	兰比克啤酒	alcohol	酒与发酵饮品	assets/ingredients/ing-2757fb137df5.svg	False	True	True	7
ing-6c50e513b025	蘿蔔	萝卜	vegetable	蔬菜与豆类	assets/ingredients/ing-6c50e513b025.svg	False	True	True	14
ing-9787c0f7776a	虹鱒	虹鳟	seafood	水产	assets/ingredients/ing-9787c0f7776a.svg	False	True	False	3
ing-2813796b55c0	蛇皮果	蛇皮果	fruit	水果	assets/ingredients/ing-2813796b55c0.svg	False	True	False	1
ing-5bd16064fd4d	蛇麻草芽	蛇麻草芽	herb	香草与叶片	assets/ingredients/ing-5bd16064fd4d.svg	False	True	True	11
ing-3091cdd570b9	蛇麻草芽啤酒花芽	蛇麻草芽啤酒花芽	alcohol	酒与发酵饮品	assets/ingredients/ing-3091cdd570b9.svg	False	True	False	1
ing-4d333f98a974	蛇麻草芽（啤酒花芽）	蛇麻草芽（啤酒花芽）	alcohol	酒与发酵饮品	assets/ingredients/ing-4d333f98a974.svg	False	True	True	1
ing-3e6d2d26268e	蛋黃	蛋黄	dairy	乳品与蛋	assets/ingredients/ing-3e6d2d26268e.svg	False	True	False	1
ing-7b026c56a424	蜂蜜	蜂蜜	sweets	可可与甜味配料	assets/ingredients/ing-7b026c56a424.svg	False	True	True	8
ing-f16a341077f1	蜂香薄荷花	蜂香薄荷花	flowers	食用花	assets/ingredients/ing-f16a341077f1.svg	False	True	False	1
ing-6ecc1fe21751	蜜樹	蜜树	other	待分类	assets/ingredients/ing-6ecc1fe21751.svg	False	True	True	1
ing-a7fe526940e7	蜜瓜	蜜瓜	fruit	水果	assets/ingredients/ing-a7fe526940e7.svg	False	True	False	14
ing-3e9487ec41f0	蜜香紅茶大葉烏龍	蜜香红茶大叶乌龙	tea_coffee	茶与咖啡	assets/ingredients/ing-3e9487ec41f0.svg	False	True	False	1
ing-ede11699a54a	蝮油	蚝油	oil	油脂	assets/ingredients/ing-ede11699a54a.svg	False	True	True	1
ing-4367a42d0b63	蝮菇	蚝菇	mushroom	菌菇	assets/ingredients/ing-4367a42d0b63.svg	False	True	True	1
ing-57fc7447b799	蝸牛子醬	蜗牛子酱	condiment	酱料与调味	assets/ingredients/ing-57fc7447b799.svg	False	True	False	1
ing-16806d9b228b	融化奶油	融化奶油	oil	油脂	assets/ingredients/ing-16806d9b228b.svg	False	True	True	6
ing-999f9da36e8d	螯蝦	螯虾	seafood	水产	assets/ingredients/ing-999f9da36e8d.svg	False	True	True	8
ing-f6b538479f92	螺菇	蚝菇	mushroom	菌菇	assets/ingredients/ing-f6b538479f92.svg	False	True	True	1
ing-6dd7c1b9dc86	蟹肉	蟹肉	seafood	水产	assets/ingredients/ing-6dd7c1b9dc86.svg	False	False	True	1
ing-b6588c918037	蠶豆	蚕豆	vegetable	蔬菜与豆类	assets/ingredients/ing-b6588c918037.svg	False	True	False	16
ing-a0337464b820	血橙汁	血橙汁	citrus	柑橘	assets/ingredients/ing-a0337464b820.svg	False	True	False	1
ing-d667f81b69c9	裙带菜	裙带菜	seaweed	海藻	assets/ingredients/ing-d667f81b69c9.svg	False	True	False	1
ing-19a79df2b66f	裙帶菜	裙带菜	seaweed	海藻	assets/ingredients/ing-19a79df2b66f.svg	False	True	False	7
ing-7ef17ca2964a	裸麥麵包	裸麦面包	bread_grain	谷物与烘焙	assets/ingredients/ing-7ef17ca2964a.svg	False	True	False	7
ing-26830135163a	裸麥麵包丁	裸麦面包丁	bread_grain	谷物与烘焙	assets/ingredients/ing-26830135163a.svg	False	True	False	8
ing-e647e204b16e	褐色小牛高湯	褐色小牛高汤	meat	肉类	assets/ingredients/ing-e647e204b16e.svg	False	True	False	5
ing-43866e0deba1	褐色雞高湯	褐色鸡高汤	meat	肉类	assets/ingredients/ing-43866e0deba1.svg	False	True	False	6
ing-27dfd9191bbe	褐蝦	褐虾	seafood	水产	assets/ingredients/ing-27dfd9191bbe.svg	False	True	False	13
ing-e6c047045faa	西印度櫻桃	西印度樱桃	fruit	水果	assets/ingredients/ing-e6c047045faa.svg	False	True	False	5
ing-920ab8a3e6af	西打	西打	alcohol	酒与发酵饮品	assets/ingredients/ing-920ab8a3e6af.svg	False	True	False	1
ing-6e9c080a98ea	西洋菜	西洋菜	vegetable	蔬菜与豆类	assets/ingredients/ing-6e9c080a98ea.svg	False	True	False	4
ing-1e9882af524d	西洋蓍草花	西洋蓍草花	flowers	食用花	assets/ingredients/ing-1e9882af524d.svg	False	True	False	1
ing-07e5109bb276	西班牙喬利佐香腸	西班牙乔利佐香肠	meat	肉类	assets/ingredients/ing-07e5109bb276.svg	False	True	True	31
ing-f5c5197cd2bc	西班牙柑橘蜂蜜	西班牙柑橘蜂蜜	sweets	可可与甜味配料	assets/ingredients/ing-f5c5197cd2bc.svg	False	True	False	1
ing-47ff3c5dee6b	西班牙火服100%頂級伊比利橡實豬	西班牙火腿(100%顶级伊比利橡实猪)	meat	肉类	assets/ingredients/ing-47ff3c5dee6b.svg	False	True	True	1
ing-4d44133cf501	西班牙火腋100%頂級伊比利橡實豬	西班牙火腿(100%顶级伊比利橡实猪)	meat	肉类	assets/ingredients/ing-4d44133cf501.svg	False	True	True	2
ing-b6287f19f0d9	西班牙火腿100%頂級伊比^橡實豬	西班牙火腿(100%顶级伊比利橡实猪)	meat	肉类	assets/ingredients/ing-b6287f19f0d9.svg	False	True	True	1
ing-2323fc45adac	西班牙火腿100%頂級伊比利橡實豬	西班牙火腿100%顶级伊比利橡实猪	meat	肉类	assets/ingredients/ing-2323fc45adac.svg	False	True	False	20
ing-aee4282ba4dd	西班牙火腿100%頂級伊比利橡實豬)	西班牙火腿100%顶级伊比利橡实猪)	meat	肉类	assets/ingredients/ing-aee4282ba4dd.svg	False	True	False	1
ing-d208908f53cc	西班牙火腿doo%頂級伊比利橡實豬	西班牙火腿(100%顶级伊比利橡实猪)	meat	肉类	assets/ingredients/ing-d208908f53cc.svg	False	True	True	1
ing-ccaf6cc9bf1f	西班牙火腿（100%頂級伊比利橡實豬）	西班牙火腿（100%顶级伊比利橡实猪）	meat	肉类	assets/ingredients/ing-ccaf6cc9bf1f.svg	False	True	True	3
ing-cefb1f61852f	西班牙莎奇瓊香腸	西班牙莎奇琼香肠	meat	肉类	assets/ingredients/ing-cefb1f61852f.svg	False	True	True	21
ing-3e3f03caa043	西瓜	西瓜	fruit	水果	assets/ingredients/ing-3e3f03caa043.svg	False	True	False	9
ing-fb8015789b08	覆盆子	覆盆子	fruit	水果	assets/ingredients/ing-fb8015789b08.svg	False	True	True	35
ing-9e28c355e8d4	覆盆子果醬	覆盆子果酱	condiment	酱料与调味	assets/ingredients/ing-9e28c355e8d4.svg	False	True	False	1
ing-6820153917ee	覆盆子汁	覆盆子汁	fruit	水果	assets/ingredients/ing-6820153917ee.svg	False	True	False	1
ing-e9ce6c5985a9	覆盆子泥	覆盆子泥	fruit	水果	assets/ingredients/ing-e9ce6c5985a9.svg	False	True	False	2
ing-44b54f5ad98b	見	哈密瓜	fruit	水果	assets/ingredients/ing-44b54f5ad98b.svg	False	True	True	1
ing-ea9bd125ddcc	角蝦	角虾	seafood	水产	assets/ingredients/ing-ea9bd125ddcc.svg	False	True	False	8
ing-3fe68d214a7b	諾托蜜思嘉	诺托蜜思嘉	alcohol	酒与发酵饮品	assets/ingredients/ing-3fe68d214a7b.svg	False	True	False	1
ing-00b9308319c5	諾麗果	诺丽果	fruit	水果	assets/ingredients/ing-00b9308319c5.svg	False	True	False	1
ing-6125ae984933	豆漿	豆浆	vegetable	蔬菜与豆类	assets/ingredients/ing-6125ae984933.svg	False	True	False	7
ing-15c8640917f0	豆漿優格	豆浆优格	dairy	乳品与蛋	assets/ingredients/ing-15c8640917f0.svg	False	True	False	5
ing-4fc10d8f3977	豆腐	豆腐	vegetable	蔬菜与豆类	assets/ingredients/ing-4fc10d8f3977.svg	False	True	False	2
ing-e1cd1fe9aa85	豆腐乳	豆腐乳	vegetable	蔬菜与豆类	assets/ingredients/ing-e1cd1fe9aa85.svg	False	True	False	1
ing-358db542ace6	豆蔻籽	豆蔻籽	nuts_seeds	坚果与种子	assets/ingredients/ing-358db542ace6.svg	False	True	True	43
ing-b69535c64b68	豆蔻葉	豆蔻叶	spice	香辛料	assets/ingredients/ing-b69535c64b68.svg	False	True	False	5
ing-d9cf5577f85a	豆豉發酵黑豆	豆豉发酵黑豆	vegetable	蔬菜与豆类	assets/ingredients/ing-d9cf5577f85a.svg	False	True	False	2
ing-3d6229ff65c6	豌豆	豌豆	vegetable	蔬菜与豆类	assets/ingredients/ing-3d6229ff65c6.svg	False	True	False	12
ing-20d7caedc3b0	豐香草莓	丰香草莓	fruit	水果	assets/ingredients/ing-20d7caedc3b0.svg	False	True	False	1
ing-938d4d11b850	豬油	猪油	oil	油脂	assets/ingredients/ing-938d4d11b850.svg	False	True	False	1
ing-f9232f2a6ec4	豬肉	猪肉	meat	肉类	assets/ingredients/ing-f9232f2a6ec4.svg	False	True	False	1
ing-f46e1beb3c76	豬骨肉汁	猪骨肉汁	meat	肉类	assets/ingredients/ing-f46e1beb3c76.svg	False	True	True	5
ing-20f0705239e5	貝&鸵鳥肉	煎鸵鸟肉	meat	肉类	assets/ingredients/ing-20f0705239e5.svg	False	True	True	1
ing-510c63d12543	貝n鳥它鳥肉	煎鸵鸟肉	meat	肉类	assets/ingredients/ing-510c63d12543.svg	False	True	True	1
ing-f930fbf4986d	貝果	贝果	bread_grain	谷物与烘焙	assets/ingredients/ing-f930fbf4986d.svg	False	True	False	8
ing-f252f33abf53	貝類高湯	贝类高汤	seafood	水产	assets/ingredients/ing-f252f33abf53.svg	False	True	False	17
ing-6c61bbc9fff1	越南魚露	越南鱼露	condiment	酱料与调味	assets/ingredients/ing-6c61bbc9fff1.svg	False	True	True	2
ing-635773af29c3	越橘	越橘	citrus	柑橘	assets/ingredients/ing-635773af29c3.svg	False	True	False	2
ing-8bfdebc0e5f2	軒尼詩VS干邑白蘭地	轩尼诗VS干邑白兰地	alcohol	酒与发酵饮品	assets/ingredients/ing-8bfdebc0e5f2.svg	False	True	False	2
ing-d689dbf1a651	軒尼詩X0干邑白蘭地	轩尼诗X0干邑白兰地	alcohol	酒与发酵饮品	assets/ingredients/ing-d689dbf1a651.svg	False	True	False	2
ing-88fa01fa21d9	軟肉菠蘿蜜	软肉菠萝蜜	meat	肉类	assets/ingredients/ing-88fa01fa21d9.svg	False	True	True	2
ing-0824ff1abe3a	軟質乳酪	软质乳酪	cheese	乳酪	assets/ingredients/ing-0824ff1abe3a.svg	False	True	False	4
ing-4bae9177cfea	辣根末	辣根末	spice	香辛料	assets/ingredients/ing-4bae9177cfea.svg	False	False	True	1
ing-2160cc15e4cc	辣根根	辣根根	spice	香辛料	assets/ingredients/ing-2160cc15e4cc.svg	False	True	False	1
ing-23ad4af81056	辣根泥	辣根泥	spice	香辛料	assets/ingredients/ing-23ad4af81056.svg	False	True	False	5
ing-9b66e65c4b8a	辣椒醬	辣椒酱	condiment	酱料与调味	assets/ingredients/ing-9b66e65c4b8a.svg	False	True	False	11
ing-f10965df4904	農莊切達乳酪	农庄切达乳酪	cheese	乳酪	assets/ingredients/ing-f10965df4904.svg	False	True	False	7
ing-694e36b14ad8	迷迭香	迷迭香	herb	香草与叶片	assets/ingredients/ing-694e36b14ad8.svg	False	True	False	19
ing-683a55b0db06	迷迭香蜂蜜	迷迭香蜂蜜	sweets	可可与甜味配料	assets/ingredients/ing-683a55b0db06.svg	False	True	True	3
ing-742286116749	通寧水	通宁水	tea_coffee	茶与咖啡	assets/ingredients/ing-742286116749.svg	False	True	False	2
ing-f4a9a9cdbced	達賽萊克特草莓	达赛莱克特草莓	fruit	水果	assets/ingredients/ing-f4a9a9cdbced.svg	False	True	False	5
ing-d779ed430ed8	鄉村麵包	乡村面包	bread_grain	谷物与烘焙	assets/ingredients/ing-d779ed430ed8.svg	False	True	False	1
ing-aea8ff020fde	酢橘	酢橘	citrus	柑橘	assets/ingredients/ing-aea8ff020fde.svg	False	True	False	3
ing-36acc5138461	酪梨	酪梨	fruit	水果	assets/ingredients/ing-36acc5138461.svg	False	True	True	27
ing-18b71106fe85	酪梨醬	酪梨酱	condiment	酱料与调味	assets/ingredients/ing-18b71106fe85.svg	False	True	True	2
ing-e4cdba7c4e95	酸奶油	酸奶油	dairy	乳品与蛋	assets/ingredients/ing-e4cdba7c4e95.svg	False	True	True	11
ing-637e56908262	酸樱桃	酸樱桃	fruit	水果	assets/ingredients/ing-637e56908262.svg	False	True	False	2
ing-e66271d2dbc0	酸橘	酸橘	citrus	柑橘	assets/ingredients/ing-e66271d2dbc0.svg	False	True	False	2
ing-d792b1b98652	酸櫻桃	酸樱桃	fruit	水果	assets/ingredients/ing-d792b1b98652.svg	False	True	False	2
ing-b5636733d78a	酸漿	酸浆	fruit	水果	assets/ingredients/ing-b5636733d78a.svg	False	True	True	19
ing-34a484399284	酸種裸麥麵包	酸种裸麦面包	bread_grain	谷物与烘焙	assets/ingredients/ing-34a484399284.svg	False	True	False	8
ing-6635027625bb	酸種麵包	酸种面包	bread_grain	谷物与烘焙	assets/ingredients/ing-6635027625bb.svg	False	True	False	1
ing-3ac8c33ffbe5	醃漬樱花	腌渍樱花	condiment	酱料与调味	assets/ingredients/ing-3ac8c33ffbe5.svg	False	True	False	2
ing-42514687f2d7	醃漬櫻花	腌渍樱花	condiment	酱料与调味	assets/ingredients/ing-42514687f2d7.svg	False	True	False	10
ing-3ccac6e8d5bb	醃漬櫻葉	腌渍樱叶	condiment	酱料与调味	assets/ingredients/ing-3ccac6e8d5bb.svg	False	True	False	6
ing-0cfa20155446	醃漬葡萄葉	腌渍葡萄叶	condiment	酱料与调味	assets/ingredients/ing-0cfa20155446.svg	False	True	True	6
ing-bddc63543ee3	醃漬酸豆	腌渍酸豆	condiment	酱料与调味	assets/ingredients/ing-bddc63543ee3.svg	False	True	False	5
ing-cf3baf6583ab	醃漬黃瓜	腌渍黄瓜	vegetable	蔬菜与豆类	assets/ingredients/ing-cf3baf6583ab.svg	False	True	False	7
ing-bbc4f0fcc235	醋栗	醋栗	vinegar	醋	assets/ingredients/ing-bbc4f0fcc235.svg	False	True	False	4
ing-35f19f6f1efc	醍魚高湯	鳀鱼高汤	seafood	水产	assets/ingredients/ing-35f19f6f1efc.svg	False	True	True	1
ing-24859a840f76	醬油	酱油	condiment	酱料与调味	assets/ingredients/ing-24859a840f76.svg	False	True	False	1
ing-2242bed739d1	醬油膏	酱油膏	condiment	酱料与调味	assets/ingredients/ing-2242bed739d1.svg	False	True	True	12
ing-cb3571346f22	釋迦	释迦	fruit	水果	assets/ingredients/ing-cb3571346f22.svg	False	True	False	5
ing-02d756c7e24c	里肌豬排	里肌猪排	meat	肉类	assets/ingredients/ing-02d756c7e24c.svg	False	True	False	4
ing-b3f737d9455b	野火雞波本威士忌	野火鸡波本威士忌	alcohol	酒与发酵饮品	assets/ingredients/ing-b3f737d9455b.svg	False	True	False	1
ing-41aabc57e802	野生接骨木莓	野生接骨木莓	fruit	水果	assets/ingredients/ing-41aabc57e802.svg	False	True	False	3
ing-ca76ce9c942d	野生洋甘菊	野生洋甘菊	flowers	食用花	assets/ingredients/ing-ca76ce9c942d.svg	False	True	False	1
ing-024125617f95	野生草莓	野生草莓	fruit	水果	assets/ingredients/ing-024125617f95.svg	False	True	True	13
ing-e3b4ab2de9f0	野羅勒	野罗勒	herb	香草与叶片	assets/ingredients/ing-e3b4ab2de9f0.svg	False	True	False	4
ing-0659dbac1ef1	野蒜	野蒜	vegetable	蔬菜与豆类	assets/ingredients/ing-0659dbac1ef1.svg	False	True	True	7
ing-25540aa7f6c5	野薄荷	野薄荷	herb	香草与叶片	assets/ingredients/ing-25540aa7f6c5.svg	False	True	False	5
ing-0059646ab7fc	野藍莓果醬	野蓝莓果酱	condiment	酱料与调味	assets/ingredients/ing-0059646ab7fc.svg	False	True	False	2
ing-b6534b0f70b5	野香檸檬花	野香柠檬花	citrus	柑橘	assets/ingredients/ing-b6534b0f70b5.svg	False	True	False	1
ing-c6bc86c8e457	金冠蘋果	金冠苹果	fruit	水果	assets/ingredients/ing-c6bc86c8e457.svg	False	True	False	8
ing-7582405f7502	金巴利	金巴利	alcohol	酒与发酵饮品	assets/ingredients/ing-7582405f7502.svg	False	True	False	1
ing-777d09382cd5	金快活傳統銀龍舌蘭酒	金快活传统银龙舌兰酒	alcohol	酒与发酵饮品	assets/ingredients/ing-777d09382cd5.svg	False	True	True	1
ing-b6c78bf99a5c	金枕頭榴梗	金枕头榴梿	fruit	水果	assets/ingredients/ing-b6c78bf99a5c.svg	False	True	True	1
ing-b7fcdc5560b6	金枕頭榴樋	金枕头榴梿	fruit	水果	assets/ingredients/ing-b7fcdc5560b6.svg	False	True	True	1
ing-902356d8ad7d	金枕頭榴機	金枕头榴梿	fruit	水果	assets/ingredients/ing-902356d8ad7d.svg	False	True	True	2
ing-4e75a7f96977	金橘	金橘	citrus	柑橘	assets/ingredients/ing-4e75a7f96977.svg	False	True	False	2
ing-97f9639f9eda	金橘皮	金橘皮	citrus	柑橘	assets/ingredients/ing-97f9639f9eda.svg	False	True	False	7
ing-d551689d3583	金盞花	金盏花	flowers	食用花	assets/ingredients/ing-d551689d3583.svg	False	True	True	3
ing-445347250ed0	金目鱸	金目鲈	seafood	水产	assets/ingredients/ing-445347250ed0.svg	False	True	False	5
ing-99165e256fd1	金華火腿	金华火腿	meat	肉类	assets/ingredients/ing-99165e256fd1.svg	False	True	False	3
ing-145814199f9b	金蓮葉	金莲叶	herb	香草与叶片	assets/ingredients/ing-145814199f9b.svg	False	True	False	3
ing-a6e05d188abe	金針菇	金针菇	mushroom	菌菇	assets/ingredients/ing-a6e05d188abe.svg	False	True	False	1
ing-4b276fb286cd	金銀花	金银花	flowers	食用花	assets/ingredients/ing-4b276fb286cd.svg	False	True	False	1
ing-95a5e9ae03c2	金黃巧克力	金黄巧克力	sweets	可可与甜味配料	assets/ingredients/ing-95a5e9ae03c2.svg	False	True	False	3
ing-6033b338c6cd	開心果	开心果	nuts_seeds	坚果与种子	assets/ingredients/ing-6033b338c6cd.svg	False	True	False	18
ing-4e2e5a0cdcd3	開心果抹醬	开心果抹酱	nuts_seeds	坚果与种子	assets/ingredients/ing-4e2e5a0cdcd3.svg	False	True	False	1
ing-1afc140dcd6c	開花茶	开花茶	tea_coffee	茶与咖啡	assets/ingredients/ing-1afc140dcd6c.svg	False	True	False	2
ing-cdf56ddbfada	防風根	防风根	vegetable	蔬菜与豆类	assets/ingredients/ing-cdf56ddbfada.svg	False	True	False	6
ing-e4168b0532c8	阿拉比卡咖啡	阿拉比卡咖啡	tea_coffee	茶与咖啡	assets/ingredients/ing-e4168b0532c8.svg	False	True	False	1
ing-fe333ee81a34	阿根廷青醬	阿根廷青酱	condiment	酱料与调味	assets/ingredients/ing-fe333ee81a34.svg	False	True	False	1
ing-b9c454fc1b99	阿芳素芒果	阿芳素芒果	fruit	水果	assets/ingredients/ing-b9c454fc1b99.svg	False	True	False	34
ing-6f65196711a1	阿芳索芒果	阿芳索芒果	fruit	水果	assets/ingredients/ing-6f65196711a1.svg	False	True	True	1
ing-24d5be803f95	阿蒙提亞多雪莉酒	阿蒙提亚多雪莉酒	alcohol	酒与发酵饮品	assets/ingredients/ing-24d5be803f95.svg	False	True	False	2
ing-ab33563a6bbd	阿讓西梅乾	阿让西梅干	fruit	水果	assets/ingredients/ing-ab33563a6bbd.svg	False	True	False	15
ing-d948c64797cb	阿貝金納初榨橄欖油	阿贝金纳初榨橄榄油	oil	油脂	assets/ingredients/ing-d948c64797cb.svg	False	True	True	5
ing-010be8291a34	阿貝金納橄欖油	阿贝金纳橄榄油	oil	油脂	assets/ingredients/ing-010be8291a34.svg	False	True	True	5
ing-634d14cf20ee	阿貝金納特級初榨橄欖油	阿贝金纳特级初榨橄榄油	oil	油脂	assets/ingredients/ing-634d14cf20ee.svg	False	True	True	11
ing-d228cdcb474d	陳年蘭姆酒	陈年兰姆酒	alcohol	酒与发酵饮品	assets/ingredients/ing-d228cdcb474d.svg	False	True	False	1
ing-f6c12ee628cb	雅文邑	雅文邑	alcohol	酒与发酵饮品	assets/ingredients/ing-f6c12ee628cb.svg	False	True	False	2
ing-04416ed297ee	雅香瓜(日本香瓜)	雅香瓜(日本香瓜)	fruit	水果	assets/ingredients/ing-04416ed297ee.svg	False	True	False	4
ing-f415b72ab016	雅香瓜日本香瓜	雅香瓜日本香瓜	fruit	水果	assets/ingredients/ing-f415b72ab016.svg	False	True	False	18
ing-f447e9475934	雜糧麵包	杂粮面包	bread_grain	谷物与烘焙	assets/ingredients/ing-f447e9475934.svg	False	True	False	8
ing-5ebaad9042d0	雞油菌	鸡油菌	mushroom	菌菇	assets/ingredients/ing-5ebaad9042d0.svg	False	True	True	10
ing-721dce9d5bd2	雞湯	鸡汤	meat	肉类	assets/ingredients/ing-721dce9d5bd2.svg	False	True	False	2
ing-4d3d79264a9b	雞胸排	鸡胸排	meat	肉类	assets/ingredients/ing-4d3d79264a9b.svg	False	True	False	3
ing-87ae8cff1961	雪樹伏特加	雪树伏特加	alcohol	酒与发酵饮品	assets/ingredients/ing-87ae8cff1961.svg	False	True	False	1
ing-d1a49b545cd8	雪樹未過濾伏特加	雪树未过滤伏特加	alcohol	酒与发酵饮品	assets/ingredients/ing-d1a49b545cd8.svg	False	True	False	1
ing-cfdbfad2d6c4	雪莉酒	雪莉酒	alcohol	酒与发酵饮品	assets/ingredients/ing-cfdbfad2d6c4.svg	False	True	False	1
ing-3e7460072831	雪莉醋	雪莉醋	vinegar	醋	assets/ingredients/ing-3e7460072831.svg	False	True	False	10
ing-82356a7fb6de	雲莓	云莓	fruit	水果	assets/ingredients/ing-82356a7fb6de.svg	False	True	False	8
ing-b0ad0bda5aca	零陵香豆	零陵香豆	spice	香辛料	assets/ingredients/ing-b0ad0bda5aca.svg	False	True	True	7
ing-45040d2a9264	青哈瓦那辣椒	青哈瓦那辣椒	spice	香辛料	assets/ingredients/ing-45040d2a9264.svg	False	True	False	12
ing-6690440123a6	青普	青普	other	待分类	assets/ingredients/ing-6690440123a6.svg	False	True	False	1
ing-79e04dc59f05	青花筍	青花笋	vegetable	蔬菜与豆类	assets/ingredients/ing-79e04dc59f05.svg	False	True	False	1
ing-a15459e6dc9b	青芹菜根	青芹菜根	vegetable	蔬菜与豆类	assets/ingredients/ing-a15459e6dc9b.svg	False	True	False	1
ing-feb153dc3062	青辣椒	青辣椒	spice	香辛料	assets/ingredients/ing-feb153dc3062.svg	False	True	True	8
ing-cf80619ebf65	青醬	青酱	condiment	酱料与调味	assets/ingredients/ing-cf80619ebf65.svg	False	True	False	6
ing-ba216519fbba	韋蘭蘋果	韦兰苹果	fruit	水果	assets/ingredients/ing-ba216519fbba.svg	False	True	False	1
ing-7f3f00cf5065	韓國烤牛肉	韩国烤牛肉	meat	肉类	assets/ingredients/ing-7f3f00cf5065.svg	False	True	False	1
ing-3132d20be262	韓國辣醬	韩国辣酱	condiment	酱料与调味	assets/ingredients/ing-3132d20be262.svg	False	True	True	24
ing-9865f82458f3	韓國醬油	韩国酱油	condiment	酱料与调味	assets/ingredients/ing-9865f82458f3.svg	False	True	False	6
ing-cdb5b595d3b7	韓國魚露	韩国鱼露	condiment	酱料与调味	assets/ingredients/ing-cdb5b595d3b7.svg	False	True	True	8
ing-8191e746c9c9	韭蔥	韭葱	vegetable	蔬菜与豆类	assets/ingredients/ing-8191e746c9c9.svg	False	True	False	7
ing-7b01b1ae2c13	香桃木漿果	香桃木浆果	fruit	水果	assets/ingredients/ing-7b01b1ae2c13.svg	False	True	False	3
ing-66a456742e36	香椿葉	香椿叶	herb	香草与叶片	assets/ingredients/ing-66a456742e36.svg	False	True	False	1
ing-eba9f9b6bed6	香橙	香橙	citrus	柑橘	assets/ingredients/ing-eba9f9b6bed6.svg	False	True	True	11
ing-c85dd5b47106	香檳	香槟	alcohol	酒与发酵饮品	assets/ingredients/ing-c85dd5b47106.svg	False	True	False	1
ing-f08929cba156	香檳干邑白蘭地	香槟干邑白兰地	alcohol	酒与发酵饮品	assets/ingredients/ing-f08929cba156.svg	False	True	False	1
ing-5d234e586a84	香檳果	香槟果	fruit	水果	assets/ingredients/ing-5d234e586a84.svg	False	True	False	1
ing-7c387addc9de	香檸檬	香柠檬	citrus	柑橘	assets/ingredients/ing-7c387addc9de.svg	False	True	True	40
ing-50a053a1802d	香瓜	香瓜	fruit	水果	assets/ingredients/ing-50a053a1802d.svg	False	True	False	6
ing-49e6f12ed27c	香瓜茄	香瓜茄	fruit	水果	assets/ingredients/ing-49e6f12ed27c.svg	False	True	False	3
ing-fbfb81ae8667	香芹根	香芹根	vegetable	蔬菜与豆类	assets/ingredients/ing-fbfb81ae8667.svg	False	True	False	3
ing-ebd125d766ae	香芹籽	香芹籽	nuts_seeds	坚果与种子	assets/ingredients/ing-ebd125d766ae.svg	False	True	False	1
ing-6f311f18472a	香茅	香茅	herb	香草与叶片	assets/ingredients/ing-6f311f18472a.svg	False	True	False	29
ing-87f8c8e08172	香茅,	香茅,	herb	香草与叶片	assets/ingredients/ing-87f8c8e08172.svg	False	True	False	1
ing-8b9d6e5ae202	香茅泥	香茅泥	herb	香草与叶片	assets/ingredients/ing-8b9d6e5ae202.svg	False	True	True	3
ing-1a5df5de83ea	香茅香甜酒	香茅香甜酒	alcohol	酒与发酵饮品	assets/ingredients/ing-1a5df5de83ea.svg	False	True	False	1
ing-2d7fe74d093b	香菇	香菇	mushroom	菌菇	assets/ingredients/ing-2d7fe74d093b.svg	False	True	False	7
ing-75f8ba7bd771	香菜籽	香菜籽	nuts_seeds	坚果与种子	assets/ingredients/ing-75f8ba7bd771.svg	False	True	False	16
ing-387eaf7ba707	香菜芹	香菜芹	herb	香草与叶片	assets/ingredients/ing-387eaf7ba707.svg	False	True	True	21
ing-2a815af73323	香菜葉	香菜叶	herb	香草与叶片	assets/ingredients/ing-2a815af73323.svg	False	True	True	39
ing-dbf9f9c94fc9	香蕉	香蕉	fruit	水果	assets/ingredients/ing-dbf9f9c94fc9.svg	False	True	True	52
ing-ced44d93512a	香蕉一般	香蕉一般	fruit	水果	assets/ingredients/ing-ced44d93512a.svg	False	True	False	2
ing-0516fcd83cfc	香蕉帕薩乾香蕉	香蕉帕萨干香蕉	fruit	水果	assets/ingredients/ing-0516fcd83cfc.svg	False	True	False	3
ing-2dc74b142d0f	香蕉泥	香蕉泥	fruit	水果	assets/ingredients/ing-2dc74b142d0f.svg	False	True	False	5
ing-eeaac3921285	香蕉片	香蕉片	fruit	水果	assets/ingredients/ing-eeaac3921285.svg	False	True	False	2
ing-5d5d0d8a3821	香蕉香甜酒	香蕉香甜酒	alcohol	酒与发酵饮品	assets/ingredients/ing-5d5d0d8a3821.svg	False	True	False	1
ing-e90b0341568f	香蜂草	香蜂草	herb	香草与叶片	assets/ingredients/ing-e90b0341568f.svg	False	True	False	28
ing-ec4165b8344c	馬德拉斯咖哩醬	马德拉斯咖哩酱	condiment	酱料与调味	assets/ingredients/ing-ec4165b8344c.svg	False	True	True	23
ing-cb439f1f5d75	馬拉斯奇諾櫻桃香甜酒	马拉斯奇诺樱桃香甜酒	alcohol	酒与发酵饮品	assets/ingredients/ing-cb439f1f5d75.svg	False	True	False	4
ing-253d3d1adbeb	馬斯卡彭乳酪	马斯卡彭乳酪	cheese	乳酪	assets/ingredients/ing-253d3d1adbeb.svg	False	True	False	8
ing-c39f6092f739	馬格利韓國米酒	马格利韩国米酒	alcohol	酒与发酵饮品	assets/ingredients/ing-c39f6092f739.svg	False	True	False	2
ing-53b380bd19cc	馬翁琴酒	马翁琴酒	alcohol	酒与发酵饮品	assets/ingredients/ing-53b380bd19cc.svg	False	True	False	6
ing-5135bd2823e7	馬荷雷洛半熟成乳酪	马荷雷洛半熟成乳酪	cheese	乳酪	assets/ingredients/ing-5135bd2823e7.svg	False	True	False	3
ing-009da40cb5ba	馬里昂黑莓	马里昂黑莓	fruit	水果	assets/ingredients/ing-009da40cb5ba.svg	False	True	False	5
ing-faec7de1d29b	馬鈴薯	马铃薯	vegetable	蔬菜与豆类	assets/ingredients/ing-faec7de1d29b.svg	False	True	False	2
ing-2519117a8460	馬鞭草	马鞭草	herb	香草与叶片	assets/ingredients/ing-2519117a8460.svg	False	True	False	2
ing-29b5651d259c	馬鬱蘭	马郁兰	herb	香草与叶片	assets/ingredients/ing-29b5651d259c.svg	False	True	False	3
ing-59b888f92caa	馬魯瓦耶乳酪	马鲁瓦耶乳酪	cheese	乳酪	assets/ingredients/ing-59b888f92caa.svg	False	True	True	11
ing-77d92c8aa229	高脂鮮奶油	高脂鲜奶油	dairy	乳品与蛋	assets/ingredients/ing-77d92c8aa229.svg	False	True	False	6
ing-4a09c3a35c35	高良薑	高良姜	spice	香辛料	assets/ingredients/ing-4a09c3a35c35.svg	False	True	False	5
ing-b17890ed2beb	高達乳酪	高达乳酪	cheese	乳酪	assets/ingredients/ing-b17890ed2beb.svg	False	True	False	5
ing-96064d6e8d85	魚味噌	鱼味噌	condiment	酱料与调味	assets/ingredients/ing-96064d6e8d85.svg	False	True	False	3
ing-c09d46705a1d	魚子醬	鱼子酱	condiment	酱料与调味	assets/ingredients/ing-c09d46705a1d.svg	False	True	False	14
ing-259041bef936	鮪魚	鲔鱼	seafood	水产	assets/ingredients/ing-259041bef936.svg	False	True	False	1
ing-56bd719119fa	鮪魚排	鲔鱼排	seafood	水产	assets/ingredients/ing-56bd719119fa.svg	False	True	False	1
ing-765f9386ec9b	鮮奶油	鲜奶油	dairy	乳品与蛋	assets/ingredients/ing-765f9386ec9b.svg	False	True	False	6
ing-18142c065932	鯉魚高湯	鲤鱼高汤	seafood	水产	assets/ingredients/ing-18142c065932.svg	False	True	False	1
ing-6603b3219555	鯖魚	鲭鱼	seafood	水产	assets/ingredients/ing-6603b3219555.svg	False	True	True	1
ing-0c29c1aa2085	鯛魚	鲷鱼	seafood	水产	assets/ingredients/ing-0c29c1aa2085.svg	False	True	False	7
ing-7d38da8ef556	鰭魚	鳍鱼	seafood	水产	assets/ingredients/ing-7d38da8ef556.svg	False	True	False	6
ing-e4d693c0c07e	鰭魚排	鳍鱼排	seafood	水产	assets/ingredients/ing-e4d693c0c07e.svg	False	True	False	7
ing-2ac8475aed34	鰻魚高湯	鳗鱼高汤	seafood	水产	assets/ingredients/ing-2ac8475aed34.svg	False	True	False	3
ing-455274ddbb97	鱈魚卵	鳕鱼卵	seafood	水产	assets/ingredients/ing-455274ddbb97.svg	False	True	False	2
ing-75f241115c8e	鱈魚排	鳕鱼排	seafood	水产	assets/ingredients/ing-75f241115c8e.svg	False	True	True	15
ing-a90da3e85fd9	鳳梨	凤梨	fruit	水果	assets/ingredients/ing-a90da3e85fd9.svg	False	True	False	27
ing-f4bc62cd9a62	鳳梨汁	凤梨汁	fruit	水果	assets/ingredients/ing-f4bc62cd9a62.svg	False	True	False	3
ing-b5630a5e466f	鳳梨泥	凤梨泥	fruit	水果	assets/ingredients/ing-b5630a5e466f.svg	False	True	False	1
ing-c378c4a9c6ba	鴨兒芹	鸭儿芹	meat	肉类	assets/ingredients/ing-c378c4a9c6ba.svg	False	True	False	8
ing-f791732f3f09	鴿咼湯	鸽高汤	meat	肉类	assets/ingredients/ing-f791732f3f09.svg	False	True	True	2
ing-b55011650dae	鴿高湯	鸽高汤	meat	肉类	assets/ingredients/ing-b55011650dae.svg	False	True	False	4
ing-bb37af3829b5	鷹嘴豆	鹰嘴豆	vegetable	蔬菜与豆类	assets/ingredients/ing-bb37af3829b5.svg	False	True	False	6
ing-39441a5f0370	鷹嘴豆泥	鹰嘴豆泥	vegetable	蔬菜与豆类	assets/ingredients/ing-39441a5f0370.svg	False	True	False	4
ing-a2816b492893	鷹嘴豆豆芽	鹰嘴豆豆芽	vegetable	蔬菜与豆类	assets/ingredients/ing-a2816b492893.svg	False	True	False	1
ing-c9fee1de1b49	鹹乾鱈魚	咸干鳕鱼	seafood	水产	assets/ingredients/ing-c9fee1de1b49.svg	False	True	False	4
ing-c6b7bb11b8b6	鹹沙丁魚	咸沙丁鱼	seafood	水产	assets/ingredients/ing-c6b7bb11b8b6.svg	False	True	False	6
ing-0d845eeba9fa	鹹睚魚	咸鳀鱼	seafood	水产	assets/ingredients/ing-0d845eeba9fa.svg	False	True	True	1
ing-7c1811075a0d	鹹鯉魚	咸鳀鱼	seafood	水产	assets/ingredients/ing-7c1811075a0d.svg	False	True	True	1
ing-eeb49ce3ab2e	鹹鰻魚	咸鳀鱼	seafood	水产	assets/ingredients/ing-eeb49ce3ab2e.svg	False	True	True	16
ing-72522698a904	鹽膚木	盐肤木	spice	香辛料	assets/ingredients/ing-72522698a904.svg	False	True	False	12
ing-7d06f6cab95e	鹽角草	盐角草	herb	香草与叶片	assets/ingredients/ing-7d06f6cab95e.svg	False	True	False	1
ing-709dd5c845b5	鹿肉	鹿肉	meat	肉类	assets/ingredients/ing-709dd5c845b5.svg	False	True	False	7
ing-2be0720fff2f	麥芽	麦芽	bread_grain	谷物与烘焙	assets/ingredients/ing-2be0720fff2f.svg	False	True	False	3
ing-75dccd9d3e52	麥金塔蘋果	麦金塔苹果	bread_grain	谷物与烘焙	assets/ingredients/ing-75dccd9d3e52.svg	False	True	False	1
ing-4283d3324e4a	麵包丁	面包丁	bread_grain	谷物与烘焙	assets/ingredients/ing-4283d3324e4a.svg	False	True	False	1
ing-8db3ccf67b00	麵包糠	面包糠	bread_grain	谷物与烘焙	assets/ingredients/ing-8db3ccf67b00.svg	False	True	True	5
ing-7dd1842ac413	麵包蟲	面包虫	insect	可食用昆虫	assets/ingredients/ing-7dd1842ac413.svg	False	True	False	1
ing-81d5013d6a3c	黃瓜	黄瓜	vegetable	蔬菜与豆类	assets/ingredients/ing-81d5013d6a3c.svg	False	True	False	29
ing-51225090c478	黃甜椒醬	黄甜椒酱	condiment	酱料与调味	assets/ingredients/ing-51225090c478.svg	False	True	False	9
ing-bf53faac3d34	黃色查特酒	黄色查特酒	alcohol	酒与发酵饮品	assets/ingredients/ing-bf53faac3d34.svg	False	True	True	1
ing-729c4b18d0f7	黃香李生命之水	黄香李生命之水	alcohol	酒与发酵饮品	assets/ingredients/ing-729c4b18d0f7.svg	False	True	False	1
ing-79df440b0205	黏果酸漿	黏果酸浆	fruit	水果	assets/ingredients/ing-79df440b0205.svg	False	True	False	7
ing-4a5724f3e911	黑可可香甜酒	黑可可香甜酒	alcohol	酒与发酵饮品	assets/ingredients/ing-4a5724f3e911.svg	False	True	False	1
ing-e555bf8c7cb2	黑孜然籽	黑孜然籽	nuts_seeds	坚果与种子	assets/ingredients/ing-e555bf8c7cb2.svg	False	True	False	3
ing-5bd05b5a44ec	黑巧克力	黑巧克力	sweets	可可与甜味配料	assets/ingredients/ing-5bd05b5a44ec.svg	False	True	True	48
ing-b270101c7771	黑松露	黑松露	mushroom	菌菇	assets/ingredients/ing-b270101c7771.svg	False	True	True	26
ing-18f21fe85570	黑橄欖	黑橄榄	vegetable	蔬菜与豆类	assets/ingredients/ing-18f21fe85570.svg	False	True	False	10
ing-8726b06b4789	黑種草籽	黑种草籽	nuts_seeds	坚果与种子	assets/ingredients/ing-8726b06b4789.svg	False	True	False	5
ing-b1cdb3c90241	黑線鱈	黑线鳕	seafood	水产	assets/ingredients/ing-b1cdb3c90241.svg	False	True	False	3
ing-25c96b530ffb	黑胡椒	黑胡椒	spice	香辛料	assets/ingredients/ing-25c96b530ffb.svg	False	True	False	14
ing-754714f37da8	黑胡椒粉	黑胡椒粉	spice	香辛料	assets/ingredients/ing-754714f37da8.svg	False	True	True	5
ing-d806f4a0f61c	黑莓	黑莓	fruit	水果	assets/ingredients/ing-d806f4a0f61c.svg	False	True	True	42
ing-27422575ad23	黑蒜泥	黑蒜泥	vegetable	蔬菜与豆类	assets/ingredients/ing-27422575ad23.svg	False	True	True	26
ing-80f02aec758e	黑蘭姆酒	黑兰姆酒	alcohol	酒与发酵饮品	assets/ingredients/ing-80f02aec758e.svg	False	True	False	1
ing-302657583d85	黑覆盆子	黑覆盆子	fruit	水果	assets/ingredients/ing-302657583d85.svg	False	True	False	1
ing-40ed07c0bf13	黑豆	黑豆	vegetable	蔬菜与豆类	assets/ingredients/ing-40ed07c0bf13.svg	False	True	False	6
ing-7f8b7db1d15f	黑豆蔻	黑豆蔻	spice	香辛料	assets/ingredients/ing-7f8b7db1d15f.svg	False	True	True	9
ing-7eae317241ce	黑醋栗	黑醋栗	vinegar	醋	assets/ingredients/ing-7eae317241ce.svg	False	True	True	28
ing-3211beeb63ca	黑醋栗汁	黑醋栗汁	vinegar	醋	assets/ingredients/ing-3211beeb63ca.svg	False	True	False	1
ing-f9e538ac8dee	黑醋栗葉	黑醋栗叶	herb	香草与叶片	assets/ingredients/ing-f9e538ac8dee.svg	False	True	True	2
ing-b8205e0a2cd2	黑醋栗香甜酒	黑醋栗香甜酒	alcohol	酒与发酵饮品	assets/ingredients/ing-b8205e0a2cd2.svg	False	True	False	4
ing-bb673ba452af	黑鑽黑莓	黑钻黑莓	fruit	水果	assets/ingredients/ing-bb673ba452af.svg	False	True	False	3
ing-50cbb376ac47	鼠尾草	鼠尾草	herb	香草与叶片	assets/ingredients/ing-50cbb376ac47.svg	False	True	True	7
ing-26a0b7bb2c54	龍井茶	龙井茶	tea_coffee	茶与咖啡	assets/ingredients/ing-26a0b7bb2c54.svg	False	True	False	2
ing-1a0a94c195d1	龍卡爾乳酪	龙卡尔乳酪	cheese	乳酪	assets/ingredients/ing-1a0a94c195d1.svg	False	True	True	4
ing-8132a7815329	龍眼	龙眼	fruit	水果	assets/ingredients/ing-8132a7815329.svg	False	True	True	2
ing-419df3192dcf	龍舌蘭酒	龙舌兰酒	alcohol	酒与发酵饮品	assets/ingredients/ing-419df3192dcf.svg	False	True	False	2
ing-309fc0d9501f	龍蒿	龙蒿	herb	香草与叶片	assets/ingredients/ing-309fc0d9501f.svg	False	True	True	1
ing-fe86047dcfc3	龐貝藍鑽東方琴酒	庞贝蓝钻东方琴酒	alcohol	酒与发酵饮品	assets/ingredients/ing-fe86047dcfc3.svg	False	True	False	2
ing-cb569bb6eb0a	龐貝藍鑽琴酒	庞贝蓝钻琴酒	alcohol	酒与发酵饮品	assets/ingredients/ing-cb569bb6eb0a.svg	False	True	False	1
