id,显示名称,原名,图片文件,画法motif,状态status
ing-f26348b706a9,索布拉萨达（乔利佐香肠抹酱）,(喬利佐香腸抹醬),ingredients/ing-f26348b706a9.svg,bowl,illustrated
ing-2f0591304652,100%谷物伏特加,100%穀物伏特加,ingredients/ing-2f0591304652.svg,bottle,illustrated
ing-08786d67ea6e,100%顶级伊比利橡实猪,100%頂級伊比利橡實豬,ingredients/ing-08786d67ea6e.svg,meat,illustrated
ing-96c60a1f51ae,70%黑巧克力,70%黑巧克力,ingredients/ing-96c60a1f51ae.svg,chocolate,illustrated
ing-e1f72ba91dc6,PX雪莉酒,PX雪莉酒,ingredients/ing-e1f72ba91dc6.svg,bottle,illustrated
ing-1c6d170b2fe2,XO 干邑白兰地,XO 干邑白蘭地,ingredients/ing-1c6d170b2fe2.svg,bottle,illustrated
ing-ef1e36d8a669,烘烤小牛肉,丁烘烤小牛肉,ingredients/ing-ef1e36d8a669.svg,meat,illustrated
ing-73c484b4ebc7,丁香,丁香,ingredients/ing-73c484b4ebc7.svg,spice,illustrated
ing-ed55541fa3c2,中国煎茶,中國煎茶,ingredients/ing-ed55541fa3c2.svg,beverage,illustrated
ing-84bc236825dc,中国鱼露,中國魚露,ingredients/ing-84bc236825dc.svg,bottle,illustrated
ing-00ed90c8212c,中东芝麻酱,中東芝麻醬,ingredients/ing-00ed90c8212c.svg,bowl,illustrated
ing-69560fbcf7b3,干凯皇芒果,乾凱皇芒果,ingredients/ing-69560fbcf7b3.svg,mango,illustrated
ing-f84fb4d4868b,干蚝菇,乾嚎菇,ingredients/ing-f84fb4d4868b.svg,mushroom,illustrated
ing-7f8e032880c4,干圆叶当归根,乾圓葉當歸根,ingredients/ing-7f8e032880c4.svg,herb,illustrated
ing-207691262b13,干蚝菇,乾壊菇,ingredients/ing-207691262b13.svg,mushroom,illustrated
ing-b404239e0b54,干大马士革玫瑰花瓣,乾大馬士革玫瑰花瓣,ingredients/ing-b404239e0b54.svg,flower,illustrated
ing-c4cc4cb4e366,干奇波雷辣椒,乾奇波雷辣椒,ingredients/ing-c4cc4cb4e366.svg,pepper,illustrated
ing-3e68067a887b,干奥勒冈草,乾奧勒岡草,ingredients/ing-3e68067a887b.svg,herb,illustrated
ing-18cc8da28477,干小檗,乾小槩,ingredients/ing-18cc8da28477.svg,barberry,illustrated
ing-87eb344212c3,干小檗,乾小樂,ingredients/ing-87eb344212c3.svg,barberry,illustrated
ing-a03f952c7bde,干小檗,乾小薬,ingredients/ing-a03f952c7bde.svg,barberry,illustrated
ing-ee2f34a50365,干小檗,乾小藥,ingredients/ing-ee2f34a50365.svg,barberry,illustrated
ing-b85781005869,干巴鲁坚果,乾巴魯堅果,ingredients/ing-b85781005869.svg,nuts,illustrated
ing-3be047cece98,干式熟成牛肉,乾式熟成牛肉,ingredients/ing-3be047cece98.svg,meat,illustrated
ing-1e3ea37fa76b,干扇贝,乾扇貝,ingredients/ing-1e3ea37fa76b.svg,seafood,illustrated
ing-bf1fdb61c1e7,干月桂叶,乾月桂葉,ingredients/ing-bf1fdb61c1e7.svg,herb,illustrated
ing-53dbb94f3276,干木槿花,乾木槿花,ingredients/ing-53dbb94f3276.svg,flower,illustrated
ing-43d493c38a5c,干杜松子,乾杜松子,ingredients/ing-43d493c38a5c.svg,nuts,illustrated
ing-834a57fc29f2,干桉叶,乾枝葉,ingredients/ing-834a57fc29f2.svg,herb,illustrated
ing-abde8e05f071,干枸杞,乾枸杞,ingredients/ing-abde8e05f071.svg,blueberries,illustrated
ing-2985e6e13882,干桉叶,乾校葉,ingredients/ing-2985e6e13882.svg,herb,illustrated
ing-2fcddfc4718f,干梨子,乾梨子,ingredients/ing-2fcddfc4718f.svg,pear,illustrated
ing-cc01ae93dc95,干椰子,乾椰子,ingredients/ing-cc01ae93dc95.svg,coconut,illustrated
ing-7d4d5926522b,干柠檬茶树,乾檸檬茶樹,ingredients/ing-7d4d5926522b.svg,beverage,illustrated
ing-934289d58c3b,干柠檬香桃木,乾檸檬香桃木,ingredients/ing-934289d58c3b.svg,citrus,illustrated
ing-41ee4596f5ca,干樱花,乾櫻花,ingredients/ing-41ee4596f5ca.svg,flower,illustrated
ing-d62d30576c59,干欧白芷根,乾歐白芷根,ingredients/ing-d62d30576c59.svg,herb,illustrated
ing-111b76254228,干欧白芷籽,乾歐白芷籽,ingredients/ing-111b76254228.svg,nuts,illustrated
ing-75d1593a2798,干泰国青柠叶,乾泰國青檸葉,ingredients/ing-75d1593a2798.svg,citrus,illustrated
ing-5d60c509e0aa,干洋甘菊,乾洋甘菊,ingredients/ing-5d60c509e0aa.svg,flower,illustrated
ing-21a096c8f7ce,干烤杏仁,乾烤杏仁,ingredients/ing-21a096c8f7ce.svg,nuts,illustrated
ing-5202c345adbd,干无花果,乾無花果,ingredients/ing-5202c345adbd.svg,dried_fruit,illustrated
ing-206caad27555,干爪哇长胡椒,乾爪哇長胡椒,ingredients/ing-206caad27555.svg,spice,illustrated
ing-6a467771862f,干牛肝菌,乾牛肝菌,ingredients/ing-6a467771862f.svg,mushroom,illustrated
ing-6750df962cb6,干玫瑰果,乾玫瑰果,ingredients/ing-6750df962cb6.svg,botanical_fruit,family_illustration
ing-05e79de8cbad,干琴酒,乾琴酒,ingredients/ing-05e79de8cbad.svg,bottle,illustrated
ing-077975396897,干节莎草,乾節莎草,ingredients/ing-077975396897.svg,herb,illustrated
ing-83d884184cda,干罗甘莓,乾羅甘莓,ingredients/ing-83d884184cda.svg,bramble,illustrated
ing-e1ffb63e8075,干芹菜籽,乾芹菜籽,ingredients/ing-e1ffb63e8075.svg,nuts,illustrated
ing-a8f05af6577c,干苦艾酒,乾苦艾酒,ingredients/ing-a8f05af6577c.svg,bottle,illustrated
ing-33c1de130804,干草,乾草,ingredients/ing-33c1de130804.svg,herb,illustrated
ing-320a91009a65,干华澄茄,乾華澄茄,ingredients/ing-320a91009a65.svg,spice,illustrated
ing-67d087fef9b4,干葛缕子,乾葛縷子,ingredients/ing-67d087fef9b4.svg,herb,illustrated
ing-9d00d664c8d5,干葛缕子根,乾葛縷子根,ingredients/ing-9d00d664c8d5.svg,herb,illustrated
ing-792180fa8d02,干葛缕子籽,乾葛縷子籽,ingredients/ing-792180fa8d02.svg,nuts,illustrated
ing-533b426a6c3a,干葛缕子叶,乾葛縷子葉,ingredients/ing-533b426a6c3a.svg,herb,illustrated
ing-0d0392da3f6e,干莳萝籽,乾蒔蘿籽,ingredients/ing-0d0392da3f6e.svg,herb,illustrated
ing-6be947258ce5,干蚝菇,乾螺菇,ingredients/ing-6be947258ce5.svg,mushroom,illustrated
ing-f56fb6171928,干裙带菜,乾裙帶菜,ingredients/ing-f56fb6171928.svg,seaweed,illustrated
ing-a41a9e045e4b,干豆蔻,乾豆蔻,ingredients/ing-a41a9e045e4b.svg,spice,illustrated
ing-4af1a84309dd,干腌火腿,乾醃火腿,ingredients/ing-4af1a84309dd.svg,meat,illustrated
ing-b2369392a8ff,干革澄茄,乾革澄茄,ingredients/ing-b2369392a8ff.svg,identity_unresolved,identity_unresolved
ing-a057fa92bec2,干香菇,乾香菇,ingredients/ing-a057fa92bec2.svg,mushroom,illustrated
ing-a0e978b5689a,干香蕉片,乾香蕉片,ingredients/ing-a0e978b5689a.svg,banana,illustrated
ing-90e0a3d30c9d,干高良姜,乾高良薑,ingredients/ing-90e0a3d30c9d.svg,spice,illustrated
ing-3acbe5bd3f32,干高良姜汁,乾高良薑汁,ingredients/ing-3acbe5bd3f32.svg,spice,illustrated
ing-9e9c58a902d8,干盐角草,乾鹽角草,ingredients/ing-9e9c58a902d8.svg,herb,illustrated
ing-2b38b5a7ed72,干黑葛缕子籽,乾黑葛縷子籽,ingredients/ing-2b38b5a7ed72.svg,nuts,illustrated
ing-f7454724fe33,二次酿造酱油,二次釀造醬油,ingredients/ing-f7454724fe33.svg,bottle,illustrated
ing-a41b912b13f2,五味子莓果,五味子莓果,ingredients/ing-a41b912b13f2.svg,blueberries,illustrated
ing-6700959cd8fb,五爪苹果,五爪蘋果,ingredients/ing-6700959cd8fb.svg,apple,illustrated
ing-7252e5eeb2c4,亚力酒,亞力酒,ingredients/ing-7252e5eeb2c4.svg,bottle,illustrated
ing-a63c52ebfdc7,亚历山大卢卡斯梨,亞歷山大盧卡斯梨,ingredients/ing-a63c52ebfdc7.svg,pear,illustrated
ing-9e7ce63849a5,亚洲梨,亞洲梨,ingredients/ing-9e7ce63849a5.svg,pear,illustrated
ing-740c8adde7d6,亚麻籽,亞麻籽,ingredients/ing-740c8adde7d6.svg,nuts,illustrated
ing-59652365e7a2,人心果,人心果,ingredients/ing-59652365e7a2.svg,botanical_fruit,family_illustration
ing-2b6e509837f1,人头马X0特优香槟干邑白兰地,人頭馬X0特優香檳干邑白蘭地,ingredients/ing-2b6e509837f1.svg,bottle,illustrated
ing-616a731daf28,人头马X特优香槟干邑白兰地,人頭馬X特優香檳干邑白蘭地,ingredients/ing-616a731daf28.svg,bottle,illustrated
ing-40b7159fc6ba,人头马干邑白兰地X0特优香槟,人頭馬干邑白蘭地X0特優香檳,ingredients/ing-40b7159fc6ba.svg,bottle,illustrated
ing-6d132f86d53f,仙人掌果,仙人掌果,ingredients/ing-6d132f86d53f.svg,botanical_fruit,family_illustration
ing-b5c3be4f604f,伊比利猪油,伊比利豬油,ingredients/ing-b5c3be4f604f.svg,oil,illustrated
ing-8ce937f1c395,伊萨拉绿色香甜酒,伊薩拉綠色香甜酒,ingredients/ing-8ce937f1c395.svg,bottle,illustrated
ing-9412587cc052,伊迪亚萨瓦尔乳酪,伊迪亞薩瓦爾乳酪,ingredients/ing-9412587cc052.svg,cheese,illustrated
ing-5259d6f55432,佛手柑,佛手柑,ingredients/ing-5259d6f55432.svg,citrus,illustrated
ing-88fdda73794d,佳丽格特草莓,佳麗格特草莓,ingredients/ing-88fdda73794d.svg,strawberry,illustrated
ing-ab08b25d5e81,伦敦干琴酒,倫敦乾琴酒,ingredients/ing-ab08b25d5e81.svg,bottle,illustrated
ing-7ed295918963,伟马力三麦金修道院啤酒,偉馬力三麥金修道院啤酒,ingredients/ing-7ed295918963.svg,bottle,illustrated
ing-7099cfd8070b,伟马力修道院黑啤酒,偉馬力修道院黑啤酒,ingredients/ing-7099cfd8070b.svg,bottle,illustrated
ing-2e7161ef4644,健力士特别版,健力士特別版,ingredients/ing-2e7161ef4644.svg,bottle,illustrated
ing-0925dc975031,健力士醇黑生啤酒,健力士醇黑生啤酒,ingredients/ing-0925dc975031.svg,bottle,illustrated
ing-be2180ca1594,传统巴萨米克醋,傳統巴薩米克醋,ingredients/ing-be2180ca1594.svg,bottle,illustrated
ing-5f9afc83876a,克菲尔,克菲爾,ingredients/ing-5f9afc83876a.svg,dairy,illustrated
ing-a997620c1f68,克莱门氏小柑橘皮油,克萊門氏小柑橘皮油,ingredients/ing-a997620c1f68.svg,oil,illustrated
ing-6f60e2a0dd8e,兔眼蓝莓,兔眼藍莓,ingredients/ing-6f60e2a0dd8e.svg,blueberries,illustrated
ing-560299c45a86,兔肉,兔肉,ingredients/ing-560299c45a86.svg,meat,illustrated
ing-77361b542ccd,内裤钮扣法国马贡山羊乳酪,內褲鈕扣法國馬貢山羊乳酪,ingredients/ing-77361b542ccd.svg,cheese,illustrated
ing-b09d26cd4740,全熟水煮蛋,全熟水煮蛋,ingredients/ing-b09d26cd4740.svg,dairy,illustrated
ing-e4e55faf4422,全熟水煮蛋黄,全熟水煮蛋黃,ingredients/ing-e4e55faf4422.svg,dairy,illustrated
ing-5edb8d07b80d,全熟水煮蛋黄,全熟水煮蛋黄,ingredients/ing-5edb8d07b80d.svg,dairy,illustrated
ing-47baa28e6c7e,全燕麦谷粒,全燕麥穀粒,ingredients/ing-47baa28e6c7e.svg,bread,illustrated
ing-fb82c4b4663b,八角,八角,ingredients/ing-fb82c4b4663b.svg,spice,illustrated
ing-1e6e4dea3600,冬南瓜泥,冬南瓜泥,ingredients/ing-1e6e4dea3600.svg,bowl,illustrated
ing-4404ea8981d2,冬瓜,冬瓜,ingredients/ing-4404ea8981d2.svg,squash,illustrated
ing-c1920afc2653,凯特芒果,凱特芒果,ingredients/ing-c1920afc2653.svg,mango,illustrated
ing-e9d4f90bcf7c,凯皇芒果,凱皇芒果,ingredients/ing-e9d4f90bcf7c.svg,mango,illustrated
ing-d62e50c7d03b,切达乳酪,切達乳酪,ingredients/ing-d62e50c7d03b.svg,cheese,illustrated
ing-cca3aa08284c,利木赞牛肉,利木贊牛肉,ingredients/ing-cca3aa08284c.svg,meat,illustrated
ing-05363e5c8f23,利瓦侯乳酪,利瓦侯乳酪,ingredients/ing-05363e5c8f23.svg,cheese,illustrated
ing-7fb0608a5740,煎鸵鸟肉,則能鳥肉,ingredients/ing-7fb0608a5740.svg,meat,illustrated
ing-ec78c84206fc,煎饼,則餅,ingredients/ing-ec78c84206fc.svg,bread,illustrated
ing-84671380db34,煎鸵鸟肉,則駝鳥肉,ingredients/ing-84671380db34.svg,meat,illustrated
ing-ed075f1d3664,加拉苹果,加拉蘋果,ingredients/ing-ed075f1d3664.svg,apple,illustrated
ing-0e43381e9ebb,肋眼牛排,助眼牛排,ingredients/ing-0e43381e9ebb.svg,meat,illustrated
ing-2bfc9109aee6,胜利草莓,勝利草莓,ingredients/ing-2bfc9109aee6.svg,strawberry,illustrated
ing-7b06d6d85bb4,北京烤鸭,北京烤鴨,ingredients/ing-7b06d6d85bb4.svg,meat,illustrated
ing-eb784d0c225b,北极覆盆子,北極覆盆子,ingredients/ing-eb784d0c225b.svg,bramble,illustrated
ing-13547f51ba83,十年布尔马德拉,十年布爾馬德拉,ingredients/ing-13547f51ba83.svg,bottle,illustrated
ing-cbe2e92375ce,十年玛尔维萨马德拉,十年瑪爾維薩馬德拉,ingredients/ing-cbe2e92375ce.svg,bottle,illustrated
ing-f333a0266d73,千层酥皮,千層酥皮,ingredients/ing-f333a0266d73.svg,bread,illustrated
ing-61ec39f65568,千日菊,千日菊,ingredients/ing-61ec39f65568.svg,flower,illustrated
ing-af718ab0b77c,半硬质山羊乳酪,半硬質山羊乳酪,ingredients/ing-af718ab0b77c.svg,cheese,illustrated
ing-5e07f26ca0fc,半糖渍柠檬皮,半糖漬檸檬皮,ingredients/ing-5e07f26ca0fc.svg,citrus,illustrated
ing-85bc0873e245,南瓜,南瓜,ingredients/ing-85bc0873e245.svg,squash,illustrated
ing-68a53981c9a8,南瓜籽油,南瓜籽油,ingredients/ing-68a53981c9a8.svg,oil,illustrated
ing-9faec41c1643,南非国宝茶,南非國寶茶,ingredients/ing-9faec41c1643.svg,beverage,illustrated
ing-6e5ec158578a,博斯科普苹果,博斯科普蘋果,ingredients/ing-6e5ec158578a.svg,apple,illustrated
ing-37796c1d519a,卡姆小麦,卡姆小麥,ingredients/ing-37796c1d519a.svg,bread,illustrated
ing-6296a998e8de,卡姆果,卡姆果,ingredients/ing-6296a998e8de.svg,botanical_fruit,family_illustration
ing-81836315b2ef,卡本内苏维浓,卡本內蘇維濃,ingredients/ing-81836315b2ef.svg,bottle,illustrated
ing-ec434c72d5ba,卡林达草莓,卡林達草莓,ingredients/ing-ec434c72d5ba.svg,strawberry,illustrated
ing-efa575d2fbc4,卡沙夏,卡沙夏,ingredients/ing-efa575d2fbc4.svg,bottle,illustrated
ing-7665a83aeb8b,卡沙夏巴西甘蔗酒,卡沙夏巴西甘蔗酒,ingredients/ing-7665a83aeb8b.svg,bottle,illustrated
ing-f130900c6b6b,卡尔瓦多斯苹果白兰地,卡爾瓦多斯蘋果白蘭地,ingredients/ing-f130900c6b6b.svg,bottle,illustrated
ing-136ff322417e,卡琳达草莓,卡琳達草莓,ingredients/ing-136ff322417e.svg,strawberry,illustrated
ing-cde3228729d1,卡蒙贝尔乳酪,卡蒙貝爾乳酪,ingredients/ing-cde3228729d1.svg,cheese,illustrated
ing-e1c313213267,卡赫德列斯特乳酪,卡赫德列斯特乳酪,ingredients/ing-e1c313213267.svg,cheese,illustrated
ing-19842b993353,印尼甜酱油,印尼甜醬油,ingredients/ing-19842b993353.svg,bottle,illustrated
ing-17db7cd42167,印度月桂叶,印度月桂葉,ingredients/ing-17db7cd42167.svg,herb,illustrated
ing-08773de1e683,印度澄清奶油,印度澄清奶油,ingredients/ing-08773de1e683.svg,dairy,illustrated
ing-1d6fb8248f9f,印度藏茴香籽,印度藏茴香籽,ingredients/ing-1d6fb8248f9f.svg,nuts,illustrated
ing-89a49c1c2287,印度长胡椒,印度長胡椒,ingredients/ing-89a49c1c2287.svg,spice,illustrated
ing-7690cf3dc72e,印度马萨拉普,印度馬薩拉普,ingredients/ing-7690cf3dc72e.svg,bowl,illustrated
ing-97253f8edd79,印度马萨拉酱,印度馬薩拉醬,ingredients/ing-97253f8edd79.svg,bowl,illustrated
ing-5a9062cb823e,古冈左拉乳酪,古岡左拉乳酪,ingredients/ing-5a9062cb823e.svg,cheese,illustrated
ing-8fdc319bcc40,古布阿苏,古布阿蘇,ingredients/ing-8fdc319bcc40.svg,botanical_fruit,family_illustration
ing-a23c816dd3d3,古布阿苏果酱,古布阿蘇果醬,ingredients/ing-a23c816dd3d3.svg,bowl,illustrated
ing-ee6102b7d96d,可可粉,可可粉,ingredients/ing-ee6102b7d96d.svg,powder,illustrated
ing-a5364f160ff4,可可豆碎粒,可可豆碎粒,ingredients/ing-a5364f160ff4.svg,peas,illustrated
ing-c82293f0c53e,可可香甜酒,可可香甜酒,ingredients/ing-c82293f0c53e.svg,bottle,illustrated
ing-a921ae979269,可颂面包,可頌麵包,ingredients/ing-a921ae979269.svg,bread,illustrated
ing-d9e4806eb428,台湾鱼露,台灣魚露,ingredients/ing-d9e4806eb428.svg,bottle,illustrated
ing-9ad00182a320,史佩库鲁斯饼干,史佩庫魯斯餅乾,ingredients/ing-9ad00182a320.svg,bread,illustrated
ing-c012d725c451,史帝尔顿乳酪,史帝爾頓乳酪,ingredients/ing-c012d725c451.svg,cheese,illustrated
ing-03dd97a47338,史黛拉樱桃,史黛拉樱桃,ingredients/ing-03dd97a47338.svg,cherry,illustrated
ing-6825dfef3789,史黛拉樱桃,史黛拉櫻桃,ingredients/ing-6825dfef3789.svg,cherry,illustrated
ing-ff5f504a8264,同花母菊,同花母菊,ingredients/ing-ff5f504a8264.svg,flower,illustrated
ing-62b039193522,煎鸵鸟肉,同鳩它鳥肉,ingredients/ing-62b039193522.svg,meat,illustrated
ing-6041f74d7d30,君度橙酒,君度橙酒,ingredients/ing-6041f74d7d30.svg,bottle,illustrated
ing-3dc06afd9c10,味醂,味酥,ingredients/ing-3dc06afd9c10.svg,bottle,illustrated
ing-55abf20eb2af,味醂,味酬,ingredients/ing-55abf20eb2af.svg,bottle,illustrated
ing-ce8ebcbebc8c,味醂（日本甜米酒）,味酬日本甜米酒,ingredients/ing-ce8ebcbebc8c.svg,bottle,illustrated
ing-9676b931e723,味醂,味醋,ingredients/ing-9676b931e723.svg,bottle,illustrated
ing-1d0e03f6a7ec,味醂,味醐,ingredients/ing-1d0e03f6a7ec.svg,bottle,illustrated
ing-961959c43a77,味醂（日本甜米酒）,味醐日本甜米酒,ingredients/ing-961959c43a77.svg,bottle,illustrated
ing-367bf59bac7d,味醂,味醜,ingredients/ing-367bf59bac7d.svg,bottle,illustrated
ing-4ade1b2e370b,和牛,和牛,ingredients/ing-4ade1b2e370b.svg,meat,illustrated
ing-5c8e327a0f83,咖哩草,咖哩草,ingredients/ing-5c8e327a0f83.svg,herb,illustrated
ing-1f3c5a591c5a,咖哩叶,咖哩葉,ingredients/ing-1f3c5a591c5a.svg,herb,illustrated
ing-07c9440b3b4d,咖啡香甜酒,咖啡香甜酒,ingredients/ing-07c9440b3b4d.svg,bottle,illustrated
ing-e8205f1a2e89,哈密瓜,哈密瓜,ingredients/ing-e8205f1a2e89.svg,melon,illustrated
ing-58d146f89644,哈拉里橄榄油,哈拉里橄欖油,ingredients/ing-58d146f89644.svg,oil,illustrated
ing-a567a26c9635,哈斯酪梨,哈斯酪梨,ingredients/ing-a567a26c9635.svg,avocado,illustrated
ing-93553625689e,哈瓦那俱乐部七年兰姆酒,哈瓦那俱樂部七年蘭姆酒,ingredients/ing-93553625689e.svg,bottle,illustrated
ing-07c3e50f7a6c,哥伦比亚咖啡,哥倫比亞咖啡,ingredients/ing-07c3e50f7a6c.svg,beverage,illustrated
ing-11c2e79faf45,唐胡立欧白龙舌兰酒,唐胡立歐白龍舌蘭酒,ingredients/ing-11c2e79faf45.svg,bottle,illustrated
ing-274ce96bd74d,啤酒花,啤酒花,ingredients/ing-274ce96bd74d.svg,herb,illustrated
ing-d73910d317ee,嘉宝果,嘉寶果,ingredients/ing-d73910d317ee.svg,botanical_fruit,family_illustration
ing-4fa2c311415a,蚝油,嚎油,ingredients/ing-4fa2c311415a.svg,oil,illustrated
ing-3ef660b6ce29,蚝菇,嚎菇,ingredients/ing-3ef660b6ce29.svg,mushroom,illustrated
ing-00c4d1187873,四十二天熟成肋眼牛排,四十二天熟成肋眼牛排,ingredients/ing-00c4d1187873.svg,meat,illustrated
ing-8277a12f1366,四季橘,四季橘,ingredients/ing-8277a12f1366.svg,citrus,illustrated
ing-548ec06f22c5,四季豆,四季豆,ingredients/ing-548ec06f22c5.svg,peas,illustrated
ing-3ec43b31852d,圆叶当归籽,圓葉當歸籽,ingredients/ing-3ec43b31852d.svg,nuts,illustrated
ing-e1f1d0a699cc,圆叶当归叶,圓葉當歸葉,ingredients/ing-e1f1d0a699cc.svg,herb,illustrated
ing-c747120ccea8,图拉明覆盆子,圖拉明覆盆子,ingredients/ing-c747120ccea8.svg,bramble,illustrated
ing-e273e83b37cf,圆叶当归叶,圖葉當歸葉,ingredients/ing-e273e83b37cf.svg,herb,illustrated
ing-f73b5fb99539,土耳其咖啡,土耳其咖啡,ingredients/ing-f73b5fb99539.svg,beverage,illustrated
ing-36bbebba6f94,土耳其乌尔法辣椒片,土耳其烏爾法辣椒片,ingredients/ing-36bbebba6f94.svg,pepper,illustrated
ing-5f0ec915a823,土荆芥,土荊芥,ingredients/ing-5f0ec915a823.svg,greens,illustrated
ing-593c2e858925,基亚花乳酪,基亞花乳酪,ingredients/ing-593c2e858925.svg,flower,illustrated
ing-693f54601cf4,塔尔哈纳粉,塔爾哈納粉,ingredients/ing-693f54601cf4.svg,powder,illustrated
ing-475c23a4aac2,塔罗科血橙,塔羅科血橙,ingredients/ing-475c23a4aac2.svg,citrus,illustrated
ing-3f0b226cb2ed,塞利姆胡椒,塞利姆胡椒,ingredients/ing-3f0b226cb2ed.svg,spice,illustrated
ing-a97adf39e8bc,塞拉诺火腿,塞拉諾火腿,ingredients/ing-a97adf39e8bc.svg,meat,illustrated
ing-d0a77f9d5546,藿香花,墓香花,ingredients/ing-d0a77f9d5546.svg,flower,illustrated
ing-5968e7e8e384,墨西哥卷饼皮,墨西哥捲餅皮,ingredients/ing-5968e7e8e384.svg,bread,illustrated
ing-a33d27a14938,墨西哥玉米饼,墨西哥玉米餅,ingredients/ing-a33d27a14938.svg,bread,illustrated
ing-527d16e750e3,夏季松露,夏季松露,ingredients/ing-527d16e750e3.svg,mushroom,illustrated
ing-55e077e37a95,夏季香薄荷,夏季香薄荷,ingredients/ing-55e077e37a95.svg,herb,illustrated
ing-12ed128a47d4,夏蜜柑,夏蜜柑,ingredients/ing-12ed128a47d4.svg,citrus,illustrated
ing-ae14e24547e9,多佛比目鱼,多佛比目魚,ingredients/ing-ae14e24547e9.svg,seafood,illustrated
ing-73505901b126,多宝鱼,多寶魚,ingredients/ing-73505901b126.svg,seafood,illustrated
ing-12346b3bc5ad,多香果,多香果,ingredients/ing-12346b3bc5ad.svg,spice,illustrated
ing-1d380dc8b533,大吉岭茶,大吉嶺茶,ingredients/ing-1d380dc8b533.svg,beverage,illustrated
ing-0c16d92d674d,大扇贝,大扇貝,ingredients/ing-0c16d92d674d.svg,seafood,illustrated
ing-c54d949cc5f3,大溪地香草,大溪地香草,ingredients/ing-c54d949cc5f3.svg,spice,illustrated
ing-b7166df2a047,大茴香,大茴香,ingredients/ing-b7166df2a047.svg,spice,illustrated
ing-2053d8521c93,大蒜,大蒜,ingredients/ing-2053d8521c93.svg,onion,illustrated
ing-ead026ae03f7,大蕉,大蕉,ingredients/ing-ead026ae03f7.svg,banana,illustrated
ing-e315115601f7,大虾,大蝦,ingredients/ing-e315115601f7.svg,seafood,illustrated
ing-0f626df79db9,大西洋鲑鱼排,大西洋鮭魚排,ingredients/ing-0f626df79db9.svg,seafood,illustrated
ing-1f560bd71a64,大豆,大豆,ingredients/ing-1f560bd71a64.svg,peas,illustrated
ing-5d33ba7129a0,大豆味噌,大豆味噌,ingredients/ing-5d33ba7129a0.svg,bowl,illustrated
ing-26124b3e6bf5,大豆鲜奶油,大豆鮮奶油,ingredients/ing-26124b3e6bf5.svg,dairy,illustrated
ing-971468c5a725,大车前草,大車前草,ingredients/ing-971468c5a725.svg,herb,illustrated
ing-a367beebcab4,大酱(韩国发酵大豆酱),大醬(韓國發酵大豆醬),ingredients/ing-a367beebcab4.svg,bowl,illustrated
ing-00e5eb6bf4e4,大酱韩国发酵大豆酱,大醬韓國發酵大豆醬,ingredients/ing-00e5eb6bf4e4.svg,bowl,illustrated
ing-a5e63e81abfb,大酱（韩国发酵大豆酱）,大醬（韓國發酵大豆醬）,ingredients/ing-a5e63e81abfb.svg,bowl,illustrated
ing-bcdfe7f6057e,大头菜,大頭菜,ingredients/ing-bcdfe7f6057e.svg,potato,illustrated
ing-6b37a37de126,大马士革玫瑰花瓣,大馬士革玫瑰花瓣,ingredients/ing-6b37a37de126.svg,flower,illustrated
ing-3d5f7cfcc250,大高良姜,大高良薑,ingredients/ing-3d5f7cfcc250.svg,spice,illustrated
ing-57960ca06dc3,大麦芽,大麥芽,ingredients/ing-57960ca06dc3.svg,bread,illustrated
ing-bd34d51d1931,大麻籽,大麻籽,ingredients/ing-bd34d51d1931.svg,nuts,illustrated
ing-5b04e1fa9dbc,大黄,大黃,ingredients/ing-5b04e1fa9dbc.svg,greens,illustrated
ing-6765c493257e,天堂椒,天堂椒,ingredients/ing-6765c493257e.svg,spice,illustrated
ing-c34ba00a5101,奇亚籽,奇亞籽,ingredients/ing-c34ba00a5101.svg,nuts,illustrated
ing-65c2fa6e5f43,奇峰蚀月兰姆酒,奇峰蝕月蘭姆酒,ingredients/ing-65c2fa6e5f43.svg,bottle,illustrated
ing-f9bfb14ffe98,奇异果,奇異果,ingredients/ing-f9bfb14ffe98.svg,kiwi,illustrated
ing-6605f67426a6,奇异果汁,奇異果汁,ingredients/ing-6605f67426a6.svg,juice,illustrated
ing-c1ff63cfd9ea,奇异莓,奇異莓,ingredients/ing-c1ff63cfd9ea.svg,kiwi,illustrated
ing-e1227211a972,奇美蓝比利时烈爱尔,奇美藍比利時烈愛爾,ingredients/ing-e1227211a972.svg,bottle,illustrated
ing-bcdced4f224d,奎东茄,奎東茄,ingredients/ing-bcdced4f224d.svg,greens,illustrated
ing-8875855bba07,奥勒冈草,奥勒岡草,ingredients/ing-8875855bba07.svg,herb,illustrated
ing-bb05b3051e7d,奥勒冈草,奧勒岡草,ingredients/ing-bb05b3051e7d.svg,herb,illustrated
ing-b0ae897e8771,奥维涅蓝纹乳酪,奧維涅藍紋乳酪,ingredients/ing-b0ae897e8771.svg,cheese,illustrated
ing-ed3cdb192a56,奶油,奶油,ingredients/ing-ed3cdb192a56.svg,dairy,illustrated
ing-6354a61df090,奶油乳酪,奶油乳酪,ingredients/ing-6354a61df090.svg,cheese,illustrated
ing-5ab20dfda8e4,奶油焦糖,奶油焦糖,ingredients/ing-5ab20dfda8e4.svg,dairy,illustrated
ing-24be92a48516,奶油糖香甜酒,奶油糖香甜酒,ingredients/ing-24be92a48516.svg,bottle,illustrated
ing-0cd0336e7ce2,奶油莴苣,奶油菖苣,ingredients/ing-0cd0336e7ce2.svg,greens,illustrated
ing-6842a69ac5a4,奶油莴苣,奶油萬苣,ingredients/ing-6842a69ac5a4.svg,greens,illustrated
ing-8e1a8c1390d4,奶油莴苣,奶油蒿苣,ingredients/ing-8e1a8c1390d4.svg,greens,illustrated
ing-c90708c14c49,奶油薄饼比利时饼干,奶油薄餅比利時餅乾,ingredients/ing-c90708c14c49.svg,bread,illustrated
ing-3f481a064f73,奶油酥饼,奶油酥餅,ingredients/ing-3f481a064f73.svg,bread,illustrated
ing-ce49624b2865,奶油莴苣,奶油髙苣,ingredients/ing-ce49624b2865.svg,greens,illustrated
ing-2c528f41d923,奶油莴苣,奶油黄苣,ingredients/ing-2c528f41d923.svg,greens,illustrated
ing-1caf124c7ae8,威廉斯梨(巴梨),威廉斯梨(巴梨),ingredients/ing-1caf124c7ae8.svg,pear,illustrated
ing-439c2d6440d4,威廉斯梨巴梨,威廉斯梨巴梨,ingredients/ing-439c2d6440d4.svg,pear,illustrated
ing-4e0f20ef7cec,嫩姜,嫩薑,ingredients/ing-4e0f20ef7cec.svg,spice,illustrated
ing-62234ba2a3f0,孜然籽,孜然籽,ingredients/ing-62234ba2a3f0.svg,nuts,illustrated
ing-1327000851c0,安格斯牛,安格斯牛,ingredients/ing-1327000851c0.svg,meat,illustrated
ing-7b2326d15952,安格斯牛肉,安格斯牛肉,ingredients/ing-7b2326d15952.svg,meat,illustrated
ing-d5a814c7fc44,寇尼卡布拉橄榄油,寇尼卡布拉橄欖油,ingredients/ing-d5a814c7fc44.svg,oil,illustrated
ing-c8dd393b6d55,富士苹果,富士蘋果,ingredients/ing-c8dd393b6d55.svg,apple,illustrated
ing-e02b01d48612,小地榆叶,小地榆葉,ingredients/ing-e02b01d48612.svg,herb,illustrated
ing-cd301577e6fd,小宝石莴苣,小寶石芮苣,ingredients/ing-cd301577e6fd.svg,greens,illustrated
ing-456d4099ded7,小宝石莴苣,小寶石萬苣,ingredients/ing-456d4099ded7.svg,greens,illustrated
ing-719d65142685,小宝石莴苣,小寶石蒿苣,ingredients/ing-719d65142685.svg,greens,illustrated
ing-18c936c00a7f,小宝石莴苣,小寶石高苣,ingredients/ing-18c936c00a7f.svg,greens,illustrated
ing-296dab510d9d,小宝石莴苣,小寶石髙苣,ingredients/ing-296dab510d9d.svg,greens,illustrated
ing-29483b2918b2,小牛高汤,小牛高湯,ingredients/ing-29483b2918b2.svg,bowl,illustrated
ing-be4d0775b323,小白菜,小白菜,ingredients/ing-be4d0775b323.svg,greens,illustrated
ing-7ffab0120cb2,小高良姜,小高良薑,ingredients/ing-7ffab0120cb2.svg,spice,illustrated
ing-23cbdb27059c,小麦草,小麥草,ingredients/ing-23cbdb27059c.svg,bread,illustrated
ing-6be20383c540,小麦面包,小麥麵包,ingredients/ing-6be20383c540.svg,bread,illustrated
ing-e571bba1956c,小麦面包丁,小麥麵包丁,ingredients/ing-e571bba1956c.svg,bread,illustrated
ing-d15e0dcd1fd6,尚贝里苦艾酒,尚貝里苦艾酒,ingredients/ing-d15e0dcd1fd6.svg,bottle,illustrated
ing-bcdfc6ca23df,山桑子,山桑子,ingredients/ing-bcdfc6ca23df.svg,blueberries,illustrated
ing-b644e32bc47e,山楂果,山楂果,ingredients/ing-b644e32bc47e.svg,botanical_fruit,family_illustration
ing-95b143e58a98,山竹,山竹,ingredients/ing-95b143e58a98.svg,mangosteen,illustrated
ing-549836293a1a,山羊,山羊,ingredients/ing-549836293a1a.svg,meat,illustrated
ing-cbeef0b1e995,山羊乳酪,山羊乳酪,ingredients/ing-cbeef0b1e995.svg,cheese,illustrated
ing-9ddac4c4f0c3,山羊奶,山羊奶,ingredients/ing-9ddac4c4f0c3.svg,dairy,illustrated
ing-c23599da7e38,山葵,山葵,ingredients/ing-c23599da7e38.svg,spice,illustrated
ing-66e26194818c,山葵叶,山葵葉,ingredients/ing-66e26194818c.svg,herb,illustrated
ing-4f0faa1591c3,岩高兰,岩高蘭,ingredients/ing-4f0faa1591c3.svg,botanical_fruit,family_illustration
ing-aa364f22b196,岸葱,岸蔥,ingredients/ing-aa364f22b196.svg,greens,illustrated
ing-27744989be87,巧克力抹酱,巧克力抹醬,ingredients/ing-27744989be87.svg,bowl,illustrated
ing-0f7970f6d8a4,巧克力牛奶,巧克力牛奶,ingredients/ing-0f7970f6d8a4.svg,chocolate,illustrated
ing-5bcde0ca9b55,巧克力豆饼干,巧克力豆餅乾,ingredients/ing-5bcde0ca9b55.svg,peas,illustrated
ing-b074be93c044,巴库里,巴庫里,ingredients/ing-b074be93c044.svg,botanical_fruit,family_illustration
ing-f814eaf11475,巴斯德灭菌法山羊奶,巴斯德滅菌法山羊奶,ingredients/ing-f814eaf11475.svg,dairy,illustrated
ing-35b64533935e,巴斯德灭菌法番茄汁,巴斯德滅菌法番茄汁,ingredients/ing-35b64533935e.svg,juice,illustrated
ing-54cd0343eb95,巴萨米克醋,巴薩米克醋,ingredients/ing-54cd0343eb95.svg,bottle,illustrated
ing-b342f1d73b9b,巴西切叶蚁,巴西切葉蟻,ingredients/ing-b342f1d73b9b.svg,insect,illustrated
ing-e9785c53e600,巴西坚果,巴西堅果,ingredients/ing-e9785c53e600.svg,nuts,illustrated
ing-5eaed7d392cd,巴西李子,巴西李子,ingredients/ing-5eaed7d392cd.svg,cherry,illustrated
ing-67409eae6b5f,巴西牛臀排,巴西牛臀排,ingredients/ing-67409eae6b5f.svg,meat,illustrated
ing-b05c4c990d8d,巴西莓,巴西莓,ingredients/ing-b05c4c990d8d.svg,botanical_fruit,family_illustration
ing-244a4816fa15,巴鲁坚果,巴魯堅果,ingredients/ing-244a4816fa15.svg,nuts,illustrated
ing-0914ff052935,布尔拉樱桃,布爾拉櫻桃,ingredients/ing-0914ff052935.svg,cherry,illustrated
ing-3f08288efe68,布里乳酪,布里乳酪,ingredients/ing-3f08288efe68.svg,cheese,illustrated
ing-be39ac17fb25,布里欧面包,布里歐麵包,ingredients/ing-be39ac17fb25.svg,bread,illustrated
ing-4402fd5b30e6,布雷本苹果,布雷本蘋果,ingredients/ing-4402fd5b30e6.svg,apple,illustrated
ing-1a7000a28ca6,希腊优格酱,希臘優格醬,ingredients/ing-1a7000a28ca6.svg,bowl,illustrated
ing-16e0f35b714d,帕尔马,帕爾馬,ingredients/ing-16e0f35b714d.svg,visual_family,family_illustration
ing-abaaa2bd711a,帕尔马火腿,帕爾馬火腿,ingredients/ing-abaaa2bd711a.svg,meat,illustrated
ing-de46ebc65e7d,帕玛森乳酪,帕瑪森乳酪,ingredients/ing-de46ebc65e7d.svg,cheese,illustrated
ing-18170760cbae,帕玛森类型乳酪,帕瑪森類型乳酪,ingredients/ing-18170760cbae.svg,cheese,illustrated
ing-2803bfc7ffa1,帕达诺乳酪,帕達諾乳酪,ingredients/ing-2803bfc7ffa1.svg,cheese,illustrated
ing-7dd888ef2786,平叶香芹,平葉香芹,ingredients/ing-7dd888ef2786.svg,herb,illustrated
ing-8a5e1a4f9bd7,年卜拉鱼露,年卜拉魚露,ingredients/ing-8a5e1a4f9bd7.svg,bottle,illustrated
ing-370cd9f46522,年糕,年糕,ingredients/ing-370cd9f46522.svg,bread,illustrated
ing-ef29ea2e14ea,库拉索酒,庫拉索酒,ingredients/ing-ef29ea2e14ea.svg,bottle,illustrated
ing-06b6a0bb1a82,彭勒维克乳酪,彭勒維克乳酪,ingredients/ing-06b6a0bb1a82.svg,cheese,illustrated
ing-b8a1f0ad1304,德国白兰地（Mariacron Weinbrand）,德國白蘭地（Mariacron Weinbrand）,ingredients/ing-b8a1f0ad1304.svg,bottle,illustrated
ing-a71781d9e05d,德国酸菜,德國酸菜,ingredients/ing-a71781d9e05d.svg,bowl,illustrated
ing-db3f15838005,成熟切达乳酪,成熟切建乳酪,ingredients/ing-db3f15838005.svg,cheese,illustrated
ing-8785d8104f80,成熟切达乳酪,成熟切達乳酪,ingredients/ing-8785d8104f80.svg,cheese,illustrated
ing-210031ce2ad1,扇贝,扇貝,ingredients/ing-210031ce2ad1.svg,seafood,illustrated
ing-4dd5823aefa6,托隆糖,托隆糖,ingredients/ing-4dd5823aefa6.svg,honey,illustrated
ing-bde22a985066,托隆糖义大利牛轧糖,托隆糖義大利牛軋糖,ingredients/ing-bde22a985066.svg,meat,illustrated
ing-17b0c3c9c046,抱子甘蓝,抱子甘藍,ingredients/ing-17b0c3c9c046.svg,greens,illustrated
ing-fa67a660d4b7,抹茶,抹茶,ingredients/ing-fa67a660d4b7.svg,beverage,illustrated
ing-ec4f36e3b7a4,拉克酒,拉克酒,ingredients/ing-ec4f36e3b7a4.svg,bottle,illustrated
ing-69c3272b3871,拉古萨诺乳酪,拉古薩諾乳酪,ingredients/ing-69c3272b3871.svg,cheese,illustrated
ing-fe7f9f06adff,拉宾斯樱桃,拉賓斯櫻桃,ingredients/ing-fe7f9f06adff.svg,cherry,illustrated
ing-55db84208448,拖鞋面包,拖鞋麵包,ingredients/ing-55db84208448.svg,bread,illustrated
ing-41d6c62f4a4a,拜雍火腿,拜雍火腿,ingredients/ing-41d6c62f4a4a.svg,meat,illustrated
ing-f89bf0a874d1,拿破仑香橙干邑香甜酒,拿破崙香橙干邑香甜酒,ingredients/ing-f89bf0a874d1.svg,bottle,illustrated
ing-a87a8703127d,指橙,指橙,ingredients/ing-a87a8703127d.svg,citrus,illustrated
ing-f1c6d793fd68,接骨木花,接骨木花,ingredients/ing-f1c6d793fd68.svg,flower,illustrated
ing-086a4d52795a,接骨木莓,接骨木莓,ingredients/ing-086a4d52795a.svg,blueberries,illustrated
ing-10b7d3314920,接骨木莓汁,接骨木莓汁,ingredients/ing-10b7d3314920.svg,juice,illustrated
ing-2719620dbb61,摩洛哥初榨橄榄油,摩洛哥初榨橄欖油,ingredients/ing-2719620dbb61.svg,oil,illustrated
ing-c7cbed4c845a,摩洛血橙,摩洛血橙,ingredients/ing-c7cbed4c845a.svg,citrus,illustrated
ing-1fcd554f3b2c,摩洛血橙汁,摩洛血橙汁,ingredients/ing-1fcd554f3b2c.svg,juice,illustrated
ing-aa266329115b,斐济果,斐濟果,ingredients/ing-aa266329115b.svg,guava,illustrated
ing-c3fab2063f4c,斑豆,斑豆,ingredients/ing-c3fab2063f4c.svg,peas,illustrated
ing-025b9f149e6e,斗篷草叶,斗篷草葉,ingredients/ing-025b9f149e6e.svg,herb,illustrated
ing-2ca7618cb287,新鲜奶油乳酪,新鮮奶油乳酪,ingredients/ing-2ca7618cb287.svg,cheese,illustrated
ing-45fc2cfa344e,新鲜番茄汁,新鮮番茄汁,ingredients/ing-45fc2cfa344e.svg,juice,illustrated
ing-14901ef6e737,新鲜薰衣草花,新鮮薰衣草花,ingredients/ing-14901ef6e737.svg,flower,illustrated
ing-7f3490dde368,新鲜薰衣草叶,新鮮薰衣草葉,ingredients/ing-7f3490dde368.svg,herb,illustrated
ing-adabc381e2e0,新鲜食用玫瑰花瓣,新鮮食用玫瑰花瓣,ingredients/ing-adabc381e2e0.svg,flower,illustrated
ing-481616105b29,新鲜食用花瓣,新鮮食用花瓣,ingredients/ing-481616105b29.svg,flower,illustrated
ing-3226b9e69705,新鲜香菜,新鮮香菜,ingredients/ing-3226b9e69705.svg,greens,illustrated
ing-a49e7968d931,日向夏,日向夏,ingredients/ing-a49e7968d931.svg,citrus,illustrated
ing-9856cb0f4ffd,日晒香蕉干,日曬香蕉乾,ingredients/ing-9856cb0f4ffd.svg,banana,illustrated
ing-d4128e00662b,日本梅子,日本梅子,ingredients/ing-d4128e00662b.svg,cherry,illustrated
ing-3f562aeac9f9,日本梅干,日本梅干,ingredients/ing-3f562aeac9f9.svg,cherry,illustrated
ing-57916d1a3d82,日本梅酒,日本梅酒,ingredients/ing-57916d1a3d82.svg,bottle,illustrated
ing-c26f41bfd164,日本萝卜,日本蘿蔔,ingredients/ing-c26f41bfd164.svg,carrot,illustrated
ing-044ae3b88f76,日本酱油,日本醬油,ingredients/ing-044ae3b88f76.svg,bottle,illustrated
ing-2fae8c9cdd39,日本鱼露,日本魚露,ingredients/ing-2fae8c9cdd39.svg,bottle,illustrated
ing-723dad3e8f66,昂贝尔乳酪,昂貝爾乳酪,ingredients/ing-723dad3e8f66.svg,cheese,illustrated
ing-875a9325537d,昆布,昆布,ingredients/ing-875a9325537d.svg,seaweed,illustrated
ing-78f90ae94599,普列薄荷,普列薄荷,ingredients/ing-78f90ae94599.svg,herb,illustrated
ing-0a98937687de,普利茅斯琴酒,普利茅斯琴酒,ingredients/ing-0a98937687de.svg,bottle,illustrated
ing-ba38e2485d74,普通百里香,普通百里香,ingredients/ing-ba38e2485d74.svg,herb,illustrated
ing-99973649ff72,普逵酒发酵龙舌兰饮,普逵酒發酵龍舌蘭飲,ingredients/ing-99973649ff72.svg,bottle,illustrated
ing-6fa0e0932a3c,曼加巴果,曼加巴果,ingredients/ing-6fa0e0932a3c.svg,botanical_fruit,family_illustration
ing-97b77547dd34,曼彻格乳酪,曼徹格乳酪,ingredients/ing-97b77547dd34.svg,cheese,illustrated
ing-974d9d25bbe7,曼斯特乳酪,曼斯特乳酪,ingredients/ing-974d9d25bbe7.svg,cheese,illustrated
ing-1962c1defb35,曼沙尼雅橄榄油,曼沙尼雅橄欖油,ingredients/ing-1962c1defb35.svg,oil,illustrated
ing-b6066d44e775,曼莎尼雅初榨橄榄油,曼莎尼雅初榨橄欖油,ingredients/ing-b6066d44e775.svg,oil,illustrated
ing-5826dbbf0b67,曼莎尼雅橄榄,曼莎尼雅橄欖,ingredients/ing-5826dbbf0b67.svg,olives,illustrated
ing-d8ee9165ed25,会议梨,會議梨,ingredients/ing-d8ee9165ed25.svg,pear,illustrated
ing-8a489656c814,月桂叶,月桂葉,ingredients/ing-8a489656c814.svg,herb,illustrated
ing-0a715da17965,朝鲜蓟泥,朝鮮薊泥,ingredients/ing-0a715da17965.svg,bowl,illustrated
ing-fe70c1ad19f8,煎甜菜,期甜菜,ingredients/ing-fe70c1ad19f8.svg,potato,illustrated
ing-99dd4fe4668c,木槿花,木槿花,ingredients/ing-99dd4fe4668c.svg,flower,illustrated
ing-a80eafd52124,木橘,木橘,ingredients/ing-a80eafd52124.svg,citrus,illustrated
ing-726cedae44b0,木瓜,木瓜,ingredients/ing-726cedae44b0.svg,papaya,illustrated
ing-d639199126c2,木薯,木薯,ingredients/ing-d639199126c2.svg,potato,illustrated
ing-1879ae3e2929,木薯片,木薯片,ingredients/ing-1879ae3e2929.svg,potato,illustrated
ing-9c6c7b3bc895,杉布卡茴香酒,杉布卡茴香酒,ingredients/ing-9c6c7b3bc895.svg,bottle,illustrated
ing-29913aea852f,李子,李子,ingredients/ing-29913aea852f.svg,cherry,illustrated
ing-93f2b94b4412,李子汁,李子汁,ingredients/ing-93f2b94b4412.svg,juice,illustrated
ing-71412f5b9e0c,李子白兰地,李子白蘭地,ingredients/ing-71412f5b9e0c.svg,bottle,illustrated
ing-5110bb140b3f,李杏,李杏,ingredients/ing-5110bb140b3f.svg,peach,illustrated
ing-423d45adea4b,杏仁,杏仁,ingredients/ing-423d45adea4b.svg,nuts,illustrated
ing-350aa5253fa9,杏仁榛果抹酱,杏仁榛果抹醬,ingredients/ing-350aa5253fa9.svg,bowl,illustrated
ing-7a07d5a86ee5,杏仁榛果酱,杏仁榛果醬,ingredients/ing-7a07d5a86ee5.svg,bowl,illustrated
ing-69fd828605d2,杏仁粉,杏仁粉,ingredients/ing-69fd828605d2.svg,powder,illustrated
ing-50096671bf40,杏仁茶,杏仁茶,ingredients/ing-50096671bf40.svg,beverage,illustrated
ing-4308bae4f24f,杏仁薄脆饼干,杏仁薄脆餅乾,ingredients/ing-4308bae4f24f.svg,nuts,illustrated
ing-3de5bad3d3a0,杏仁香甜酒,杏仁香甜酒,ingredients/ing-3de5bad3d3a0.svg,bottle,illustrated
ing-93cb512937c0,杏桃,杏桃,ingredients/ing-93cb512937c0.svg,peach,illustrated
ing-6eef0ba1edd3,杏桃汁,杏桃汁,ingredients/ing-6eef0ba1edd3.svg,juice,illustrated
ing-00fea8892d1b,杏桃白兰地,杏桃白蘭地,ingredients/ing-00fea8892d1b.svg,bottle,illustrated
ing-370c3168d409,杜古比酱,杜古比酱,ingredients/ing-370c3168d409.svg,bowl,illustrated
ing-d10827021a34,杜古比酱,杜古比醬,ingredients/ing-d10827021a34.svg,bowl,illustrated
ing-235fd4b5ec1a,杜威啤酒,杜威啤酒,ingredients/ing-235fd4b5ec1a.svg,bottle,illustrated
ing-49555b04892c,杜松子,杜松子,ingredients/ing-49555b04892c.svg,nuts,illustrated
ing-0b08f7e63697,杜松子酒,杜松子酒,ingredients/ing-0b08f7e63697.svg,bottle,illustrated
ing-81bbfad53bad,杜兰小麦酸种面包,杜蘭小麥酸種麵包,ingredients/ing-81bbfad53bad.svg,bread,illustrated
ing-a1de5e4170c3,杜隆多梨,杜隆多梨,ingredients/ing-a1de5e4170c3.svg,pear,illustrated
ing-4f437434471b,东奇初榨橄榄油,東奇初榨橄欖油,ingredients/ing-4f437434471b.svg,oil,illustrated
ing-715f73b09fce,东方美人茶白毫乌龙,東方美人茶白毫烏龍,ingredients/ing-715f73b09fce.svg,beverage,illustrated
ing-8bfc36949d1a,松塞尔,松塞爾,ingredients/ing-8bfc36949d1a.svg,bottle,illustrated
ing-8d5da74d031e,松子,松子,ingredients/ing-8d5da74d031e.svg,nuts,illustrated
ing-b57a6f08938d,松茸,松茸,ingredients/ing-b57a6f08938d.svg,mushroom,illustrated
ing-2d00bdf84eb3,松藻,松藻,ingredients/ing-2d00bdf84eb3.svg,seaweed,illustrated
ing-8247acf2030d,松针,松針,ingredients/ing-8247acf2030d.svg,herb,illustrated
ing-83923b23c9b8,枇杷,枇杷,ingredients/ing-83923b23c9b8.svg,loquat,illustrated
ing-10b875f96bdd,果泥香橙,果泥香橙,ingredients/ing-10b875f96bdd.svg,bowl,illustrated
ing-fde640f0bf57,桉树蜜,枝樹蜜,ingredients/ing-fde640f0bf57.svg,herb,illustrated
ing-c93258672256,桉叶茶,枝葉茶,ingredients/ing-c93258672256.svg,beverage,illustrated
ing-28ae6634555c,枸杞,枸杞,ingredients/ing-28ae6634555c.svg,blueberries,illustrated
ing-9ef8346f7304,柚子,柚子,ingredients/ing-9ef8346f7304.svg,citrus,illustrated
ing-5eb5b2f3b766,柚子皮,柚子皮,ingredients/ing-5eb5b2f3b766.svg,citrus,illustrated
ing-09ba86a455b8,柳橙,柳橙,ingredients/ing-09ba86a455b8.svg,citrus,illustrated
ing-9f356db5121c,柳橙汁,柳橙汁,ingredients/ing-9f356db5121c.svg,juice,illustrated
ing-9a88e195ca5e,柳橙酒水果酒,柳橙酒水果酒,ingredients/ing-9a88e195ca5e.svg,bottle,illustrated
ing-e42b5ce8d174,柴鱼片,柴魚片,ingredients/ing-e42b5ce8d174.svg,seafood,illustrated
ing-41ecfe1ee941,柿子,柿子,ingredients/ing-41ecfe1ee941.svg,persimmon,illustrated
ing-ed3e0b9b5003,栗子蜂蜜,栗子蜂蜜,ingredients/ing-ed3e0b9b5003.svg,honey,illustrated
ing-1e83197166dd,桉树,校樹,ingredients/ing-1e83197166dd.svg,herb,illustrated
ing-c449bc4f1ee3,桉树蜜,校樹蜜,ingredients/ing-c449bc4f1ee3.svg,herb,illustrated
ing-c7a897444f3d,核桃,核桃,ingredients/ing-c7a897444f3d.svg,nuts,illustrated
ing-89b07bb7b91a,核桃粉,核桃粉,ingredients/ing-89b07bb7b91a.svg,powder,illustrated
ing-3b7077e0c847,根特火腿,根特火腿,ingredients/ing-3b7077e0c847.svg,meat,illustrated
ing-5777f1c360b2,格赖沃特樱桃,格賴沃特櫻桃,ingredients/ing-5777f1c360b2.svg,cherry,illustrated
ing-5c6cef3e8119,格里欧汀,格里歐汀,ingredients/ing-5c6cef3e8119.svg,botanical_fruit,family_illustration
ing-47ff41354c06,格里欧汀酒渍莫利洛黑樱桃,格里歐汀酒漬莫利洛黑櫻桃,ingredients/ing-47ff41354c06.svg,cherry,illustrated
ing-82018c8dd99a,桂皮(中国肉桂),桂皮(中國肉桂),ingredients/ing-82018c8dd99a.svg,spice,illustrated
ing-59bd3a069ba6,桂皮中国肉桂,桂皮中國肉桂,ingredients/ing-59bd3a069ba6.svg,spice,illustrated
ing-f64aa7ce11b4,桂皮（中国肉桂）,桂皮（中國肉桂）,ingredients/ing-f64aa7ce11b4.svg,spice,illustrated
ing-0fe9ed3a6b78,桃子,桃子,ingredients/ing-0fe9ed3a6b78.svg,peach,illustrated
ing-6adb78ba4357,桃子汁,桃子汁,ingredients/ing-6adb78ba4357.svg,juice,illustrated
ing-4819f05f7300,桃子香甜酒,桃子香甜酒,ingredients/ing-4819f05f7300.svg,bottle,illustrated
ing-480bf98d9cd3,桑根,桑根,ingredients/ing-480bf98d9cd3.svg,herb,illustrated
ing-3ea684e1a4fd,桑桑酒,桑桑酒,ingredients/ing-3ea684e1a4fd.svg,bottle,illustrated
ing-2f47ad0df57b,桑椹,桑植,ingredients/ing-2f47ad0df57b.svg,bramble,illustrated
ing-2b0c1756d7b2,桑椹,桑樞,ingredients/ing-2b0c1756d7b2.svg,bramble,illustrated
ing-31833aaf6f7f,梅塔莎五星白兰地,梅塔莎五星白蘭地,ingredients/ing-31833aaf6f7f.svg,bottle,illustrated
ing-757da5e757d1,梅尔柠檬皮,梅爾檸檬皮,ingredients/ing-757da5e757d1.svg,citrus,illustrated
ing-a49d8c639dd1,梅尔柠檬皮屑,梅爾檸檬皮屑,ingredients/ing-a49d8c639dd1.svg,citrus,illustrated
ing-4d155b5045c6,梅兹卡尔酒,梅茲卡爾酒,ingredients/ing-4d155b5045c6.svg,bottle,illustrated
ing-6449ae42f938,梨子,梨子,ingredients/ing-6449ae42f938.svg,pear,illustrated
ing-eaad8cd79bdd,梨子汁,梨子汁,ingredients/ing-eaad8cd79bdd.svg,juice,illustrated
ing-7510797db0d0,梨木烟,梨木煙,ingredients/ing-7510797db0d0.svg,smoke,illustrated
ing-0b4924da1df3,梨木烟熏,梨木煙燻,ingredients/ing-0b4924da1df3.svg,smoke,illustrated
ing-b35cce89071a,梨汁,梨汁,ingredients/ing-b35cce89071a.svg,juice,illustrated
ing-300be31967fb,棕榈糖,棕櫚糖,ingredients/ing-300be31967fb.svg,honey,illustrated
ing-b84c925568d0,枣子,棗子,ingredients/ing-b84c925568d0.svg,cherry,illustrated
ing-570e567250b1,植物学家艾雷岛琴酒,植物學家艾雷島琴酒,ingredients/ing-570e567250b1.svg,bottle,illustrated
ing-d7741fb66511,椰奶,椰奶,ingredients/ing-d7741fb66511.svg,milk,illustrated
ing-7e29ba7e06c2,椰子,椰子,ingredients/ing-7e29ba7e06c2.svg,coconut,illustrated
ing-3635d0cca9c7,椰子水,椰子水,ingredients/ing-3635d0cca9c7.svg,coconut,illustrated
ing-4c0fa5c3fd03,椰子脂,椰子脂,ingredients/ing-4c0fa5c3fd03.svg,coconut,illustrated
ing-396c1b8a6247,椰子饮,椰子飲,ingredients/ing-396c1b8a6247.svg,coconut,illustrated
ing-dafb13067f4f,杨桃,楊桃,ingredients/ing-dafb13067f4f.svg,peach,illustrated
ing-b3026894ba1a,枫糖浆,楓糖漿,ingredients/ing-b3026894ba1a.svg,honey,illustrated
ing-3f9aac8b132d,极干白波特,極乾白波特,ingredients/ing-3f9aac8b132d.svg,bottle,illustrated
ing-97d9c081fd7f,榛果,榛果,ingredients/ing-97d9c081fd7f.svg,nuts,illustrated
ing-56da10413cb7,榛果抹酱,榛果抹醬,ingredients/ing-56da10413cb7.svg,bowl,illustrated
ing-0acd537615b7,榛果油,榛果油,ingredients/ing-0acd537615b7.svg,oil,illustrated
ing-f71f3e540461,榛果粉,榛果粉,ingredients/ing-f71f3e540461.svg,powder,illustrated
ing-a70239a73e26,榴梿蜜,榴樋蜜,ingredients/ing-a70239a73e26.svg,durian,illustrated
ing-6da7c5eaf986,椪柑,樋柑,ingredients/ing-6da7c5eaf986.svg,citrus,illustrated
ing-ca28d943a706,樱桃番茄,樱桃番茄,ingredients/ing-ca28d943a706.svg,cherry,illustrated
ing-d875c7c92594,樱桃白兰地,樱桃白蘭地,ingredients/ing-d875c7c92594.svg,bottle,illustrated
ing-6e57278b84b3,树艾,樹艾,ingredients/ing-6e57278b84b3.svg,herb,illustrated
ing-bc7d2ed92277,橄榄油,橄欖油,ingredients/ing-bc7d2ed92277.svg,oil,illustrated
ing-d8816dfefa54,橘子,橘子,ingredients/ing-d8816dfefa54.svg,citrus,illustrated
ing-4f1db73c9859,橘子泥,橘子泥,ingredients/ing-4f1db73c9859.svg,bowl,illustrated
ing-505fa8ab7f42,橘子皮,橘子皮,ingredients/ing-505fa8ab7f42.svg,citrus,illustrated
ing-dd46442fcc0e,橘色番茄,橘色番茄,ingredients/ing-dd46442fcc0e.svg,citrus,illustrated
ing-6512fdb573aa,橘苹,橘蘋,ingredients/ing-6512fdb573aa.svg,citrus,illustrated
ing-ec5a8bfa3b69,橙皮,橙皮,ingredients/ing-ec5a8bfa3b69.svg,citrus,illustrated
ing-f2223244c847,橙花,橙花,ingredients/ing-f2223244c847.svg,flower,illustrated
ing-34d37d1edc06,橙花水,橙花水,ingredients/ing-34d37d1edc06.svg,citrus,illustrated
ing-ed9758f47106,柠檬皮,檸橡皮,ingredients/ing-ed9758f47106.svg,citrus,illustrated
ing-5e3cd6bef7d2,柠檬,檸檬,ingredients/ing-5e3cd6bef7d2.svg,citrus,illustrated
ing-7812ac8409f8,柠檬伏特加,檸檬伏特加,ingredients/ing-7812ac8409f8.svg,bottle,illustrated
ing-e8f31efbe1cf,柠檬味天竺葵花,檸檬味天竺葵花,ingredients/ing-e8f31efbe1cf.svg,citrus,illustrated
ing-e018286b49cb,柠檬味天竺葵叶,檸檬味天竺葵葉,ingredients/ing-e018286b49cb.svg,citrus,illustrated
ing-2bfcb7ed141c,柠檬塔,檸檬塔,ingredients/ing-2bfcb7ed141c.svg,citrus,illustrated
ing-6f483bcea699,柠檬汁,檸檬汁,ingredients/ing-6f483bcea699.svg,juice,illustrated
ing-590bfbce3172,柠檬皮,檸檬皮,ingredients/ing-590bfbce3172.svg,citrus,illustrated
ing-dfa57b0fb8f9,柠檬皮屑,檸檬皮屑,ingredients/ing-dfa57b0fb8f9.svg,citrus,illustrated
ing-fd5aba870e4f,柠檬莱姆苏打水,檸檬萊姆蘇打水,ingredients/ing-fd5aba870e4f.svg,beverage,illustrated
ing-7fad758be570,柠檬马鞭草,檸檬馬鞭草,ingredients/ing-7fad758be570.svg,citrus,illustrated
ing-61cbcda74e9b,栉瓜,櫛瓜,ingredients/ing-61cbcda74e9b.svg,cucumber,illustrated
ing-c66df5f09038,樱桃木烟熏,櫻桃木煙燻,ingredients/ing-c66df5f09038.svg,smoke,illustrated
ing-23ece4c3aa8b,樱桃果酱,櫻桃果醬,ingredients/ing-23ece4c3aa8b.svg,bowl,illustrated
ing-763471ec1d3f,樱桃番茄,櫻桃番茄,ingredients/ing-763471ec1d3f.svg,cherry,illustrated
ing-6877280c2caa,樱桃白兰地,櫻桃白蘭地,ingredients/ing-6877280c2caa.svg,bottle,illustrated
ing-281bee03a5cf,欧洲月桂叶,歐洲月桂葉,ingredients/ing-281bee03a5cf.svg,herb,illustrated
ing-e5f73015d128,欧洲鲈鱼,歐洲鱸魚,ingredients/ing-e5f73015d128.svg,seafood,illustrated
ing-f1f3e6d5a5aa,正山小种茶,正山小種茶,ingredients/ing-f1f3e6d5a5aa.svg,beverage,illustrated
ing-68fc634780e9,比利时白啤酒,比利時白啤酒,ingredients/ing-68fc634780e9.svg,bottle,illustrated
ing-e6dfdc915f36,比利时莲花饼干,比利時蓮花餅乾,ingredients/ing-e6dfdc915f36.svg,flower,illustrated
ing-a620962e36d0,毛豆,毛豆,ingredients/ing-a620962e36d0.svg,peas,illustrated
ing-110ad8e61183,水煮佛手瓜,水煮佛手瓜,ingredients/ing-110ad8e61183.svg,squash,illustrated
ing-192e424ba992,水煮冬南瓜,水煮冬南瓜,ingredients/ing-192e424ba992.svg,squash,illustrated
ing-16e0f6029b63,水煮冬瓜,水煮冬瓜,ingredients/ing-16e0f6029b63.svg,squash,illustrated
ing-f01d6c6b45a9,水煮南瓜,水煮南瓜,ingredients/ing-f01d6c6b45a9.svg,squash,illustrated
ing-f198b5939673,水煮去皮甜菜,水煮去皮甜菜,ingredients/ing-f198b5939673.svg,potato,illustrated
ing-b7a4bf81ab49,水煮古曼丁马铃薯,水煮古曼丁馬鈴薯,ingredients/ing-b7a4bf81ab49.svg,potato,illustrated
ing-996b55220c98,水煮四季豆,水煮四季豆,ingredients/ing-996b55220c98.svg,peas,illustrated
ing-afa70c851188,水煮朝鲜蓟,水煮朝鮮薊,ingredients/ing-afa70c851188.svg,greens,illustrated
ing-2da6b7ea3dc5,水煮木薯,水煮木薯,ingredients/ing-2da6b7ea3dc5.svg,potato,illustrated
ing-b8b522d856fb,水煮栉瓜,水煮櫛瓜,ingredients/ing-b8b522d856fb.svg,cucumber,illustrated
ing-abbf17a5028f,水煮毛蟹,水煮毛蟹,ingredients/ing-abbf17a5028f.svg,seafood,illustrated
ing-0e107c9b1201,水煮火腿,水煮火腿,ingredients/ing-0e107c9b1201.svg,meat,illustrated
ing-6db06975b5b2,水煮乌贼,水煮烏賊,ingredients/ing-6db06975b5b2.svg,seafood,illustrated
ing-624b08b9aff5,水煮牛肉,水煮牛肉,ingredients/ing-624b08b9aff5.svg,meat,illustrated
ing-2ac48605e7db,水煮甜玉米,水煮甜玉米,ingredients/ing-2ac48605e7db.svg,bread,illustrated
ing-df22e94c9c62,水煮甜菜,水煮甜菜,ingredients/ing-df22e94c9c62.svg,potato,illustrated
ing-1bc087624554,水煮番薯,水煮番薯,ingredients/ing-1bc087624554.svg,potato,illustrated
ing-9fed3cf81ec9,水煮竹笋,水煮竹筍,ingredients/ing-9fed3cf81ec9.svg,asparagus,illustrated
ing-3c0c8f904947,水煮紫番薯,水煮紫番薯,ingredients/ing-3c0c8f904947.svg,potato,illustrated
ing-34371cf37bc9,水煮羊肉,水煮羊肉,ingredients/ing-34371cf37bc9.svg,meat,illustrated
ing-18ad3222db66,水煮耶路撒冷朝鲜蓟,水煮耶路撒冷朝鮮薊,ingredients/ing-18ad3222db66.svg,greens,illustrated
ing-b3b97676a5c8,水煮胡萝卜,水煮胡蘿蔔,ingredients/ing-b3b97676a5c8.svg,carrot,illustrated
ing-207fc4c91a0a,水煮芋头,水煮芋頭,ingredients/ing-207fc4c91a0a.svg,potato,illustrated
ing-7bc024833764,水煮花椰菜,水煮花椰菜,ingredients/ing-7bc024833764.svg,flower,illustrated
ing-f376f60db679,水煮芹菜,水煮芹菜,ingredients/ing-f376f60db679.svg,herb,illustrated
ing-6dc0932df994,水煮芹菜根,水煮芹菜根,ingredients/ing-6dc0932df994.svg,potato,illustrated
ing-f8a15b131b7e,水煮茄子,水煮茄子,ingredients/ing-f8a15b131b7e.svg,eggplant,illustrated
ing-5e1f007fa895,水煮菜蓟,水煮菜薊,ingredients/ing-5e1f007fa895.svg,greens,illustrated
ing-1d8605297766,水煮蓝蟹,水煮藍蟹,ingredients/ing-1d8605297766.svg,seafood,illustrated
ing-55a098283c49,水煮蛋,水煮蛋,ingredients/ing-55a098283c49.svg,dairy,illustrated
ing-f0020459a525,水煮蚕豆,水煮蠶豆,ingredients/ing-f0020459a525.svg,peas,illustrated
ing-98726fe16150,水煮褐虾,水煮褐蝦,ingredients/ing-98726fe16150.svg,seafood,illustrated
ing-28d78892abe3,水煮角虾,水煮角蝦,ingredients/ing-28d78892abe3.svg,seafood,illustrated
ing-2a5f6094b605,水煮豌豆,水煮豌豆,ingredients/ing-2a5f6094b605.svg,peas,illustrated
ing-4ed65c6a0a5b,水煮防风根,水煮防風根,ingredients/ing-4ed65c6a0a5b.svg,carrot,illustrated
ing-4082f82199dc,水煮青花笋,水煮青花筍,ingredients/ing-4082f82199dc.svg,asparagus,illustrated
ing-e9c74f332930,水煮青花菜,水煮青花菜,ingredients/ing-e9c74f332930.svg,greens,illustrated
ing-b128bf4c0152,水煮马铃薯,水煮馬鈴薯,ingredients/ing-b128bf4c0152.svg,potato,illustrated
ing-e81bddb749bc,水煮面包蟹,水煮麵包蟹,ingredients/ing-e81bddb749bc.svg,seafood,illustrated
ing-8ed9e563d213,水煮面包蟹肉,水煮麵包蟹肉,ingredients/ing-8ed9e563d213.svg,seafood,illustrated
ing-4b254a9c2101,水煮黏果酸浆,水煮黏果酸漿,ingredients/ing-4b254a9c2101.svg,botanical_fruit,family_illustration
ing-e6c66c272238,水煮龙虾,水煮龍蝦,ingredients/ing-e6c66c272238.svg,seafood,illustrated
ing-f454dc5772a8,水煮龙虾尾,水煮龍蝦尾,ingredients/ing-f454dc5772a8.svg,seafood,illustrated
ing-391c3c6c03f7,水牛奶,水牛奶,ingredients/ing-391c3c6c03f7.svg,dairy,illustrated
ing-24c552e9248f,水牛莫札瑞拉乳酪,水牛莫札瑞拉乳酪,ingredients/ing-24c552e9248f.svg,cheese,illustrated
ing-5aa5e57cc00f,沙丁鱼,沙丁魚,ingredients/ing-5aa5e57cc00f.svg,seafood,illustrated
ing-7b73ed6cf351,沙朗牛肉,沙朗牛肉,ingredients/ing-7b73ed6cf351.svg,meat,illustrated
ing-68deb2a92837,沙棘果,沙棘果,ingredients/ing-68deb2a92837.svg,blueberries,illustrated
ing-75e8f0e081c3,沙棘香甜酒,沙棘香甜酒,ingredients/ing-75e8f0e081c3.svg,bottle,illustrated
ing-3c5490f53395,油桃,油桃,ingredients/ing-3c5490f53395.svg,peach,illustrated
ing-924193623a2d,油烤杏仁,油烤杏仁,ingredients/ing-924193623a2d.svg,nuts,illustrated
ing-4548a60970a4,油菜花,油菜花,ingredients/ing-4548a60970a4.svg,flower,illustrated
ing-5c977f697fce,法国长棍面包,法國長棍麵包,ingredients/ing-5c977f697fce.svg,bread,illustrated
ing-04cc52357a1b,法国马贡山羊乳酪,法國馬貢山羊乳酪,ingredients/ing-04cc52357a1b.svg,cheese,illustrated
ing-dd8c13e2ccb2,法兰朵初榨橄榄油,法蘭朵初榨橄欖油,ingredients/ing-dd8c13e2ccb2.svg,oil,illustrated
ing-ef630baa5d9a,泡泡果,泡泡果,ingredients/ing-ef630baa5d9a.svg,botanical_fruit,family_illustration
ing-873190e4d8c8,泡菜,泡菜,ingredients/ing-873190e4d8c8.svg,bowl,illustrated
ing-257ca7f3ba84,波本威士忌,波本威士忌,ingredients/ing-257ca7f3ba84.svg,bottle,illustrated
ing-941182920a00,波本香草,波本香草,ingredients/ing-941182920a00.svg,spice,illustrated
ing-1dba1c01db77,波森莓,波森莓,ingredients/ing-1dba1c01db77.svg,bramble,illustrated
ing-89b944c43cb8,波特酒,波特酒,ingredients/ing-89b944c43cb8.svg,bottle,illustrated
ing-dd6c1530dc54,波芙隆乳酪,波芙隆乳酪,ingredients/ing-dd6c1530dc54.svg,cheese,illustrated
ing-9102e1e20715,波兰蓝纹乳酪,波蘭藍紋乳酪,ingredients/ing-9102e1e20715.svg,cheese,illustrated
ing-573c78551927,泥煤威士忌,泥煤威士忌,ingredients/ing-573c78551927.svg,bottle,illustrated
ing-b6358334521e,泰国红咖哩酱,泰國紅咖哩醬,ingredients/ing-b6358334521e.svg,bowl,illustrated
ing-84fba5f84f2e,泰国绿辣椒,泰國綠辣椒,ingredients/ing-84fba5f84f2e.svg,pepper,illustrated
ing-29887ffb8d2e,泰国芒果,泰國芒果,ingredients/ing-29887ffb8d2e.svg,mango,illustrated
ing-7e81829aa22a,泰国青柠,泰國青檸,ingredients/ing-7e81829aa22a.svg,citrus,illustrated
ing-ef142a9fb436,泰国青柠皮屑,泰國青檸皮屑,ingredients/ing-ef142a9fb436.svg,citrus,illustrated
ing-32053a03d4e3,泰国青柠叶,泰國青檸葉,ingredients/ing-32053a03d4e3.svg,citrus,illustrated
ing-bfe1559f0800,洋槐蜂蜜,洋槐蜂蜜,ingredients/ing-bfe1559f0800.svg,honey,illustrated
ing-f546df7226e2,洋甘菊,洋甘菊,ingredients/ing-f546df7226e2.svg,flower,illustrated
ing-b1de235e622f,洋葱,洋蔥,ingredients/ing-b1de235e622f.svg,onion,illustrated
ing-8d74e899c341,洛克福乳酪,洛克福乳酪,ingredients/ing-8d74e899c341.svg,cheese,illustrated
ing-99353cc38aad,海带芽,海帶芽,ingredients/ing-99353cc38aad.svg,seaweed,illustrated
ing-0a3734d61b02,海无花果,海無花果,ingredients/ing-0a3734d61b02.svg,fig,illustrated
ing-00c5ab992c2f,海胆,海膽,ingredients/ing-00c5ab992c2f.svg,seafood,illustrated
ing-fa0316b7bc78,海腊,海臘,ingredients/ing-fa0316b7bc78.svg,seafood,illustrated
ing-ebdfcfd8283d,海苔片,海苔片,ingredients/ing-ebdfcfd8283d.svg,seaweed,illustrated
ing-9caf79d0d640,海茴香,海茴香,ingredients/ing-9caf79d0d640.svg,herb,illustrated
ing-d0efa10f93c0,海顿芒果,海頓芒果,ingredients/ing-d0efa10f93c0.svg,mango,illustrated
ing-7b91be1ba55b,消化饼干,消化餅乾,ingredients/ing-7b91be1ba55b.svg,bread,illustrated
ing-1ad10cdbb831,淡味切达乳酪,淡味切達乳酪,ingredients/ing-1ad10cdbb831.svg,cheese,illustrated
ing-e438d11dd045,深烤杏仁,深烤杏仁,ingredients/ing-e438d11dd045.svg,nuts,illustrated
ing-3bbf71368d01,清炖多佛比目鱼,清燉多佛比目魚,ingredients/ing-3bbf71368d01.svg,seafood,illustrated
ing-1c0ca61a256e,清炖多宝鱼,清燉多寶魚,ingredients/ing-1c0ca61a256e.svg,seafood,illustrated
ing-ef708b1f4879,清炖大虾,清燉大蝦,ingredients/ing-ef708b1f4879.svg,seafood,illustrated
ing-fa1bc62630f2,清炖大西洋鲑鱼排,清燉大西洋鮭魚排,ingredients/ing-fa1bc62630f2.svg,seafood,illustrated
ing-948f7fb7853d,清炖榅桲,清燉根椁,ingredients/ing-948f7fb7853d.svg,quince,illustrated
ing-34d1cb8d05e2,清炖榅桲,清燉棍椁,ingredients/ing-34d1cb8d05e2.svg,quince,illustrated
ing-dcd0602cc812,清炖椁,清燉椁,ingredients/ing-dcd0602cc812.svg,identity_unresolved,identity_unresolved
ing-de51270e8a49,清炖柠檬鲽,清燉檸檬螺,ingredients/ing-de51270e8a49.svg,citrus,illustrated
ing-756c048e8c9d,清炖柠檬鲽,清燉檸檬鰻,ingredients/ing-756c048e8c9d.svg,citrus,illustrated
ing-9cb44a6cdfeb,清炖火鸡,清燉火雞,ingredients/ing-9cb44a6cdfeb.svg,meat,illustrated
ing-c4da4f386916,清炖火鸡肉,清燉火雞肉,ingredients/ing-c4da4f386916.svg,meat,illustrated
ing-937f27b48f0e,清炖乌鱼,清燉烏魚,ingredients/ing-937f27b48f0e.svg,seafood,illustrated
ing-20fd477e73e5,清炖白芦笋,清燉白蘆筍,ingredients/ing-20fd477e73e5.svg,asparagus,illustrated
ing-2216621bb410,清炖榅桲,清燉福椁,ingredients/ing-2216621bb410.svg,quince,illustrated
ing-1871a200f78d,清炖秋姑鱼,清燉秋姑魚,ingredients/ing-1871a200f78d.svg,seafood,illustrated
ing-0fd29ccf7c3e,清炖红笛鲷,清燉紅笛鯛,ingredients/ing-0fd29ccf7c3e.svg,seafood,illustrated
ing-47e92324c535,清炖红鱼翅,清燉紅魚翅,ingredients/ing-47e92324c535.svg,seafood,illustrated
ing-2b8ae0a8fd9e,清炖红鱼翅,清燉缸魚翅,ingredients/ing-2b8ae0a8fd9e.svg,seafood,illustrated
ing-188f1a69e7c0,清炖鸡肉,清燉雞肉,ingredients/ing-188f1a69e7c0.svg,meat,illustrated
ing-92436df8e4e0,清炖鸡胸排,清燉雞胸排,ingredients/ing-92436df8e4e0.svg,meat,illustrated
ing-78b9536de7b7,清炖鲑鱼,清燉鮭魚,ingredients/ing-78b9536de7b7.svg,seafood,illustrated
ing-07c29b529331,清炖鲑鱼排,清燉鮭魚排,ingredients/ing-07c29b529331.svg,seafood,illustrated
ing-b3934b694e49,清炖鲤鱼,清燉鯉魚,ingredients/ing-b3934b694e49.svg,seafood,illustrated
ing-3dc5bcba1ad0,清炖鳕鱼排,清燉鱈魚排,ingredients/ing-3dc5bcba1ad0.svg,seafood,illustrated
ing-e2ca7d4d3fbb,清炖鳟鱼,清燉鱒魚,ingredients/ing-e2ca7d4d3fbb.svg,seafood,illustrated
ing-e14a955cb93a,清酒,清酒,ingredients/ing-e14a955cb93a.svg,bottle,illustrated
ing-bd155dda94cb,渣酿白兰地,渣釀白蘭地,ingredients/ing-bd155dda94cb.svg,bottle,illustrated
ing-fefd9101aa86,温州蜜柑,溫州蜜柑,ingredients/ing-fefd9101aa86.svg,citrus,illustrated
ing-dafcc749fc13,温州蜜柑皮屑,溫州蜜柑皮屑,ingredients/ing-dafcc749fc13.svg,citrus,illustrated
ing-7a5fc11ad06e,盐肤木,漣膚木,ingredients/ing-7a5fc11ad06e.svg,spice,illustrated
ing-8d5ae7881eeb,潘卡辣椒,潘卡辣椒,ingredients/ing-8d5ae7881eeb.svg,pepper,illustrated
ing-c3a8b9e66297,澳洲胡桃,澳洲胡桃,ingredients/ing-c3a8b9e66297.svg,nuts,illustrated
ing-eea184cd2e81,澳洲青苹果,澳洲青蘋果,ingredients/ing-eea184cd2e81.svg,apple,illustrated
ing-4fd31f47c400,澳洲青苹果汁,澳洲青蘋果汁,ingredients/ing-4fd31f47c400.svg,juice,illustrated
ing-96d1ec55f585,浓口酱油,濃口醬油,ingredients/ing-96d1ec55f585.svg,bottle,illustrated
ing-a23727be6c62,浓缩小牛肉汁,濃縮小牛肉汁,ingredients/ing-a23727be6c62.svg,bowl,illustrated
ing-3ea6e3247f7b,火龙果,火龍果,ingredients/ing-3ea6e3247f7b.svg,dragon,illustrated
ing-ccbe4f643b18,炒小白菜,炒小白菜,ingredients/ing-ccbe4f643b18.svg,greens,illustrated
ing-16e435d5a581,炒蛋,炒蛋,ingredients/ing-16e435d5a581.svg,dairy,illustrated
ing-b0c783e6da33,炸大蒜,炸大蒜,ingredients/ing-b0c783e6da33.svg,onion,illustrated
ing-15733b4409f5,炸天贝,炸天貝,ingredients/ing-15733b4409f5.svg,bowl,illustrated
ing-18829d41a1a7,炸辣椒酱,炸辣椒醬,ingredients/ing-18829d41a1a7.svg,bowl,illustrated
ing-0c8ef4233183,乌鱼子,烏魚子,ingredients/ing-0c8ef4233183.svg,seafood,illustrated
ing-12398f1b86aa,烘烤乳酪蛋糕,烘烤乳酪蛋糕,ingredients/ing-12398f1b86aa.svg,cheese,illustrated
ing-8e642fcdfe92,烘烤兔肉,烘烤兔肉,ingredients/ing-8e642fcdfe92.svg,meat,illustrated
ing-0c7f514066b8,烘烤多佛比目鱼,烘烤多佛比目魚,ingredients/ing-0c7f514066b8.svg,seafood,illustrated
ing-3fac0b91592a,烘烤大扇贝,烘烤大扇貝,ingredients/ing-3fac0b91592a.svg,seafood,illustrated
ing-e8d9858c889b,烘烤大头菜,烘烤大頭菜,ingredients/ing-e8d9858c889b.svg,potato,illustrated
ing-871cc86cca89,烘烤小牛肉,烘烤小牛肉,ingredients/ing-871cc86cca89.svg,meat,illustrated
ing-1f42f338a7b6,烘烤欧洲鲈鱼,烘烤歐洲鱸魚,ingredients/ing-1f42f338a7b6.svg,seafood,illustrated
ing-fe9cf523ea13,烘烤鲽鱼,烘烤牒魚,ingredients/ing-fe9cf523ea13.svg,seafood,illustrated
ing-1abc4069ae83,烘烤甜菜,烘烤甜菜,ingredients/ing-1abc4069ae83.svg,potato,illustrated
ing-bb07e3768eff,烘烤秋姑鱼,烘烤秋姑魚,ingredients/ing-bb07e3768eff.svg,seafood,illustrated
ing-747e1d488579,烘烤红鱼翅,烘烤紅魚翅,ingredients/ing-747e1d488579.svg,seafood,illustrated
ing-19bcf13ef8f2,烘烤细鳞绿鳍鱼,烘烤細鱗綠鰭魚,ingredients/ing-19bcf13ef8f2.svg,seafood,illustrated
ing-23a43f6f57a5,烘烤鲽鱼,烘烤縹魚,ingredients/ing-23a43f6f57a5.svg,seafood,illustrated
ing-8db71962ed0a,烘烤鲽鱼,烘烤繰魚,ingredients/ing-8db71962ed0a.svg,seafood,illustrated
ing-e4025153c372,烘烤鲽鱼,烘烤臊魚,ingredients/ing-e4025153c372.svg,seafood,illustrated
ing-d6aa4986adc5,烘烤菱,烘烤菱,ingredients/ing-d6aa4986adc5.svg,identity_unresolved,identity_unresolved
ing-fa0934fe2e83,烘烤菱鲆,烘烤菱辭,ingredients/ing-fa0934fe2e83.svg,seafood,illustrated
ing-05b64d3dff11,烘烤菱鲆,烘烤菱鮃,ingredients/ing-05b64d3dff11.svg,seafood,illustrated
ing-d307768caf51,烘烤菱鲆,烘烤菱鮮,ingredients/ing-d307768caf51.svg,seafood,illustrated
ing-87ffdca93f3d,烘烤菱鲆,烘烤菱鯉,ingredients/ing-87ffdca93f3d.svg,seafood,illustrated
ing-b25880c8209a,烘烤鲽鱼,烘烤螺魚,ingredients/ing-b25880c8209a.svg,seafood,illustrated
ing-7f3f774f805a,烘烤角虾,烘烤角蝦,ingredients/ing-7f3f774f805a.svg,seafood,illustrated
ing-b3738aea3621,烘烤野兔,烘烤野兔,ingredients/ing-b3738aea3621.svg,meat,illustrated
ing-7eb7b465b369,烘烤飞蟹,烘烤飛蟹,ingredients/ing-7eb7b465b369.svg,seafood,illustrated
ing-f9cd6a0e18aa,烘烤鲽鱼,烘烤驟魚,ingredients/ing-f9cd6a0e18aa.svg,seafood,illustrated
ing-bd1bf657da9c,烘烤鲽鱼,烘烤鰈魚,ingredients/ing-bd1bf657da9c.svg,seafood,illustrated
ing-f95c4fe8e97b,烘烤鳗鱼,烘烤鰻魚,ingredients/ing-f95c4fe8e97b.svg,seafood,illustrated
ing-597497204026,烘烤鲽鱼,烘烤鳏魚,ingredients/ing-597497204026.svg,seafood,illustrated
ing-dff3e8a4a24e,烤五花肉,烤五花肉,ingredients/ing-dff3e8a4a24e.svg,meat,illustrated
ing-c5629634c397,烤南瓜籽,烤南瓜籽,ingredients/ing-c5629634c397.svg,nuts,illustrated
ing-1f95e79217da,烤多宝鱼,烤多寶魚,ingredients/ing-1f95e79217da.svg,seafood,illustrated
ing-56481cb02675,烤小牛胸腺,烤小牛胸腺,ingredients/ing-56481cb02675.svg,meat,illustrated
ing-993dc85e36b4,烤巴西坚果,烤巴西堅果,ingredients/ing-993dc85e36b4.svg,nuts,illustrated
ing-3a6dba96453f,烤布雷斯鸡皮,烤布雷斯雞皮,ingredients/ing-3a6dba96453f.svg,meat,illustrated
ing-c03265c4c28d,烤明虾,烤明蝦,ingredients/ing-c03265c4c28d.svg,seafood,illustrated
ing-7811eec79d0f,烤杏仁,烤杏仁,ingredients/ing-7811eec79d0f.svg,nuts,illustrated
ing-9df2934240dd,烤杏仁片,烤杏仁片,ingredients/ing-9df2934240dd.svg,nuts,illustrated
ing-d48fa00abf3a,烤栗子,烤栗子,ingredients/ing-d48fa00abf3a.svg,nuts,illustrated
ing-bff2a7407402,烤榛果,烤榛果,ingredients/ing-bff2a7407402.svg,nuts,illustrated
ing-6e78b9c3a038,烤榛果泥,烤榛果泥,ingredients/ing-6e78b9c3a038.svg,bowl,illustrated
ing-0986a4e05f96,烤栉瓜,烤櫛瓜,ingredients/ing-0986a4e05f96.svg,cucumber,illustrated
ing-65d5dfdf0ad1,烤洋葱,烤洋蔥,ingredients/ing-65d5dfdf0ad1.svg,onion,illustrated
ing-458104b22b2d,烤澳洲胡桃,烤澳洲胡桃,ingredients/ing-458104b22b2d.svg,nuts,illustrated
ing-bcd4f576d155,烤火鸡,烤火雞,ingredients/ing-bcd4f576d155.svg,meat,illustrated
ing-ce69631a4e4a,烤牛肉,烤牛肉,ingredients/ing-ce69631a4e4a.svg,meat,illustrated
ing-6fdd28997645,烤甜红椒泥,烤甜紅椒泥,ingredients/ing-6fdd28997645.svg,bowl,illustrated
ing-d577979b86bf,烤甜菜,烤甜菜,ingredients/ing-d577979b86bf.svg,potato,illustrated
ing-e135a95c2733,烤番薯,烤番薯,ingredients/ing-e135a95c2733.svg,potato,illustrated
ing-af1f59548c69,烤白吐司,烤白吐司,ingredients/ing-af1f59548c69.svg,bread,illustrated
ing-6132995df966,烤白芥末籽,烤白芥末籽,ingredients/ing-6132995df966.svg,powder,illustrated
ing-76d80e5142b6,烤百合,烤百合,ingredients/ing-76d80e5142b6.svg,greens,illustrated
ing-436101c82845,烤红甜椒,烤紅甜椒,ingredients/ing-436101c82845.svg,pepper,illustrated
ing-abd239e994f2,烤红甜椒泥,烤紅甜椒泥,ingredients/ing-abd239e994f2.svg,bowl,illustrated
ing-79abd03a4a64,烤红葱,烤紅蔥,ingredients/ing-79abd03a4a64.svg,onion,illustrated
ing-3f7e356207b1,烤绿芦笋,烤綠蘆筍,ingredients/ing-3f7e356207b1.svg,asparagus,illustrated
ing-0ff55bd682c0,烤罗布斯塔咖啡豆,烤羅布斯塔咖啡豆,ingredients/ing-0ff55bd682c0.svg,beverage,illustrated
ing-523ba6fe32e5,烤羊排,烤羊排,ingredients/ing-523ba6fe32e5.svg,meat,illustrated
ing-19a1d45022ca,烤羔羊排,烤羔羊排,ingredients/ing-19a1d45022ca.svg,meat,illustrated
ing-8683f5d2be2e,烤羔羊肉,烤羔羊肉,ingredients/ing-8683f5d2be2e.svg,meat,illustrated
ing-9adb15ab56a7,烤胡桃,烤胡桃,ingredients/ing-9adb15ab56a7.svg,nuts,illustrated
ing-1bcba6aff8cb,烤腰果,烤腰果,ingredients/ing-1bcba6aff8cb.svg,nuts,illustrated
ing-bcf5966dced6,烤芒果籽,烤芒果籽,ingredients/ing-bcf5966dced6.svg,nuts,illustrated
ing-0b3319e55d76,烤芝麻籽,烤芝麻籽,ingredients/ing-0b3319e55d76.svg,nuts,illustrated
ing-dca4eea97266,烤花生,烤花生,ingredients/ing-dca4eea97266.svg,nuts,illustrated
ing-0be40549540e,烤茄子,烤茄子,ingredients/ing-0be40549540e.svg,eggplant,illustrated
ing-674ad84be66e,烤菊苣根,烤菊苣根,ingredients/ing-674ad84be66e.svg,greens,illustrated
ing-f6642ed1a562,烤葵花籽,烤葵花籽,ingredients/ing-f6642ed1a562.svg,nuts,illustrated
ing-c6dd97ae3304,烤蒜泥,烤蒜泥,ingredients/ing-c6dd97ae3304.svg,onion,illustrated
ing-11174b6f9119,烤褐虾,烤褐蝦,ingredients/ing-11174b6f9119.svg,seafood,illustrated
ing-60a8098d581a,烤猪五花,烤豬五花,ingredients/ing-60a8098d581a.svg,meat,illustrated
ing-95d5cdc00901,烤猪肝,烤豬肝,ingredients/ing-95d5cdc00901.svg,meat,illustrated
ing-9f75e70896ac,烤野猪,烤野豬,ingredients/ing-9f75e70896ac.svg,meat,illustrated
ing-5bfbb25388c3,烤野鹅,烤野鵝,ingredients/ing-5bfbb25388c3.svg,meat,illustrated
ing-ce7677b997f5,烤开心果,烤開心果,ingredients/ing-ce7677b997f5.svg,nuts,illustrated
ing-0b18cde64348,烤阿拉比卡咖啡豆,烤阿拉比卡咖啡豆,ingredients/ing-0b18cde64348.svg,beverage,illustrated
ing-97925613a565,烤鸡,烤雞,ingredients/ing-97925613a565.svg,meat,illustrated
ing-732237a9e963,烤鸡肉,烤雞肉,ingredients/ing-732237a9e963.svg,meat,illustrated
ing-db73ec03017c,烤鸡胸排,烤雞胸排,ingredients/ing-db73ec03017c.svg,meat,illustrated
ing-38a96fc3eae2,烤骨髓,烤骨髓,ingredients/ing-38a96fc3eae2.svg,meat,illustrated
ing-a63712ce5fd1,烤鸽肉,烤鴿肉,ingredients/ing-a63712ce5fd1.svg,meat,illustrated
ing-a26d0f784380,烤鹅,烤鵝,ingredients/ing-a26d0f784380.svg,meat,illustrated
ing-fb026513098c,烤黑芝麻籽,烤黑芝麻籽,ingredients/ing-fb026513098c.svg,nuts,illustrated
ing-2c31b371aa78,烤黑豆蔻,烤黑豆蔻,ingredients/ing-2c31b371aa78.svg,spice,illustrated
ing-fa0085267059,无糖可可粉,無糖可可粉,ingredients/ing-fa0085267059.svg,powder,illustrated
ing-8add38793885,无花果,無花果,ingredients/ing-8add38793885.svg,fig,illustrated
ing-b48a73caec46,焦糖,焦糖,ingredients/ing-b48a73caec46.svg,honey,illustrated
ing-663cc274679d,焦糖牛奶酱,焦糖牛奶醬,ingredients/ing-663cc274679d.svg,bowl,illustrated
ing-2452d11c3bd7,炼乳,煉乳,ingredients/ing-2452d11c3bd7.svg,dairy,illustrated
ing-69e1fc921332,煎仙人掌叶,煎仙人掌葉,ingredients/ing-69e1fc921332.svg,greens,illustrated
ing-0f0d51dec52b,煎培根,煎培根,ingredients/ing-0f0d51dec52b.svg,meat,illustrated
ing-5ac1253f04a8,煎多佛比目鱼,煎多佛比目魚,ingredients/ing-5ac1253f04a8.svg,seafood,illustrated
ing-615eb7400c7a,煎大虾,煎大蝦,ingredients/ing-615eb7400c7a.svg,seafood,illustrated
ing-9f4d1d68d00d,煎巴伐利亚香肠,煎巴伐利亞香腸,ingredients/ing-9f4d1d68d00d.svg,meat,illustrated
ing-2b6ab9378f5d,煎雉鸡,煎撃,ingredients/ing-2b6ab9378f5d.svg,meat,illustrated
ing-97173bfa0920,煎斑鸠,煎斑鳩,ingredients/ing-97173bfa0920.svg,meat,illustrated
ing-23c322ce0cb8,煎松茸,煎松茸,ingredients/ing-23c322ce0cb8.svg,mushroom,illustrated
ing-81a2830676a4,煎泰国青辣椒,煎泰國青辣椒,ingredients/ing-81a2830676a4.svg,pepper,illustrated
ing-b206b0b199e0,煎乌贼,煎烏賊,ingredients/ing-b206b0b199e0.svg,seafood,illustrated
ing-471e6bc5e977,煎珠鸡,煎珠雞,ingredients/ing-471e6bc5e977.svg,meat,illustrated
ing-be03d2c8a0b9,煎甜菜,煎甜菜,ingredients/ing-be03d2c8a0b9.svg,potato,illustrated
ing-900055a7c22e,煎白蘑菇,煎白蘑菇,ingredients/ing-900055a7c22e.svg,mushroom,illustrated
ing-e8d7ed14dc0c,煎秋葵,煎秋葵,ingredients/ing-e8d7ed14dc0c.svg,cucumber,illustrated
ing-88b24c544ff1,煎茶,煎茶,ingredients/ing-88b24c544ff1.svg,beverage,illustrated
ing-4623e3c86161,煎猪里肌,煎豬里肌,ingredients/ing-4623e3c86161.svg,meat,illustrated
ing-38cf2d2fa468,煎野斑鸠,煎野斑鳩,ingredients/ing-38cf2d2fa468.svg,meat,illustrated
ing-ef33b62e002e,煎野鸭,煎野鴨,ingredients/ing-ef33b62e002e.svg,meat,illustrated
ing-de0ae25a868c,煎雉鸡,煎雉雞,ingredients/ing-de0ae25a868c.svg,meat,illustrated
ing-4931f54eb38a,煎鸡胸排,煎雞胸排,ingredients/ing-4931f54eb38a.svg,meat,illustrated
ing-b9452690fea9,煎鸡胸肉,煎雞胸肉,ingredients/ing-b9452690fea9.svg,meat,illustrated
ing-345519436700,煎饼,煎餅,ingredients/ing-345519436700.svg,bread,illustrated
ing-db05a43f979d,煎驼鸟肉,煎駝鳥肉,ingredients/ing-db05a43f979d.svg,meat,illustrated
ing-cf42ea24b104,煎鸵鸟肉,煎鴕鳥肉,ingredients/ing-cf42ea24b104.svg,meat,illustrated
ing-209a5002aaa2,煎鸭肝,煎鴨肝,ingredients/ing-209a5002aaa2.svg,meat,illustrated
ing-b1e80d60c09b,煎鸭胸,煎鴨胸,ingredients/ing-b1e80d60c09b.svg,meat,illustrated
ing-79c03e4dd0d5,煎鹌鹑,煎鴨鶉,ingredients/ing-79c03e4dd0d5.svg,meat,illustrated
ing-3b5cdec42259,煎鹌鹑,煎鵝鶉,ingredients/ing-3b5cdec42259.svg,meat,illustrated
ing-1a0ab2609e68,煎鹌鹑,煎鵪鶉,ingredients/ing-1a0ab2609e68.svg,meat,illustrated
ing-028cf0c17ad0,煎鹌鹑,煎鶴鶉,ingredients/ing-028cf0c17ad0.svg,meat,illustrated
ing-a7db148c420d,煎鸵鸟肉,煎鸵鳥肉,ingredients/ing-a7db148c420d.svg,meat,illustrated
ing-879ccb4370f4,煎鹿肉,煎鹿肉,ingredients/ing-879ccb4370f4.svg,meat,illustrated
ing-e7da784f4607,烟熏培根,煙燻培根,ingredients/ing-e7da784f4607.svg,meat,illustrated
ing-86862ff7fd2a,烟熏大西洋鲑鱼,煙燻大西洋鮭魚,ingredients/ing-86862ff7fd2a.svg,seafood,illustrated
ing-537a578d8219,烟熏大西洋鲑鱼排,煙燻大西洋鮭魚排,ingredients/ing-537a578d8219.svg,seafood,illustrated
ing-5457de70835c,烟熏红茶,煙燻紅茶,ingredients/ing-5457de70835c.svg,beverage,illustrated
ing-856d22efdbb9,焗烤大头菜,煽烤大頭菜,ingredients/ing-856d22efdbb9.svg,potato,illustrated
ing-0adc9f7d2739,熟卡姆小麦,熟卡姆小麥,ingredients/ing-0adc9f7d2739.svg,bread,illustrated
ing-516733acb379,熟印度香米,熟印度香米,ingredients/ing-516733acb379.svg,bread,illustrated
ing-4fd5f7ec44e6,熟单粒小麦,熟單粒小麥,ingredients/ing-4fd5f7ec44e6.svg,bread,illustrated
ing-322bd1c0d141,熟大扇贝,熟大扇貝,ingredients/ing-322bd1c0d141.svg,seafood,illustrated
ing-4a7a8f3dee10,熟大豆,熟大豆,ingredients/ing-4a7a8f3dee10.svg,peas,illustrated
ing-2f4ae269d505,熟奶油莴苣,熟奶油菌苣,ingredients/ing-2f4ae269d505.svg,greens,illustrated
ing-625efa077862,熟奶油莴苣,熟奶油高苣,ingredients/ing-625efa077862.svg,greens,illustrated
ing-083cd6c918b3,熟安格斯牛肉,熟安格斯牛肉,ingredients/ing-083cd6c918b3.svg,meat,illustrated
ing-6faae2da6996,熟成圣莫尔乳酪,熟成聖莫爾乳酪,ingredients/ing-6faae2da6996.svg,cheese,illustrated
ing-a2140065b1a0,熟斯佩尔特,熟斯佩爾特,ingredients/ing-a2140065b1a0.svg,bread,illustrated
ing-e49e15107e7e,熟杜兰义大利面,熟杜蘭義大利麵,ingredients/ing-e49e15107e7e.svg,bread,illustrated
ing-b95463e99056,熟杜兰义大利面食,熟杜蘭義大利麵食,ingredients/ing-b95463e99056.svg,bread,illustrated
ing-c365da9c3e5a,熟松茸,熟松茸,ingredients/ing-c365da9c3e5a.svg,mushroom,illustrated
ing-2e348fd6484c,熟欧洲康吉鳗,熟歐洲康吉鰻,ingredients/ing-2e348fd6484c.svg,seafood,illustrated
ing-3ed267ef8d10,熟法兰克福香肠,熟法蘭克福香腸,ingredients/ing-3ed267ef8d10.svg,meat,illustrated
ing-74647ecf1f00,熟泰国香米,熟泰國香米,ingredients/ing-74647ecf1f00.svg,bread,illustrated
ing-dfe037c53a39,熟淡菜,熟淡菜,ingredients/ing-dfe037c53a39.svg,seafood,illustrated
ing-18efc690af3c,熟牛排菌,熟牛排菌,ingredients/ing-18efc690af3c.svg,mushroom,illustrated
ing-acdb9e98cc12,熟白冰柱萝卜,熟白冰柱蘿蔔,ingredients/ing-acdb9e98cc12.svg,carrot,illustrated
ing-36f75e01b809,熟眉豆,熟眉豆,ingredients/ing-36f75e01b809.svg,peas,illustrated
ing-8c2dbc3505d5,熟福尼奥米,熟福尼奧米,ingredients/ing-8c2dbc3505d5.svg,bread,illustrated
ing-63fd86388c0d,熟苋菜粒,熟竟菜粒,ingredients/ing-63fd86388c0d.svg,greens,illustrated
ing-86fb467f0778,熟米,熟米,ingredients/ing-86fb467f0778.svg,bread,illustrated
ing-6e1c47436f02,熟糙米,熟糙米,ingredients/ing-6e1c47436f02.svg,bread,illustrated
ing-03d5d773ab46,熟红豆,熟紅豆,ingredients/ing-03d5d773ab46.svg,peas,illustrated
ing-fa8c5fe12904,熟绿扁豆,熟綠扁显,ingredients/ing-fa8c5fe12904.svg,peas,illustrated
ing-9b22c1a455c3,熟绿扁豆,熟綠扁豆,ingredients/ing-9b22c1a455c3.svg,peas,illustrated
ing-1475e320c1d2,熟绿甘蓝,熟綠甘藍,ingredients/ing-1475e320c1d2.svg,greens,illustrated
ing-6223a9d639a8,熟绿豆,熟綠豆,ingredients/ing-6223a9d639a8.svg,peas,illustrated
ing-e372f4ca3cb3,熟红豆,熟红豆,ingredients/ing-e372f4ca3cb3.svg,peas,illustrated
ing-45bc7a617dd9,熟义大利面,熟義大利麵,ingredients/ing-45bc7a617dd9.svg,bread,illustrated
ing-0d575aae1d42,熟义大利面食,熟義大利麵食,ingredients/ing-0d575aae1d42.svg,bread,illustrated
ing-0d2f2ffc82dd,熟翡麦,熟翡麥,ingredients/ing-0d2f2ffc82dd.svg,bread,illustrated
ing-ef5539ac92dc,熟苦荞,熟苔数,ingredients/ing-ef5539ac92dc.svg,bread,illustrated
ing-6b284fc3edce,熟苦荞,熟苔番,ingredients/ing-6b284fc3edce.svg,bread,illustrated
ing-8f4f8e445d2c,熟苦荞,熟苔豔,ingredients/ing-8f4f8e445d2c.svg,bread,illustrated
ing-a2c58791312b,熟草菇,熟草菇,ingredients/ing-a2c58791312b.svg,mushroom,illustrated
ing-f1976b937101,熟菠菜,熟菠菜,ingredients/ing-f1976b937101.svg,greens,illustrated
ing-e576d9c62c68,熟荞麦,熟蕎麥,ingredients/ing-e576d9c62c68.svg,bread,illustrated
ing-2548413cda9a,熟荞麦面,熟蕎麥麵,ingredients/ing-2548413cda9a.svg,bread,illustrated
ing-fa38e3dc7fe6,熟藜麦,熟藜麥,ingredients/ing-fa38e3dc7fe6.svg,bread,illustrated
ing-da72e83c4165,熟蛤蜊,熟蛤蜊,ingredients/ing-da72e83c4165.svg,seafood,illustrated
ing-685da0f00294,熟蛤蜊,熟蛤蝌,ingredients/ing-685da0f00294.svg,seafood,illustrated
ing-2338630db0e0,熟蛤蜊,熟蛤蝴,ingredients/ing-2338630db0e0.svg,seafood,illustrated
ing-00d802460516,熟豇豆,熟豆豆,ingredients/ing-00d802460516.svg,peas,illustrated
ing-8d81bdde1b3e,熟豌豆,熟豌豆,ingredients/ing-8d81bdde1b3e.svg,peas,illustrated
ing-dc100d1b3c4a,熟贝床淡菜,熟貝床淡菜,ingredients/ing-dc100d1b3c4a.svg,seafood,illustrated
ing-452ef2d228cb,熟乡村火腿,熟鄉村火腿,ingredients/ing-452ef2d228cb.svg,meat,illustrated
ing-d21ae08faf92,熟野米,熟野米,ingredients/ing-d21ae08faf92.svg,bread,illustrated
ing-cd0d3d4f14b7,熟长米,熟長米,ingredients/ing-cd0d3d4f14b7.svg,bread,illustrated
ing-aad5bc46abf4,熟长粒米,熟長粒米,ingredients/ing-aad5bc46abf4.svg,bread,illustrated
ing-bed3a9811577,熟香芹根,熟香芹根,ingredients/ing-bed3a9811577.svg,carrot,illustrated
ing-954e53b7b4e1,熟鹰嘴豆,熟鷹嘴豆,ingredients/ing-954e53b7b4e1.svg,peas,illustrated
ing-b2d5ad02dbcb,熟黑皮波罗门参,熟黑皮波羅門參,ingredients/ing-b2d5ad02dbcb.svg,potato,illustrated
ing-1a53678fbc25,熟黑米,熟黑米,ingredients/ing-1a53678fbc25.svg,bread,illustrated
ing-e68a91731863,熟黑豆,熟黑豆,ingredients/ing-e68a91731863.svg,peas,illustrated
ing-d9cde6e78eee,炖大西洋狼鱼,燉大西洋狼魚,ingredients/ing-d9cde6e78eee.svg,seafood,illustrated
ing-b4f532ee3945,炖小点猫鲨,燉小點貓鲨,ingredients/ing-b4f532ee3945.svg,seafood,illustrated
ing-36b2e8292698,炖条长臀鳕,燉條長臀鱈,ingredients/ing-36b2e8292698.svg,seafood,illustrated
ing-04ab968812dd,炖柠檬鲽,燉檸檬縹,ingredients/ing-04ab968812dd.svg,citrus,illustrated
ing-53cb1529d4d1,炖柠檬鲽,燉檸檬繰,ingredients/ing-53cb1529d4d1.svg,citrus,illustrated
ing-1dfb92177bc7,炖柠檬鲽,燉檸檬螺,ingredients/ing-1dfb92177bc7.svg,citrus,illustrated
ing-c56cca1a7c66,炖柠檬鲽,燉檸檬骤,ingredients/ing-c56cca1a7c66.svg,citrus,illustrated
ing-9e6ecdc50a75,炖乌贼,燉烏賊,ingredients/ing-9e6ecdc50a75.svg,seafood,illustrated
ing-55ce705783e9,炖牛骨肉汁,燉牛骨肉汁,ingredients/ing-55ce705783e9.svg,bowl,illustrated
ing-fe7be3f15bce,炖猪骨肉汁,燉豬骨肉汁,ingredients/ing-fe7be3f15bce.svg,bowl,illustrated
ing-6e8dd061dfc5,炖长身鳕,燉長身鰭,ingredients/ing-6e8dd061dfc5.svg,seafood,illustrated
ing-b52e5dce1b48,炖长身鳕,燉長身鱈,ingredients/ing-b52e5dce1b48.svg,seafood,illustrated
ing-be62abc83a20,炖黑线鳕,燉黑線鱈,ingredients/ing-be62abc83a20.svg,seafood,illustrated
ing-d4bf0524157d,烧酒米烧酒,燒酒米燒酒,ingredients/ing-d4bf0524157d.svg,bottle,illustrated
ing-07b78a35e1cb,燕麦奶,燕麥奶,ingredients/ing-07b78a35e1cb.svg,dairy,illustrated
ing-98a6c483490f,燕麦片,燕麥片,ingredients/ing-98a6c483490f.svg,bread,illustrated
ing-6351cf350fc5,燕麦粥,燕麥粥,ingredients/ing-6351cf350fc5.svg,bread,illustrated
ing-eaec72207464,燕麦饮,燕麥飲,ingredients/ing-eaec72207464.svg,milk,illustrated
ing-5305d3b2b3f1,爆米花,爆米花,ingredients/ing-5305d3b2b3f1.svg,flower,illustrated
ing-b87581844860,炉烤培根,爐烤培根,ingredients/ing-b87581844860.svg,meat,illustrated
ing-265ee1ac4a2e,炉烤小牛肉,爐烤小牛肉,ingredients/ing-265ee1ac4a2e.svg,meat,illustrated
ing-22ada8fd3ac7,炉烤德国香肠,爐烤德國香腸,ingredients/ing-22ada8fd3ac7.svg,meat,illustrated
ing-aac77985aaf9,炉烤汉堡,爐烤漢堡,ingredients/ing-aac77985aaf9.svg,burger,illustrated
ing-52d5563e2d3a,炉烤牛排,爐烤牛排,ingredients/ing-52d5563e2d3a.svg,meat,illustrated
ing-31635da0e291,炉烤猪里肌肋排,爐烤豬里肌肋排,ingredients/ing-31635da0e291.svg,meat,illustrated
ing-e1a8e0c38795,炉烤马铃薯,爐烤馬鈴薯,ingredients/ing-e1a8e0c38795.svg,potato,illustrated
ing-b892a42b9695,牛奶,牛奶,ingredients/ing-b892a42b9695.svg,dairy,illustrated
ing-6815b1bac023,牛奶优格,牛奶優格,ingredients/ing-6815b1bac023.svg,dairy,illustrated
ing-b62f254fc4a3,牛奶巧克力,牛奶巧克力,ingredients/ing-b62f254fc4a3.svg,chocolate,illustrated
ing-3a466731897c,牛奶莫札瑞拉乳酪,牛奶莫札瑞拉乳酪,ingredients/ing-3a466731897c.svg,cheese,illustrated
ing-d061c9078a25,牛绞肉,牛絞肉,ingredients/ing-d061c9078a25.svg,meat,illustrated
ing-70099ea01925,牛肉,牛肉,ingredients/ing-70099ea01925.svg,meat,illustrated
ing-44ad49f12d59,牛肉清汤,牛肉清湯,ingredients/ing-44ad49f12d59.svg,bowl,illustrated
ing-56b0d34d4bde,牛肉汤,牛肉湯,ingredients/ing-56b0d34d4bde.svg,bowl,illustrated
ing-a0c0510b440d,牛肝菌,牛肝菌,ingredients/ing-a0c0510b440d.svg,mushroom,illustrated
ing-8a141c2f71ac,牛腿肉后腿牛排,牛腿肉後腿牛排,ingredients/ing-8a141c2f71ac.svg,meat,illustrated
ing-f3d727ae8af7,牡蛎,牡螭,ingredients/ing-f3d727ae8af7.svg,seafood,illustrated
ing-1a59a3c17013,牡蛎,牡蠣,ingredients/ing-1a59a3c17013.svg,seafood,illustrated
ing-3eecbb708693,猴子47琴酒,猴子47琴酒,ingredients/ing-3eecbb708693.svg,bottle,illustrated
ing-1e992dfc6cf0,玉米黑穗菌,玉米黑穗菌,ingredients/ing-1e992dfc6cf0.svg,mushroom,illustrated
ing-1fd2b3ff8859,玫瑰味天竺葵花,玫瑰味天竺葵花,ingredients/ing-1fd2b3ff8859.svg,flower,illustrated
ing-fccd836775a2,珍藏雪莉醋,珍藏雪莉醋,ingredients/ing-fccd836775a2.svg,bottle,illustrated
ing-b03ebbbc8f5f,班尼迪克汀香甜酒,班尼迪克汀香甜酒,ingredients/ing-b03ebbbc8f5f.svg,bottle,illustrated
ing-f5e9b35ce14f,班兰叶,班蘭葉,ingredients/ing-f5e9b35ce14f.svg,herb,illustrated
ing-1ef3ff8e4706,现煮手冲咖啡,現煮手沖咖啡,ingredients/ing-1ef3ff8e4706.svg,beverage,illustrated
ing-9f402b3eff91,现煮阿拉比卡咖啡,現煮阿拉比卡咖啡,ingredients/ing-9f402b3eff91.svg,beverage,illustrated
ing-79fec05926a4,现磨咖啡,現磨咖啡,ingredients/ing-79fec05926a4.svg,beverage,illustrated
ing-9e46dd7a97e6,球茎茴香,球莖茴香,ingredients/ing-9e46dd7a97e6.svg,herb,illustrated
ing-01144d120453,琉璃苣花,琉璃苣花,ingredients/ing-01144d120453.svg,flower,illustrated
ing-c94f68da83a7,琉璃苣叶,琉璃苣葉,ingredients/ing-c94f68da83a7.svg,greens,illustrated
ing-bc8ee2410a19,瑞典芜菁,瑞典蕪菁,ingredients/ing-bc8ee2410a19.svg,potato,illustrated
ing-eb5c7c91b64f,玛哈草莓,瑪哈草莓,ingredients/ing-eb5c7c91b64f.svg,strawberry,illustrated
ing-ceaaeed56287,玛芮琴酒,瑪芮琴酒,ingredients/ing-ceaaeed56287.svg,bottle,illustrated
ing-b3210ccd5844,玛黛茶,瑪黛茶,ingredients/ing-b3210ccd5844.svg,beverage,illustrated
ing-12c5c85d03f5,瓦什寒乳酪,瓦什寒乳酪,ingredients/ing-12c5c85d03f5.svg,cheese,illustrated
ing-d4926fee7583,瓦卡泰(秘鲁黑薄荷),瓦卡泰(祕魯黑薄荷),ingredients/ing-d4926fee7583.svg,herb,illustrated
ing-b865512cdb84,瓦卡泰秘鲁黑薄荷,瓦卡泰祕魯黑薄荷,ingredients/ing-b865512cdb84.svg,herb,illustrated
ing-171f756a383a,甘草,甘草,ingredients/ing-171f756a383a.svg,herb,illustrated
ing-1e74e0909c0b,甘蓝嫩芽,甘藍嫩芽,ingredients/ing-1e74e0909c0b.svg,greens,illustrated
ing-a73f2f6356e0,甜樱桃,甜樱桃,ingredients/ing-a73f2f6356e0.svg,cherry,illustrated
ing-d8f6b0a8e047,甜樱桃,甜櫻桃,ingredients/ing-d8f6b0a8e047.svg,cherry,illustrated
ing-d0546cd052d2,甜瓜,甜瓜,ingredients/ing-d0546cd052d2.svg,melon,illustrated
ing-5cfdab3f2763,甜瓜香甜酒,甜瓜香甜酒,ingredients/ing-5cfdab3f2763.svg,bottle,illustrated
ing-69c9675a7ffa,甜百香果,甜百香果,ingredients/ing-69c9675a7ffa.svg,passion,illustrated
ing-19f9ae6722e8,甜红椒粉,甜紅椒粉,ingredients/ing-19f9ae6722e8.svg,powder,illustrated
ing-31b41fceaf2b,甜舌草花,甜舌草花,ingredients/ing-31b41fceaf2b.svg,flower,illustrated
ing-a4c5504347bb,甜苦艾酒,甜苦艾酒,ingredients/ing-a4c5504347bb.svg,bottle,illustrated
ing-0ddf6637ebd5,甜菜,甜菜,ingredients/ing-0ddf6637ebd5.svg,potato,illustrated
ing-af36f5e6ee85,甜菜嫩芽,甜菜嫩芽,ingredients/ing-af36f5e6ee85.svg,potato,illustrated
ing-8f5c248127ec,甜菜汁,甜菜汁,ingredients/ing-8f5c248127ec.svg,juice,illustrated
ing-769f70e3877e,甜菜脆片,甜菜脆片,ingredients/ing-769f70e3877e.svg,potato,illustrated
ing-ed577e539346,甜菜叶,甜菜葉,ingredients/ing-ed577e539346.svg,potato,illustrated
ing-c5921e8441bc,生,生,ingredients/ing-c5921e8441bc.svg,identity_unresolved,identity_unresolved
ing-5be5c1e14726,生蚝叶,生嚎葉,ingredients/ing-5be5c1e14726.svg,herb,illustrated
ing-0df1d5be062f,生墓,生墓,ingredients/ing-0df1d5be062f.svg,identity_unresolved,identity_unresolved
ing-6b419b770574,生牛肉,生牛肉,ingredients/ing-6b419b770574.svg,meat,illustrated
ing-42a640b7ad95,生蚝叶,生獴葉,ingredients/ing-42a640b7ad95.svg,herb,illustrated
ing-4c86f39add4f,生羔羊肉腌料,生羔羊肉醃料,ingredients/ing-4c86f39add4f.svg,meat,illustrated
ing-de2c6b3238d5,生胡萝卜,生胡蘿蔔,ingredients/ing-de2c6b3238d5.svg,carrot,illustrated
ing-f899a01fbb19,生姜,生薑,ingredients/ing-f899a01fbb19.svg,spice,illustrated
ing-3fd8b1312477,生蛋黄,生蛋黃,ingredients/ing-3fd8b1312477.svg,dairy,illustrated
ing-1b233adf4f7f,生蚝叶,生蠔葉,ingredients/ing-1b233adf4f7f.svg,herb,illustrated
ing-b2e46a7216c2,生里肌猪排腌料,生里肌豬排醃料,ingredients/ing-b2e46a7216c2.svg,meat,illustrated
ing-6469d437846a,生鸡胸排腌料,生雞胸排醃料,ingredients/ing-6469d437846a.svg,meat,illustrated
ing-64958aa0cf35,豇豆,用豆,ingredients/ing-64958aa0cf35.svg,peas,illustrated
ing-6087a87c4452,番石榴,番石榴,ingredients/ing-6087a87c4452.svg,pomegranate,illustrated
ing-c3a5761cc794,番石榴汁,番石榴汁,ingredients/ing-c3a5761cc794.svg,juice,illustrated
ing-d736a10cd553,番石榴酒,番石榴酒,ingredients/ing-d736a10cd553.svg,bottle,illustrated
ing-76fa01909429,番红花,番紅花,ingredients/ing-76fa01909429.svg,flower,illustrated
ing-516f6a50c4a8,番茄,番茄,ingredients/ing-516f6a50c4a8.svg,tomato,illustrated
ing-426e45742dd8,番茄泥,番茄泥,ingredients/ing-426e45742dd8.svg,bowl,illustrated
ing-2344db0cf653,番茄酱,番茄醬,ingredients/ing-2344db0cf653.svg,bowl,illustrated
ing-33a9c7d8e378,番茄青酱,番茄青醬,ingredients/ing-33a9c7d8e378.svg,bowl,illustrated
ing-81226a3056f7,番荔枝,番荔枝,ingredients/ing-81226a3056f7.svg,custard_apple,illustrated
ing-fb1691f1ec97,番薯,番薯,ingredients/ing-fb1691f1ec97.svg,potato,illustrated
ing-1672b2b081cb,番薯脆片,番薯脆片,ingredients/ing-1672b2b081cb.svg,potato,illustrated
ing-741d12f160cf,发酵李子汁,發酵李子汁,ingredients/ing-741d12f160cf.svg,juice,illustrated
ing-1910f02b8f53,白吐司,白吐司,ingredients/ing-1910f02b8f53.svg,bread,illustrated
ing-95b14eef2ba4,白巧克力,白巧克力,ingredients/ing-95b14eef2ba4.svg,chocolate,illustrated
ing-92c6638ec5f7,白库拉索酒,白庫拉索酒,ingredients/ing-92c6638ec5f7.svg,bottle,illustrated
ing-5ab1f9529153,白松露,白松露,ingredients/ing-5ab1f9529153.svg,mushroom,illustrated
ing-8acfb8f3301d,白樱桃,白樱桃,ingredients/ing-8acfb8f3301d.svg,cherry,illustrated
ing-811a4c322fff,白橙皮酒,白橙皮酒,ingredients/ing-811a4c322fff.svg,bottle,illustrated
ing-00d0547c4de6,白樱桃,白櫻桃,ingredients/ing-00d0547c4de6.svg,cherry,illustrated
ing-e447e8da669c,白罂粟籽,白罂粟籽,ingredients/ing-e447e8da669c.svg,nuts,illustrated
ing-19d6d44f3469,白胡椒,白胡椒,ingredients/ing-19d6d44f3469.svg,spice,illustrated
ing-681d18eb6aa9,白胡椒粉,白胡椒粉,ingredients/ing-681d18eb6aa9.svg,powder,illustrated
ing-7cdb12037ff5,白脱牛奶,白脱牛奶,ingredients/ing-7cdb12037ff5.svg,dairy,illustrated
ing-b9ec86a3750f,白色兰姆酒,白色蘭姆酒,ingredients/ing-b9ec86a3750f.svg,bottle,illustrated
ing-b66d3f0b0e4e,白菜泡菜,白菜泡菜,ingredients/ing-b66d3f0b0e4e.svg,bowl,illustrated
ing-82abae33bdc1,白叶黑橄榄,白葉黑橄欖,ingredients/ing-82abae33bdc1.svg,olives,illustrated
ing-3351b6a08b2b,白芦笋,白蘆筍,ingredients/ing-3351b6a08b2b.svg,asparagus,illustrated
ing-6c60820d8fd7,白苏维浓,白蘇維濃,ingredients/ing-6c60820d8fd7.svg,bottle,illustrated
ing-759f5daf0a01,白蘑菇,白蘑菇,ingredients/ing-759f5daf0a01.svg,mushroom,illustrated
ing-0fc1294de025,白酱油,白醬油,ingredients/ing-0fc1294de025.svg,bottle,illustrated
ing-a3cdb34d21f5,百里香,百里香,ingredients/ing-a3cdb34d21f5.svg,herb,illustrated
ing-8d0ea1cf1f03,百里香蜂蜜,百里香蜂蜜,ingredients/ing-8d0ea1cf1f03.svg,honey,illustrated
ing-f358a95d074b,百香果,百香果,ingredients/ing-f358a95d074b.svg,passion,illustrated
ing-f7ce90e6ce43,百香果汁,百香果汁,ingredients/ing-f7ce90e6ce43.svg,juice,illustrated
ing-a8e8958cab03,百香果泥,百香果泥,ingredients/ing-a8e8958cab03.svg,bowl,illustrated
ing-ac7a2334e848,百香果香甜酒,百香果香甜酒,ingredients/ing-ac7a2334e848.svg,bottle,illustrated
ing-2b45da7abf8c,皇家加拉苹果,皇家加拉蘋果,ingredients/ing-2b45da7abf8c.svg,apple,illustrated
ing-0d3b9b1d6550,皮削利初榨橄榄油,皮削利初榨橄欖油,ingredients/ing-0d3b9b1d6550.svg,oil,illustrated
ing-789c4c20ebee,皮夸尔橄榄油,皮夸爾橄欖油,ingredients/ing-789c4c20ebee.svg,oil,illustrated
ing-7df9326d7fbe,皮夸尔特级初榨橄榄油,皮夸爾特級初榨橄欖油,ingredients/ing-7df9326d7fbe.svg,oil,illustrated
ing-cc610c8e0a0c,皮夸尔黑橄榄,皮夸爾黑橄欖,ingredients/ing-cc610c8e0a0c.svg,olives,illustrated
ing-ef41aff536bd,皮斯可酒,皮斯可酒,ingredients/ing-ef41aff536bd.svg,bottle,illustrated
ing-d3f51ece80a5,皮尔森啤酒,皮爾森啤酒,ingredients/ing-d3f51ece80a5.svg,bottle,illustrated
ing-1fc1b292d8b1,皮肖利初榨橄榄油,皮肖利初榨橄欖油,ingredients/ing-1fc1b292d8b1.svg,oil,illustrated
ing-64bea051cbd9,皱叶甘蓝,皺葉甘藍,ingredients/ing-64bea051cbd9.svg,greens,illustrated
ing-91a25f34d208,皱叶香芹,皺葉香芹,ingredients/ing-91a25f34d208.svg,herb,illustrated
ing-6d02a3cd94c0,着蓬菜,着蓬菜,ingredients/ing-6d02a3cd94c0.svg,identity_unresolved,identity_unresolved
ing-4f2967cab784,石南花蜂蜜,石南花蜂蜜,ingredients/ing-4f2967cab784.svg,flower,illustrated
ing-64e861c0b886,石榴,石榴,ingredients/ing-64e861c0b886.svg,pomegranate,illustrated
ing-42194437fdc0,石榴汁,石榴汁,ingredients/ing-42194437fdc0.svg,juice,illustrated
ing-1a6f8e8870d5,石榴糖蜜,石榴糖蜜,ingredients/ing-1a6f8e8870d5.svg,honey,illustrated
ing-e1282f9fabd0,磅蛋糕,磅蛋糕,ingredients/ing-e1282f9fabd0.svg,bread,illustrated
ing-47cec7d43ac7,磨碎生芹菜根,磨碎生芹菜根,ingredients/ing-47cec7d43ac7.svg,potato,illustrated
ing-57a7eba5482c,秘鲁黄辣椒,祕魯黃辣椒,ingredients/ing-57a7eba5482c.svg,pepper,illustrated
ing-bafd4727e9ae,科拉蒂橄榄油,科拉蒂橄欖油,ingredients/ing-bafd4727e9ae.svg,oil,illustrated
ing-37805d00fe10,科斯蓝纹乳酪,科斯藍紋乳酪,ingredients/ing-37805d00fe10.svg,cheese,illustrated
ing-2b00cbf9f2f0,穆纳叶,穆納葉,ingredients/ing-2b00cbf9f2f0.svg,herb,illustrated
ing-2d0edd9969a1,苋菜籽,竟菜籽,ingredients/ing-2d0edd9969a1.svg,nuts,illustrated
ing-ab1e39041347,竹䇲鱼,竹災魚,ingredients/ing-ab1e39041347.svg,seafood,illustrated
ing-f242e68dfefe,竹䇲鱼,竹熒魚,ingredients/ing-f242e68dfefe.svg,seafood,illustrated
ing-5459d32e588c,竹䇲鱼,竹英魚,ingredients/ing-5459d32e588c.svg,seafood,illustrated
ing-0a4130f5b71e,竹荚鱼,竹莢魚,ingredients/ing-0a4130f5b71e.svg,seafood,illustrated
ing-f6edbd972501,米克覆盆子,米克覆盆子,ingredients/ing-f6edbd972501.svg,bramble,illustrated
ing-fd73052c181f,米拉索辣椒,米拉索辣椒,ingredients/ing-fd73052c181f.svg,pepper,illustrated
ing-edfc69d8c6c2,米浆,米漿,ingredients/ing-edfc69d8c6c2.svg,milk,illustrated
ing-b9cead0b9be6,米兰萨拉米,米蘭薩拉米,ingredients/ing-b9cead0b9be6.svg,meat,illustrated
ing-91ca98e5f2e4,米酒,米酒,ingredients/ing-91ca98e5f2e4.svg,bottle,illustrated
ing-16c493c11cb3,米酒醋,米酒醋,ingredients/ing-16c493c11cb3.svg,bottle,illustrated
ing-d992fa4abe6c,粉红希拉兹葡萄酒,粉紅希拉茲葡萄酒,ingredients/ing-d992fa4abe6c.svg,bottle,illustrated
ing-1f3d2c055ce1,粉红胡椒,粉紅胡椒,ingredients/ing-1f3d2c055ce1.svg,spice,illustrated
ing-e484f7f5c92e,糖渍杏桃,糖漬杏桃,ingredients/ing-e484f7f5c92e.svg,peach,illustrated
ing-824d072a42c3,糖渍橙皮,糖漬橙皮,ingredients/ing-824d072a42c3.svg,citrus,illustrated
ing-35c16e164347,糖渍柠檬皮,糖漬檸檬皮,ingredients/ing-35c16e164347.svg,citrus,illustrated
ing-7ea04cf2567c,糖渍欧白芷,糖漬歐白芷,ingredients/ing-7ea04cf2567c.svg,herb,illustrated
ing-5cb3dddf1208,红哈瓦那辣椒,紅哈瓦那辣椒,ingredients/ing-5cb3dddf1208.svg,pepper,illustrated
ing-caa0589cc5be,红椒粉,紅椒粉,ingredients/ing-caa0589cc5be.svg,powder,illustrated
ing-d6eb37803f6f,红橘,紅橘,ingredients/ing-d6eb37803f6f.svg,citrus,illustrated
ing-cd01172f78f5,红橘皮,紅橘皮,ingredients/ing-cd01172f78f5.svg,citrus,illustrated
ing-595701a2bac2,红橘皮屑,紅橘皮屑,ingredients/ing-595701a2bac2.svg,citrus,illustrated
ing-d9e98e04e04f,红毛丹,紅毛丹,ingredients/ing-d9e98e04e04f.svg,lychee,illustrated
ing-29dea82a9f1f,红甘蓝,紅甘藍,ingredients/ing-29dea82a9f1f.svg,greens,illustrated
ing-5ac4b204c9fc,红甜椒,紅甜椒,ingredients/ing-5ac4b204c9fc.svg,pepper,illustrated
ing-2eb4cf99a6fc,红甜椒泥,紅甜椒泥,ingredients/ing-2eb4cf99a6fc.svg,bowl,illustrated
ing-50fa8953b259,红甜椒酱,紅甜椒醬,ingredients/ing-50fa8953b259.svg,bowl,illustrated
ing-20f2d5ad3851,红番𫉄,紅番藷,ingredients/ing-20f2d5ad3851.svg,potato,illustrated
ing-8354ee9504b6,红粉佳人苹果,紅粉佳人蘋果,ingredients/ing-8354ee9504b6.svg,powder,illustrated
ing-0b1bff208fd6,红色之爱苹果,紅色之愛蘋果,ingredients/ing-0b1bff208fd6.svg,apple,illustrated
ing-dbc55ac10a59,红茶,紅茶,ingredients/ing-dbc55ac10a59.svg,beverage,illustrated
ing-21806c573dfa,红菊苣,紅菊苣,ingredients/ing-21806c573dfa.svg,greens,illustrated
ing-c6f0cad1975c,红葡萄,紅葡萄,ingredients/ing-c6f0cad1975c.svg,grapes,illustrated
ing-5960847ac333,红葱,紅蔥,ingredients/ing-5960847ac333.svg,onion,illustrated
ing-08b85f2935b4,红豆沙,紅豆沙,ingredients/ing-08b85f2935b4.svg,peas,illustrated
ing-e4fa8473e829,红辣椒粉,紅辣椒粉,ingredients/ing-e4fa8473e829.svg,powder,illustrated
ing-e2769aa2f405,红酒油醋酱,紅酒油醋醬,ingredients/ing-e2769aa2f405.svg,bottle,illustrated
ing-96f65ed88810,红酒醋,紅酒醋,ingredients/ing-96f65ed88810.svg,bottle,illustrated
ing-3220c82d90a2,红酸模,紅酸模,ingredients/ing-3220c82d90a2.svg,herb,illustrated
ing-88b6eb9ceb25,红醋栗,紅醋栗,ingredients/ing-88b6eb9ceb25.svg,blueberries,illustrated
ing-1d9dfa76a532,红龙苹果,紅龍蘋果,ingredients/ing-1d9dfa76a532.svg,apple,illustrated
ing-46341c959cb3,纯波本威士忌,純波本威士忌,ingredients/ing-46341c959cb3.svg,bottle,illustrated
ing-977784d664a4,索布拉萨达(乔利佐香肠抹酱),索布拉薩達(喬利佐香腸抹醬),ingredients/ing-977784d664a4.svg,bowl,illustrated
ing-befa5c00295f,索布拉萨达乔利佐香肠抹酱,索布拉薩達喬利佐香腸抹醬,ingredients/ing-befa5c00295f.svg,bowl,illustrated
ing-30ff82169593,紫罗兰花,紫羅蘭花,ingredients/ing-30ff82169593.svg,flower,illustrated
ing-8a19db7e7e82,紫胡萝卜,紫胡蘿蔔,ingredients/ing-8a19db7e7e82.svg,carrot,illustrated
ing-dd4d3f244e67,紫芋,紫芋,ingredients/ing-dd4d3f244e67.svg,potato,illustrated
ing-4f10b521e651,紫苏,紫蘇,ingredients/ing-4f10b521e651.svg,herb,illustrated
ing-98a491402094,紫苏菜苗,紫蘇菜苗,ingredients/ing-98a491402094.svg,herb,illustrated
ing-6a8933e2af76,紫苏叶,紫蘇葉,ingredients/ing-6a8933e2af76.svg,herb,illustrated
ing-730a89791db0,紫鼠尾草,紫鼠尾草,ingredients/ing-730a89791db0.svg,herb,illustrated
ing-71d41eed3f80,细叶香芹,細葉香芹,ingredients/ing-71d41eed3f80.svg,herb,illustrated
ing-52ee149b3824,细香葱,細香蔥,ingredients/ing-52ee149b3824.svg,greens,illustrated
ing-3ac54b13bcfb,综合生菜叶,綜合生菜葉,ingredients/ing-3ac54b13bcfb.svg,herb,illustrated
ing-730639f9ae06,绿扁豆,綠扁豆,ingredients/ing-730639f9ae06.svg,peas,illustrated
ing-9d9d97651e32,绿卷须生菜,綠捲鬚生菜,ingredients/ing-9d9d97651e32.svg,greens,illustrated
ing-86ea77089377,绿橄榄,綠橄欖,ingredients/ing-86ea77089377.svg,olives,illustrated
ing-712a6b5e1398,绿甘蓝,綠甘藍,ingredients/ing-712a6b5e1398.svg,greens,illustrated
ing-2203fb0e1ed3,绿胡椒,綠胡椒,ingredients/ing-2203fb0e1ed3.svg,spice,illustrated
ing-5f63e14443cb,绿色查特酒,綠色查特酒,ingredients/ing-5f63e14443cb.svg,bottle,illustrated
ing-8e4863678a6f,绿茶,綠茶,ingredients/ing-8e4863678a6f.svg,beverage,illustrated
ing-2a0604798d5e,绿薄荷,綠薄荷,ingredients/ing-2a0604798d5e.svg,herb,illustrated
ing-19058f714ae2,绿薄荷油,綠薄荷油,ingredients/ing-19058f714ae2.svg,oil,illustrated
ing-66ce013f0e6f,绿薄荷香甜酒,綠薄荷香甜酒,ingredients/ing-66ce013f0e6f.svg,bottle,illustrated
ing-f024a96e94dd,绿藻,綠藻,ingredients/ing-f024a96e94dd.svg,seaweed,illustrated
ing-3cf6c9f05289,绿芦笋,綠蘆筍,ingredients/ing-3cf6c9f05289.svg,asparagus,illustrated
ing-5fe97ab2a32f,网烤多宝鱼,網烤多寶魚,ingredients/ing-5fe97ab2a32f.svg,seafood,illustrated
ing-0f9a6c55c461,网烤栉瓜,網烤櫛瓜,ingredients/ing-0f9a6c55c461.svg,cucumber,illustrated
ing-cb2774760e7d,网烤牛肉,網烤牛肉,ingredients/ing-cb2774760e7d.svg,meat,illustrated
ing-b03e6eb0b04b,网烤绿芦笋,網烤綠蘆筍,ingredients/ing-b03e6eb0b04b.svg,asparagus,illustrated
ing-f5782b55c75f,网烤羔羊肉,網烤羔羊肉,ingredients/ing-f5782b55c75f.svg,meat,illustrated
ing-3c70d7e7d305,网烤肋眼牛排,網烤肋眼牛排,ingredients/ing-3c70d7e7d305.svg,meat,illustrated
ing-830900596ce9,网烤茄子,網烤茄子,ingredients/ing-830900596ce9.svg,eggplant,illustrated
ing-b5d7d7019961,绵羊奶优格,綿羊奶優格,ingredients/ing-b5d7d7019961.svg,dairy,illustrated
ing-5411f707ee65,线鱼高汤,線魚高湯,ingredients/ing-5411f707ee65.svg,bowl,illustrated
ing-7b5591e46e9a,罂粟籽,罂粟籽,ingredients/ing-7b5591e46e9a.svg,nuts,illustrated
ing-8e3eadcdf57e,罐头李子,罐頭李子,ingredients/ing-8e3eadcdf57e.svg,cherry,illustrated
ing-12fe7e64664f,罐头梅子,罐頭梅子,ingredients/ing-12fe7e64664f.svg,cherry,illustrated
ing-064e3aa45397,罐头椰奶,罐頭椰奶,ingredients/ing-064e3aa45397.svg,milk,illustrated
ing-79e0d4356e63,罐头番茄,罐頭番茄,ingredients/ing-79e0d4356e63.svg,tomato,illustrated
ing-4e4f59158b7c,罐头红鲑,罐頭紅鮭,ingredients/ing-4e4f59158b7c.svg,seafood,illustrated
ing-760c36a51617,罗勒,羅勒,ingredients/ing-760c36a51617.svg,herb,illustrated
ing-c6256369f7ad,罗可多辣椒,羅可多辣椒,ingredients/ing-c6256369f7ad.svg,pepper,illustrated
ing-1224a856d790,罗望子,羅望子,ingredients/ing-1224a856d790.svg,tamarind,illustrated
ing-dc9ec464294b,罗洛可花,羅洛可花,ingredients/ing-dc9ec464294b.svg,flower,illustrated
ing-bae7de9b71c9,罗甘莓,羅甘莓,ingredients/ing-bae7de9b71c9.svg,bramble,illustrated
ing-8b069ae83123,罗马乳酪,羅馬乳酪,ingredients/ing-8b069ae83123.svg,cheese,illustrated
ing-ffa458f646ec,罗马绵羊乳酪,羅馬綿羊乳酪,ingredients/ing-ffa458f646ec.svg,cheese,illustrated
ing-5c29cf092877,羊肚菌,羊肚菌,ingredients/ing-5c29cf092877.svg,mushroom,illustrated
ing-1143c91504d2,羊莴苣(野苣),羊萬苣(野苣),ingredients/ing-1143c91504d2.svg,meat,illustrated
ing-e3bd80770c90,羊莴苣(野苣),羊萬苣野苣,ingredients/ing-e3bd80770c90.svg,meat,illustrated
ing-9157e32f0a7e,羊莴苣(野苣),羊蒿苣野苣,ingredients/ing-9157e32f0a7e.svg,meat,illustrated
ing-ded1b4f11dfb,羊莴苣(野苣),羊高苣野苣,ingredients/ing-ded1b4f11dfb.svg,meat,illustrated
ing-cd1023cd83c4,羊莴苣(野苣),羊髙苣(野苣),ingredients/ing-cd1023cd83c4.svg,meat,illustrated
ing-0943e93d6554,美乃滋,美乃滋,ingredients/ing-0943e93d6554.svg,bowl,illustrated
ing-d3512402ccb7,美国莫恩斯特乳酪,美國莫恩斯特乳酪,ingredients/ing-d3512402ccb7.svg,cheese,illustrated
ing-313d5bae1b96,羔羊肉,羔羊肉,ingredients/ing-313d5bae1b96.svg,meat,illustrated
ing-a2361a53ec9d,义大利初榨橄榄油,義大利初榨橄欖油,ingredients/ing-a2361a53ec9d.svg,oil,illustrated
ing-ce59090a67c0,义大利带藤番茄,義大利帶藤番茄,ingredients/ing-ce59090a67c0.svg,tomato,illustrated
ing-1b877cdcc77e,义大利柠檬甜酒,義大利檸檬甜酒,ingredients/ing-1b877cdcc77e.svg,bottle,illustrated
ing-0d29eb2749ae,义大利气泡酒,義大利氣泡酒,ingredients/ing-0d29eb2749ae.svg,bottle,illustrated
ing-9b981d00dae7,义大利萨拉米,義大利薩拉米,ingredients/ing-9b981d00dae7.svg,meat,illustrated
ing-3a3d3f28dc35,义大利辣香肠,義大利辣香腸,ingredients/ing-3a3d3f28dc35.svg,meat,illustrated
ing-ad47bc781306,义式萨拉米,義式薩拉米,ingredients/ing-ad47bc781306.svg,meat,illustrated
ing-9dc48ad83af5,羽状内卷藻,羽狀内捲藻,ingredients/ing-9dc48ad83af5.svg,seaweed,illustrated
ing-22417156987b,羽衣甘蓝,羽衣甘藍,ingredients/ing-22417156987b.svg,greens,illustrated
ing-9448ba88200a,老抽,老抽,ingredients/ing-9448ba88200a.svg,bottle,illustrated
ing-0771dbfaac54,圣丹尼耶雷火腿,聖丹尼耶雷火腿,ingredients/ing-0771dbfaac54.svg,meat,illustrated
ing-711edecf41bc,圣杰曼香甜酒,聖杰曼香甜酒,ingredients/ing-711edecf41bc.svg,bottle,illustrated
ing-2bc8e053bbc5,圣莫尔乳酪,聖莫爾乳酪,ingredients/ing-2bc8e053bbc5.svg,cheese,illustrated
ing-60a23363a09d,圣雷米VSOP白兰地,聖雷米VSOP白蘭地,ingredients/ing-60a23363a09d.svg,bottle,illustrated
ing-6ac95d9bae9d,肉桂,肉桂,ingredients/ing-6ac95d9bae9d.svg,spice,illustrated
ing-047d52f327b4,肉桂叶,肉桂葉,ingredients/ing-047d52f327b4.svg,herb,illustrated
ing-6134ebf4a2c7,肉豆蔻,肉豆蔻,ingredients/ing-6134ebf4a2c7.svg,spice,illustrated
ing-c1db6888a9f0,肉豆蔻皮,肉豆蔻皮,ingredients/ing-c1db6888a9f0.svg,spice,illustrated
ing-bbf16ea070b1,肋眼牛排,肋眼牛排,ingredients/ing-bbf16ea070b1.svg,meat,illustrated
ing-e3e680e37cdb,肯塔基纯波本威士忌,肯塔基純波本威土忌,ingredients/ing-e3e680e37cdb.svg,bottle,illustrated
ing-6c63dd3a0214,肯塔基纯波本威士忌,肯塔基純波本威士忌,ingredients/ing-6c63dd3a0214.svg,bottle,illustrated
ing-8695011a200c,肯特芒果,肯特芒果,ingredients/ing-8695011a200c.svg,mango,illustrated
ing-289bd629bd01,胡桃,胡桃,ingredients/ing-289bd629bd01.svg,nuts,illustrated
ing-74811dad1802,胡萝卜,胡蘿蔔,ingredients/ing-74811dad1802.svg,carrot,illustrated
ing-a838046babe3,脆饼,脆餅,ingredients/ing-a838046babe3.svg,bread,illustrated
ing-29ffcbc62ecb,腰果,腰果,ingredients/ing-29ffcbc62ecb.svg,nuts,illustrated
ing-593fc2d3f48e,腰果梨汁,腰果梨汁,ingredients/ing-593fc2d3f48e.svg,juice,illustrated
ing-a7b4db92403b,自然干卡瓦气泡酒,自然乾卡瓦氣泡酒,ingredients/ing-a7b4db92403b.svg,bottle,illustrated
ing-95e690ca58e8,旧金山酸种面包,舊金山酸種麵包,ingredients/ing-95e690ca58e8.svg,bread,illustrated
ing-b1973af864a5,艾曼塔乳酪,艾曼塔乳酪,ingredients/ing-b1973af864a5.svg,cheese,illustrated
ing-2dc0408c1214,艾尔斯塔苹果,艾爾斯塔蘋果,ingredients/ing-2dc0408c1214.svg,apple,illustrated
ing-7bf68395d261,艾尔桑塔草莓,艾爾桑塔草莓,ingredients/ing-7bf68395d261.svg,strawberry,illustrated
ing-b8246e4fd893,芒果,芒果,ingredients/ing-b8246e4fd893.svg,mango,illustrated
ing-dfd87a28d577,芒果泥,芒果泥,ingredients/ing-dfd87a28d577.svg,bowl,illustrated
ing-6d0fa3c34e09,芒果粉,芒果粉,ingredients/ing-6d0fa3c34e09.svg,powder,illustrated
ing-3f304c095f39,芙内布兰卡,芙內布蘭卡,ingredients/ing-3f304c095f39.svg,bottle,illustrated
ing-5f03b2ce3022,芝麻哈尔瓦酥糖,芝麻哈爾瓦酥糖,ingredients/ing-5f03b2ce3022.svg,nuts,illustrated
ing-6d67d445a7d6,芝麻籽,芝麻籽,ingredients/ing-6d67d445a7d6.svg,nuts,illustrated
ing-2737501e6342,芝麻籽油,芝麻籽油,ingredients/ing-2737501e6342.svg,oil,illustrated
ing-22bfc96434cc,芝麻菜,芝麻菜,ingredients/ing-22bfc96434cc.svg,nuts,illustrated
ing-45a4bc35a0a1,芥末,芥末,ingredients/ing-45a4bc35a0a1.svg,powder,illustrated
ing-a5d0316d191c,花椒,花椒,ingredients/ing-a5d0316d191c.svg,spice,illustrated
ing-aca879d2c81b,花椰菜,花椰菜,ingredients/ing-aca879d2c81b.svg,flower,illustrated
ing-7739ff2ac7a8,花生,花生,ingredients/ing-7739ff2ac7a8.svg,nuts,illustrated
ing-5b48dcb398f1,花生油,花生油,ingredients/ing-5b48dcb398f1.svg,oil,illustrated
ing-15080c1a6194,花生酱,花生醬,ingredients/ing-15080c1a6194.svg,bowl,illustrated
ing-c1755c51d3a2,芹菜,芹菜,ingredients/ing-c1755c51d3a2.svg,greens,illustrated
ing-536868ac7763,芹菜根,芹菜根,ingredients/ing-536868ac7763.svg,potato,illustrated
ing-eb06833b98f3,芹菜籽,芹菜籽,ingredients/ing-eb06833b98f3.svg,nuts,illustrated
ing-937b63893030,芹菜叶,芹菜葉,ingredients/ing-937b63893030.svg,herb,illustrated
ing-f43baaa7709f,苜蓿芽,苜蓿芽,ingredients/ing-f43baaa7709f.svg,herb,illustrated
ing-68649455991c,苦橙皮,苦橙皮,ingredients/ing-68649455991c.svg,citrus,illustrated
ing-2e25b4c34d9e,苦艾,苦艾,ingredients/ing-2e25b4c34d9e.svg,herb,illustrated
ing-338f805eb617,苦艾酒,苦艾酒,ingredients/ing-338f805eb617.svg,bottle,illustrated
ing-8ac7c1f48e31,茄子,茄子,ingredients/ing-8ac7c1f48e31.svg,eggplant,illustrated
ing-5b4b8763f162,茅屋乳酪,茅屋乳酪,ingredients/ing-5b4b8763f162.svg,cheese,illustrated
ing-c4cc284f55b6,茉莉花,茉莉花,ingredients/ing-c4cc284f55b6.svg,flower,illustrated
ing-beda360aff79,茉莉花茶,茉莉花茶,ingredients/ing-beda360aff79.svg,beverage,illustrated
ing-25fc58490fa3,茴藿香,茴菴香,ingredients/ing-25fc58490fa3.svg,herb,illustrated
ing-bedc8b6dea2b,茴藿香,茴蕾香,ingredients/ing-bedc8b6dea2b.svg,herb,illustrated
ing-d75822903903,茴香,茴香,ingredients/ing-d75822903903.svg,herb,illustrated
ing-f13b69722bd8,茴香籽,茴香籽,ingredients/ing-f13b69722bd8.svg,nuts,illustrated
ing-77eb504d0cfc,茴香茶,茴香茶,ingredients/ing-77eb504d0cfc.svg,beverage,illustrated
ing-4fbd305be2e6,茴香草,茴香草,ingredients/ing-4fbd305be2e6.svg,herb,illustrated
ing-5058ae385082,茵陈蒿,茵陳蒿,ingredients/ing-5058ae385082.svg,herb,illustrated
ing-c76f6a79f6db,草莓,草莓,ingredients/ing-c76f6a79f6db.svg,strawberry,illustrated
ing-28e0a544bc5c,草莓果酱,草莓果醬,ingredients/ing-28e0a544bc5c.svg,bowl,illustrated
ing-d28209a98442,草莓汁,草莓汁,ingredients/ing-d28209a98442.svg,juice,illustrated
ing-f59b567dc765,草莓番石榴,草莓番石榴,ingredients/ing-f59b567dc765.svg,pomegranate,illustrated
ing-517ee6dc6a29,荔枝,荔枝,ingredients/ing-517ee6dc6a29.svg,lychee,illustrated
ing-be93845efbcc,荔枝汁,荔枝汁,ingredients/ing-be93845efbcc.svg,juice,illustrated
ing-941b025c087c,荔枝香甜酒,荔枝香甜酒,ingredients/ing-941b025c087c.svg,bottle,illustrated
ing-df1968a85564,莎梨,莎梨,ingredients/ing-df1968a85564.svg,pear,illustrated
ing-77e4d184bd9a,莫利洛黑樱桃,莫利洛黑樱桃,ingredients/ing-77e4d184bd9a.svg,cherry,illustrated
ing-6f23067d69c7,莫利洛黑樱桃,莫利洛黑櫻桃,ingredients/ing-6f23067d69c7.svg,cherry,illustrated
ing-88aa79dc3e86,菊苣,菊苣,ingredients/ing-88aa79dc3e86.svg,greens,illustrated
ing-cd4c498b25c2,菊薯(秘鲁地苹果),菊薯(祕魯地蘋果),ingredients/ing-cd4c498b25c2.svg,potato,illustrated
ing-63fc609b5c3f,菊薯秘鲁地苹果,菊薯祕魯地蘋果,ingredients/ing-63fc609b5c3f.svg,potato,illustrated
ing-e4fd4ad8048e,菊薯（秘鲁地苹果）,菊薯（祕魯地蘋果）,ingredients/ing-e4fd4ad8048e.svg,potato,illustrated
ing-a9b2607f4b31,菖蒲根,菖蒲根,ingredients/ing-a9b2607f4b31.svg,herb,illustrated
ing-aa59aa8e8a7e,菜籽油,菜籽油,ingredients/ing-aa59aa8e8a7e.svg,oil,illustrated
ing-8cf121c15d17,菜籽蜜,菜籽蜜,ingredients/ing-8cf121c15d17.svg,honey,illustrated
ing-3036a611b860,菩提花,菩提花,ingredients/ing-3036a611b860.svg,flower,illustrated
ing-f35f21baeee2,华盛顿脐橙,華盛頓臍橙,ingredients/ing-f35f21baeee2.svg,citrus,illustrated
ing-0207cbd6db1e,华蕉,華蕉,ingredients/ing-0207cbd6db1e.svg,banana,illustrated
ing-fa26bdc3031f,菲诺雪莉酒,菲諾雪莉酒,ingredients/ing-fa26bdc3031f.svg,bottle,illustrated
ing-a4ce29e50aee,菲达羊乳酪,菲達羊乳酪,ingredients/ing-a4ce29e50aee.svg,cheese,illustrated
ing-4820a3f06100,莱姆,萊姆,ingredients/ing-4820a3f06100.svg,citrus,illustrated
ing-a45aef78822f,莱姆树蜜,萊姆樹蜜,ingredients/ing-a45aef78822f.svg,honey,illustrated
ing-8ed9ff6745b5,莱姆汁,萊姆汁,ingredients/ing-8ed9ff6745b5.svg,juice,illustrated
ing-8864fe109b01,莱姆皮屑,萊姆皮屑,ingredients/ing-8864fe109b01.svg,citrus,illustrated
ing-acebb439c7a0,莱姆蜂蜜,萊姆蜂蜜,ingredients/ing-acebb439c7a0.svg,honey,illustrated
ing-09cc89fea48e,万寿菊花瓣,萬壽菊花瓣,ingredients/ing-09cc89fea48e.svg,flower,illustrated
ing-6feb00451cba,著蓬菜,著蓬菜,ingredients/ing-6feb00451cba.svg,identity_unresolved,identity_unresolved
ing-96955b217e7a,葛瑞尔乳酪,葛瑞爾乳酪,ingredients/ing-96955b217e7a.svg,cheese,illustrated
ing-330e08d8bc31,葛缕子籽,葛縷子籽,ingredients/ing-330e08d8bc31.svg,nuts,illustrated
ing-ae86f9a1daef,葡萄,葡萄,ingredients/ing-ae86f9a1daef.svg,grapes,illustrated
ing-e0e43641e50d,葡萄一般,葡萄一般,ingredients/ing-e0e43641e50d.svg,grapes,illustrated
ing-a946fa9086d0,葡萄干,葡萄乾,ingredients/ing-a946fa9086d0.svg,raisins,illustrated
ing-9b3bf393cbf4,葡萄柚,葡萄柚,ingredients/ing-9b3bf393cbf4.svg,citrus,illustrated
ing-3b42639cba66,葡萄柚汁,葡萄柚汁,ingredients/ing-3b42639cba66.svg,juice,illustrated
ing-4efdd983ec13,葡萄柚皮,葡萄柚皮,ingredients/ing-4efdd983ec13.svg,citrus,illustrated
ing-0b922768b743,葡萄藤烟熏,葡萄藤煙燻,ingredients/ing-0b922768b743.svg,smoke,illustrated
ing-667e73c9de5b,葫芦巴叶,葫蘆巴葉,ingredients/ing-667e73c9de5b.svg,herb,illustrated
ing-da5b6a1eccd1,莳萝,蒔薇,ingredients/ing-da5b6a1eccd1.svg,herb,illustrated
ing-167da6bd9f31,莳萝,蒔蘿,ingredients/ing-167da6bd9f31.svg,herb,illustrated
ing-657720b9a820,莳萝籽,蒔蘿籽,ingredients/ing-657720b9a820.svg,herb,illustrated
ing-1feeb2ed3d0c,蒜味美乃滋,蒜味美乃滋,ingredients/ing-1feeb2ed3d0c.svg,bowl,illustrated
ing-8d102ab1ce99,蒜末,蒜末,ingredients/ing-8d102ab1ce99.svg,powder,illustrated
ing-5984098a4ef5,蒜泥,蒜泥,ingredients/ing-5984098a4ef5.svg,onion,illustrated
ing-6857f7acaffe,蒸秋姑鱼,蒸秋姑魚,ingredients/ing-6857f7acaffe.svg,seafood,illustrated
ing-d8168d564da9,蒸羽衣甘蓝,蒸羽衣甘藍,ingredients/ing-d8168d564da9.svg,greens,illustrated
ing-3216c35721bb,蒸芥菜,蒸芥菜,ingredients/ing-3216c35721bb.svg,greens,illustrated
ing-258dba1bb5d0,蒸芜菁叶,蒸蕪菁葉,ingredients/ing-258dba1bb5d0.svg,potato,illustrated
ing-a84215e87c50,蒸萝卜叶cimedirapa),蒸蘿蔔葉cimedirapa),ingredients/ing-a84215e87c50.svg,greens,illustrated
ing-9c279272493c,蒸韭葱,蒸韭蔥,ingredients/ing-9c279272493c.svg,greens,illustrated
ing-576e86a62b8f,苍白茎藜籽,蒼白莖藜籽,ingredients/ing-576e86a62b8f.svg,nuts,illustrated
ing-ad5dea6586e3,蓬莱蕉,蓬萊蕉,ingredients/ing-ad5dea6586e3.svg,banana,illustrated
ing-6c612de272c6,莲雾,蓮霧,ingredients/ing-6c612de272c6.svg,waxapple,illustrated
ing-a1b2c235b8c0,蔓越莓,蔓越莓,ingredients/ing-a1b2c235b8c0.svg,blueberries,illustrated
ing-2286c250be35,蔓越莓汁,蔓越莓汁,ingredients/ing-2286c250be35.svg,juice,illustrated
ing-6972e58415a5,蔗糖浆,蔗糖漿,ingredients/ing-6972e58415a5.svg,honey,illustrated
ing-49e4c6e5b159,蔬菜汤,蔬菜湯,ingredients/ing-49e4c6e5b159.svg,bowl,illustrated
ing-15834cc25661,荞麦,蕎麥,ingredients/ing-15834cc25661.svg,bread,illustrated
ing-7641ae5cdf75,荞麦蜜,蕎麥蜜,ingredients/ing-7641ae5cdf75.svg,honey,illustrated
ing-dc51a3ebdea5,荞麦面包,蕎麥麵包,ingredients/ing-dc51a3ebdea5.svg,bread,illustrated
ing-55d264b180d9,芜菁,蕪菁,ingredients/ing-55d264b180d9.svg,potato,illustrated
ing-d31ff378676f,芜菁叶,蕪菁葉,ingredients/ing-d31ff378676f.svg,potato,illustrated
ing-2a511f124fe9,藿香花,蕾香花,ingredients/ing-2a511f124fe9.svg,flower,illustrated
ing-fa300b5cddf5,薄口酱油,薄口醬油,ingredients/ing-fa300b5cddf5.svg,bottle,illustrated
ing-435a566040b3,薄脆姜饼,薄脆薑餅,ingredients/ing-435a566040b3.svg,spice,illustrated
ing-ae506736a67b,薄荷,薄荷,ingredients/ing-ae506736a67b.svg,herb,illustrated
ing-94ed6bf3e1ad,姜,薑,ingredients/ing-94ed6bf3e1ad.svg,spice,illustrated
ing-94e60f43b839,姜汁啤酒,薑汁啤酒,ingredients/ing-94e60f43b839.svg,bottle,illustrated
ing-b2cbf5e35ed6,姜汁汽水,薑汁汽水,ingredients/ing-b2cbf5e35ed6.svg,beverage,illustrated
ing-86a23931090e,姜泥,薑泥,ingredients/ing-86a23931090e.svg,spice,illustrated
ing-dd22fedaea24,姜饼,薑餅,ingredients/ing-dd22fedaea24.svg,spice,illustrated
ing-9e04023fc206,姜黄,薑黃,ingredients/ing-9e04023fc206.svg,spice,illustrated
ing-10eead6e9372,萨卡帕23顶级兰姆酒,薩卡帕23頂級蘭姆酒,ingredients/ing-10eead6e9372.svg,bottle,illustrated
ing-11ef1608e2a2,萨卡帕X0兰姆酒,薩卡帕X0蘭姆酒,ingredients/ing-11ef1608e2a2.svg,bottle,illustrated
ing-d5fa3d98b5de,萨拉米,薩拉米,ingredients/ing-d5fa3d98b5de.svg,meat,illustrated
ing-2452db6b437d,薯条,薯條,ingredients/ing-2452db6b437d.svg,chips,illustrated
ing-2a1e9606debb,薯片,薯片,ingredients/ing-2a1e9606debb.svg,chips,illustrated
ing-37b2a467e34c,薰衣草蜂蜜,薰衣草蜂蜜,ingredients/ing-37b2a467e34c.svg,honey,illustrated
ing-2e7ca9b7e9f2,蓝纹乳酪,藍紋乳酪,ingredients/ing-2e7ca9b7e9f2.svg,cheese,illustrated
ing-828519f33412,蓝莓,藍莓,ingredients/ing-828519f33412.svg,blueberries,illustrated
ing-693366a37f02,蓝莓醋,藍莓醋,ingredients/ing-693366a37f02.svg,bottle,illustrated
ing-36a03fc6ae7f,蓝蟹,藍蟹,ingredients/ing-36a03fc6ae7f.svg,seafood,illustrated
ing-e3e4786fdb0e,蓝丰蓝莓,藍豐藍莓,ingredients/ing-e3e4786fdb0e.svg,blueberries,illustrated
ing-d68b8c69a87c,藻类,藻類,ingredients/ing-d68b8c69a87c.svg,seaweed,illustrated
ing-c66efc0dbd80,藻类Gracilariacarnosa,藻類Gracilariacarnosa,ingredients/ing-c66efc0dbd80.svg,seaweed,illustrated
ing-fa30aa143728,苏格兰威士忌,蘇格蘭威士忌,ingredients/ing-fa30aa143728.svg,bottle,illustrated
ing-5cf511999d95,苏玳甜白葡萄酒,蘇玳甜白葡萄酒,ingredients/ing-5cf511999d95.svg,bottle,illustrated
ing-e17eaf45d99b,苏连多柠檬,蘇連多檸檬,ingredients/ing-e17eaf45d99b.svg,citrus,illustrated
ing-8c78f3244b82,苹果,蘋果,ingredients/ing-8c78f3244b82.svg,apple,illustrated
ing-ea7714d95182,苹果一般,蘋果一般,ingredients/ing-ea7714d95182.svg,apple,illustrated
ing-1bdcfda4fec8,苹果木烟熏,蘋果木煙燻,ingredients/ing-1bdcfda4fec8.svg,smoke,illustrated
ing-547e66d96321,苹果汁,蘋果汁,ingredients/ing-547e66d96321.svg,juice,illustrated
ing-df4e71b30905,苹果花,蘋果花,ingredients/ing-df4e71b30905.svg,flower,illustrated
ing-b15068332fed,苹果西打,蘋果西打,ingredients/ing-b15068332fed.svg,bottle,illustrated
ing-db772c7316a4,苹果醋,蘋果醋,ingredients/ing-db772c7316a4.svg,bottle,illustrated
ing-df7740c5c328,苹果酱,蘋果醬,ingredients/ing-df7740c5c328.svg,bowl,illustrated
ing-8963913c6c4f,蘑菇酱,蘑菇醬,ingredients/ing-8963913c6c4f.svg,bowl,illustrated
ing-4b4ab3047cf8,兰姆酒,蘭姆酒,ingredients/ing-4b4ab3047cf8.svg,bottle,illustrated
ing-2757fb137df5,兰比克啤酒,蘭比克啤酒,ingredients/ing-2757fb137df5.svg,bottle,illustrated
ing-6c50e513b025,萝卜,蘿蔔,ingredients/ing-6c50e513b025.svg,greens,illustrated
ing-9787c0f7776a,虹鳟,虹鱒,ingredients/ing-9787c0f7776a.svg,seafood,illustrated
ing-2813796b55c0,蛇皮果,蛇皮果,ingredients/ing-2813796b55c0.svg,botanical_fruit,family_illustration
ing-5bd16064fd4d,蛇麻草芽,蛇麻草芽,ingredients/ing-5bd16064fd4d.svg,herb,illustrated
ing-3091cdd570b9,蛇麻草芽啤酒花芽,蛇麻草芽啤酒花芽,ingredients/ing-3091cdd570b9.svg,herb,illustrated
ing-4d333f98a974,蛇麻草芽（啤酒花芽）,蛇麻草芽（啤酒花芽）,ingredients/ing-4d333f98a974.svg,herb,illustrated
ing-3e6d2d26268e,蛋黄,蛋黃,ingredients/ing-3e6d2d26268e.svg,dairy,illustrated
ing-7b026c56a424,蜂蜜,蜂蜜,ingredients/ing-7b026c56a424.svg,honey,illustrated
ing-f16a341077f1,蜂香薄荷花,蜂香薄荷花,ingredients/ing-f16a341077f1.svg,flower,illustrated
ing-6ecc1fe21751,蜜树,蜜樹,ingredients/ing-6ecc1fe21751.svg,herb,illustrated
ing-a7fe526940e7,蜜瓜,蜜瓜,ingredients/ing-a7fe526940e7.svg,melon,illustrated
ing-3e9487ec41f0,蜜香红茶大叶乌龙,蜜香紅茶大葉烏龍,ingredients/ing-3e9487ec41f0.svg,beverage,illustrated
ing-ede11699a54a,蚝油,蝮油,ingredients/ing-ede11699a54a.svg,oil,illustrated
ing-4367a42d0b63,蚝菇,蝮菇,ingredients/ing-4367a42d0b63.svg,mushroom,illustrated
ing-57fc7447b799,蜗牛子酱,蝸牛子醬,ingredients/ing-57fc7447b799.svg,bowl,illustrated
ing-16806d9b228b,融化奶油,融化奶油,ingredients/ing-16806d9b228b.svg,dairy,illustrated
ing-999f9da36e8d,螯虾,螯蝦,ingredients/ing-999f9da36e8d.svg,seafood,illustrated
ing-f6b538479f92,蚝菇,螺菇,ingredients/ing-f6b538479f92.svg,mushroom,illustrated
ing-6dd7c1b9dc86,蟹肉,蟹肉,ingredients/ing-6dd7c1b9dc86.svg,seafood,illustrated
ing-b6588c918037,蚕豆,蠶豆,ingredients/ing-b6588c918037.svg,peas,illustrated
ing-a0337464b820,血橙汁,血橙汁,ingredients/ing-a0337464b820.svg,juice,illustrated
ing-d667f81b69c9,裙带菜,裙带菜,ingredients/ing-d667f81b69c9.svg,seaweed,illustrated
ing-19a79df2b66f,裙带菜,裙帶菜,ingredients/ing-19a79df2b66f.svg,seaweed,illustrated
ing-7ef17ca2964a,裸麦面包,裸麥麵包,ingredients/ing-7ef17ca2964a.svg,bread,illustrated
ing-26830135163a,裸麦面包丁,裸麥麵包丁,ingredients/ing-26830135163a.svg,bread,illustrated
ing-e647e204b16e,褐色小牛高汤,褐色小牛高湯,ingredients/ing-e647e204b16e.svg,bowl,illustrated
ing-43866e0deba1,褐色鸡高汤,褐色雞高湯,ingredients/ing-43866e0deba1.svg,bowl,illustrated
ing-27dfd9191bbe,褐虾,褐蝦,ingredients/ing-27dfd9191bbe.svg,seafood,illustrated
ing-e6c047045faa,西印度樱桃,西印度櫻桃,ingredients/ing-e6c047045faa.svg,cherry,illustrated
ing-920ab8a3e6af,西打,西打,ingredients/ing-920ab8a3e6af.svg,bottle,illustrated
ing-6e9c080a98ea,西洋菜,西洋菜,ingredients/ing-6e9c080a98ea.svg,greens,illustrated
ing-1e9882af524d,西洋蓍草花,西洋蓍草花,ingredients/ing-1e9882af524d.svg,flower,illustrated
ing-07e5109bb276,西班牙乔利佐香肠,西班牙喬利佐香腸,ingredients/ing-07e5109bb276.svg,meat,illustrated
ing-f5c5197cd2bc,西班牙柑橘蜂蜜,西班牙柑橘蜂蜜,ingredients/ing-f5c5197cd2bc.svg,honey,illustrated
ing-47ff3c5dee6b,西班牙火腿(100%顶级伊比利橡实猪),西班牙火服100%頂級伊比利橡實豬,ingredients/ing-47ff3c5dee6b.svg,meat,illustrated
ing-4d44133cf501,西班牙火腿(100%顶级伊比利橡实猪),西班牙火腋100%頂級伊比利橡實豬,ingredients/ing-4d44133cf501.svg,meat,illustrated
ing-b6287f19f0d9,西班牙火腿(100%顶级伊比利橡实猪),西班牙火腿100%頂級伊比^橡實豬,ingredients/ing-b6287f19f0d9.svg,meat,illustrated
ing-2323fc45adac,西班牙火腿100%顶级伊比利橡实猪,西班牙火腿100%頂級伊比利橡實豬,ingredients/ing-2323fc45adac.svg,meat,illustrated
ing-aee4282ba4dd,西班牙火腿100%顶级伊比利橡实猪),西班牙火腿100%頂級伊比利橡實豬),ingredients/ing-aee4282ba4dd.svg,meat,illustrated
ing-d208908f53cc,西班牙火腿(100%顶级伊比利橡实猪),西班牙火腿doo%頂級伊比利橡實豬,ingredients/ing-d208908f53cc.svg,meat,illustrated
ing-ccaf6cc9bf1f,西班牙火腿（100%顶级伊比利橡实猪）,西班牙火腿（100%頂級伊比利橡實豬）,ingredients/ing-ccaf6cc9bf1f.svg,meat,illustrated
ing-cefb1f61852f,西班牙莎奇琼香肠,西班牙莎奇瓊香腸,ingredients/ing-cefb1f61852f.svg,meat,illustrated
ing-3e3f03caa043,西瓜,西瓜,ingredients/ing-3e3f03caa043.svg,watermelon,illustrated
ing-fb8015789b08,覆盆子,覆盆子,ingredients/ing-fb8015789b08.svg,bramble,illustrated
ing-9e28c355e8d4,覆盆子果酱,覆盆子果醬,ingredients/ing-9e28c355e8d4.svg,bowl,illustrated
ing-6820153917ee,覆盆子汁,覆盆子汁,ingredients/ing-6820153917ee.svg,juice,illustrated
ing-e9ce6c5985a9,覆盆子泥,覆盆子泥,ingredients/ing-e9ce6c5985a9.svg,bowl,illustrated
ing-44b54f5ad98b,哈密瓜,見,ingredients/ing-44b54f5ad98b.svg,melon,illustrated
ing-ea9bd125ddcc,角虾,角蝦,ingredients/ing-ea9bd125ddcc.svg,seafood,illustrated
ing-3fe68d214a7b,诺托蜜思嘉,諾托蜜思嘉,ingredients/ing-3fe68d214a7b.svg,bottle,illustrated
ing-00b9308319c5,诺丽果,諾麗果,ingredients/ing-00b9308319c5.svg,botanical_fruit,family_illustration
ing-6125ae984933,豆浆,豆漿,ingredients/ing-6125ae984933.svg,milk,illustrated
ing-15c8640917f0,豆浆优格,豆漿優格,ingredients/ing-15c8640917f0.svg,dairy,illustrated
ing-4fc10d8f3977,豆腐,豆腐,ingredients/ing-4fc10d8f3977.svg,tofu,illustrated
ing-e1cd1fe9aa85,豆腐乳,豆腐乳,ingredients/ing-e1cd1fe9aa85.svg,bowl,illustrated
ing-358db542ace6,豆蔻籽,豆蔻籽,ingredients/ing-358db542ace6.svg,spice,illustrated
ing-b69535c64b68,豆蔻叶,豆蔻葉,ingredients/ing-b69535c64b68.svg,spice,illustrated
ing-d9cf5577f85a,豆豉发酵黑豆,豆豉發酵黑豆,ingredients/ing-d9cf5577f85a.svg,peas,illustrated
ing-3d6229ff65c6,豌豆,豌豆,ingredients/ing-3d6229ff65c6.svg,peas,illustrated
ing-20d7caedc3b0,丰香草莓,豐香草莓,ingredients/ing-20d7caedc3b0.svg,strawberry,illustrated
ing-938d4d11b850,猪油,豬油,ingredients/ing-938d4d11b850.svg,oil,illustrated
ing-f9232f2a6ec4,猪肉,豬肉,ingredients/ing-f9232f2a6ec4.svg,meat,illustrated
ing-f46e1beb3c76,猪骨肉汁,豬骨肉汁,ingredients/ing-f46e1beb3c76.svg,bowl,illustrated
ing-20f0705239e5,煎鸵鸟肉,貝&鸵鳥肉,ingredients/ing-20f0705239e5.svg,meat,illustrated
ing-510c63d12543,煎鸵鸟肉,貝n鳥它鳥肉,ingredients/ing-510c63d12543.svg,meat,illustrated
ing-f930fbf4986d,贝果,貝果,ingredients/ing-f930fbf4986d.svg,seafood,illustrated
ing-f252f33abf53,贝类高汤,貝類高湯,ingredients/ing-f252f33abf53.svg,bowl,illustrated
ing-6c61bbc9fff1,越南鱼露,越南魚露,ingredients/ing-6c61bbc9fff1.svg,bottle,illustrated
ing-635773af29c3,越橘,越橘,ingredients/ing-635773af29c3.svg,blueberries,illustrated
ing-8bfdebc0e5f2,轩尼诗VS干邑白兰地,軒尼詩VS干邑白蘭地,ingredients/ing-8bfdebc0e5f2.svg,bottle,illustrated
ing-d689dbf1a651,轩尼诗X0干邑白兰地,軒尼詩X0干邑白蘭地,ingredients/ing-d689dbf1a651.svg,bottle,illustrated
ing-88fa01fa21d9,软肉菠萝蜜,軟肉菠蘿蜜,ingredients/ing-88fa01fa21d9.svg,durian,illustrated
ing-0824ff1abe3a,软质乳酪,軟質乳酪,ingredients/ing-0824ff1abe3a.svg,cheese,illustrated
ing-4bae9177cfea,辣根末,辣根末,ingredients/ing-4bae9177cfea.svg,powder,illustrated
ing-2160cc15e4cc,辣根根,辣根根,ingredients/ing-2160cc15e4cc.svg,spice,illustrated
ing-23ad4af81056,辣根泥,辣根泥,ingredients/ing-23ad4af81056.svg,spice,illustrated
ing-9b66e65c4b8a,辣椒酱,辣椒醬,ingredients/ing-9b66e65c4b8a.svg,bowl,illustrated
ing-f10965df4904,农庄切达乳酪,農莊切達乳酪,ingredients/ing-f10965df4904.svg,cheese,illustrated
ing-694e36b14ad8,迷迭香,迷迭香,ingredients/ing-694e36b14ad8.svg,herb,illustrated
ing-683a55b0db06,迷迭香蜂蜜,迷迭香蜂蜜,ingredients/ing-683a55b0db06.svg,honey,illustrated
ing-742286116749,通宁水,通寧水,ingredients/ing-742286116749.svg,beverage,illustrated
ing-f4a9a9cdbced,达赛莱克特草莓,達賽萊克特草莓,ingredients/ing-f4a9a9cdbced.svg,strawberry,illustrated
ing-d779ed430ed8,乡村面包,鄉村麵包,ingredients/ing-d779ed430ed8.svg,bread,illustrated
ing-aea8ff020fde,酢橘,酢橘,ingredients/ing-aea8ff020fde.svg,citrus,illustrated
ing-36acc5138461,酪梨,酪梨,ingredients/ing-36acc5138461.svg,avocado,illustrated
ing-18b71106fe85,酪梨酱,酪梨醬,ingredients/ing-18b71106fe85.svg,bowl,illustrated
ing-e4cdba7c4e95,酸奶油,酸奶油,ingredients/ing-e4cdba7c4e95.svg,dairy,illustrated
ing-637e56908262,酸樱桃,酸樱桃,ingredients/ing-637e56908262.svg,cherry,illustrated
ing-e66271d2dbc0,酸橘,酸橘,ingredients/ing-e66271d2dbc0.svg,citrus,illustrated
ing-d792b1b98652,酸樱桃,酸櫻桃,ingredients/ing-d792b1b98652.svg,cherry,illustrated
ing-b5636733d78a,酸浆,酸漿,ingredients/ing-b5636733d78a.svg,botanical_fruit,family_illustration
ing-34a484399284,酸种裸麦面包,酸種裸麥麵包,ingredients/ing-34a484399284.svg,bread,illustrated
ing-6635027625bb,酸种面包,酸種麵包,ingredients/ing-6635027625bb.svg,bread,illustrated
ing-3ac8c33ffbe5,腌渍樱花,醃漬樱花,ingredients/ing-3ac8c33ffbe5.svg,flower,illustrated
ing-42514687f2d7,腌渍樱花,醃漬櫻花,ingredients/ing-42514687f2d7.svg,flower,illustrated
ing-3ccac6e8d5bb,腌渍樱叶,醃漬櫻葉,ingredients/ing-3ccac6e8d5bb.svg,bowl,illustrated
ing-0cfa20155446,腌渍葡萄叶,醃漬葡萄葉,ingredients/ing-0cfa20155446.svg,bowl,illustrated
ing-bddc63543ee3,腌渍酸豆,醃漬酸豆,ingredients/ing-bddc63543ee3.svg,peas,illustrated
ing-cf3baf6583ab,腌渍黄瓜,醃漬黃瓜,ingredients/ing-cf3baf6583ab.svg,cucumber,illustrated
ing-bbc4f0fcc235,醋栗,醋栗,ingredients/ing-bbc4f0fcc235.svg,blueberries,illustrated
ing-35f19f6f1efc,鳀鱼高汤,醍魚高湯,ingredients/ing-35f19f6f1efc.svg,bowl,illustrated
ing-24859a840f76,酱油,醬油,ingredients/ing-24859a840f76.svg,bottle,illustrated
ing-2242bed739d1,酱油膏,醬油膏,ingredients/ing-2242bed739d1.svg,bottle,illustrated
ing-cb3571346f22,释迦,釋迦,ingredients/ing-cb3571346f22.svg,custard_apple,illustrated
ing-02d756c7e24c,里肌猪排,里肌豬排,ingredients/ing-02d756c7e24c.svg,meat,illustrated
ing-b3f737d9455b,野火鸡波本威士忌,野火雞波本威士忌,ingredients/ing-b3f737d9455b.svg,bottle,illustrated
ing-41aabc57e802,野生接骨木莓,野生接骨木莓,ingredients/ing-41aabc57e802.svg,blueberries,illustrated
ing-ca76ce9c942d,野生洋甘菊,野生洋甘菊,ingredients/ing-ca76ce9c942d.svg,flower,illustrated
ing-024125617f95,野生草莓,野生草莓,ingredients/ing-024125617f95.svg,strawberry,illustrated
ing-e3b4ab2de9f0,野罗勒,野羅勒,ingredients/ing-e3b4ab2de9f0.svg,herb,illustrated
ing-0659dbac1ef1,野蒜,野蒜,ingredients/ing-0659dbac1ef1.svg,greens,illustrated
ing-25540aa7f6c5,野薄荷,野薄荷,ingredients/ing-25540aa7f6c5.svg,herb,illustrated
ing-0059646ab7fc,野蓝莓果酱,野藍莓果醬,ingredients/ing-0059646ab7fc.svg,bowl,illustrated
ing-b6534b0f70b5,野香柠檬花,野香檸檬花,ingredients/ing-b6534b0f70b5.svg,flower,illustrated
ing-c6bc86c8e457,金冠苹果,金冠蘋果,ingredients/ing-c6bc86c8e457.svg,apple,illustrated
ing-7582405f7502,金巴利,金巴利,ingredients/ing-7582405f7502.svg,bottle,illustrated
ing-777d09382cd5,金快活传统银龙舌兰酒,金快活傳統銀龍舌蘭酒,ingredients/ing-777d09382cd5.svg,bottle,illustrated
ing-b6c78bf99a5c,金枕头榴梿,金枕頭榴梗,ingredients/ing-b6c78bf99a5c.svg,durian,illustrated
ing-b7fcdc5560b6,金枕头榴梿,金枕頭榴樋,ingredients/ing-b7fcdc5560b6.svg,durian,illustrated
ing-902356d8ad7d,金枕头榴梿,金枕頭榴機,ingredients/ing-902356d8ad7d.svg,durian,illustrated
ing-4e75a7f96977,金橘,金橘,ingredients/ing-4e75a7f96977.svg,citrus,illustrated
ing-97f9639f9eda,金橘皮,金橘皮,ingredients/ing-97f9639f9eda.svg,citrus,illustrated
ing-d551689d3583,金盏花,金盞花,ingredients/ing-d551689d3583.svg,flower,illustrated
ing-445347250ed0,金目鲈,金目鱸,ingredients/ing-445347250ed0.svg,seafood,illustrated
ing-99165e256fd1,金华火腿,金華火腿,ingredients/ing-99165e256fd1.svg,meat,illustrated
ing-145814199f9b,金莲叶,金蓮葉,ingredients/ing-145814199f9b.svg,herb,illustrated
ing-a6e05d188abe,金针菇,金針菇,ingredients/ing-a6e05d188abe.svg,mushroom,illustrated
ing-4b276fb286cd,金银花,金銀花,ingredients/ing-4b276fb286cd.svg,flower,illustrated
ing-95a5e9ae03c2,金黄巧克力,金黃巧克力,ingredients/ing-95a5e9ae03c2.svg,chocolate,illustrated
ing-6033b338c6cd,开心果,開心果,ingredients/ing-6033b338c6cd.svg,nuts,illustrated
ing-4e2e5a0cdcd3,开心果抹酱,開心果抹醬,ingredients/ing-4e2e5a0cdcd3.svg,bowl,illustrated
ing-1afc140dcd6c,开花茶,開花茶,ingredients/ing-1afc140dcd6c.svg,beverage,illustrated
ing-cdf56ddbfada,防风根,防風根,ingredients/ing-cdf56ddbfada.svg,carrot,illustrated
ing-e4168b0532c8,阿拉比卡咖啡,阿拉比卡咖啡,ingredients/ing-e4168b0532c8.svg,beverage,illustrated
ing-fe333ee81a34,阿根廷青酱,阿根廷青醬,ingredients/ing-fe333ee81a34.svg,bowl,illustrated
ing-b9c454fc1b99,阿芳素芒果,阿芳素芒果,ingredients/ing-b9c454fc1b99.svg,mango,illustrated
ing-6f65196711a1,阿芳索芒果,阿芳索芒果,ingredients/ing-6f65196711a1.svg,mango,illustrated
ing-24d5be803f95,阿蒙提亚多雪莉酒,阿蒙提亞多雪莉酒,ingredients/ing-24d5be803f95.svg,bottle,illustrated
ing-ab33563a6bbd,阿让西梅干,阿讓西梅乾,ingredients/ing-ab33563a6bbd.svg,raisins,illustrated
ing-d948c64797cb,阿贝金纳初榨橄榄油,阿貝金納初榨橄欖油,ingredients/ing-d948c64797cb.svg,oil,illustrated
ing-010be8291a34,阿贝金纳橄榄油,阿貝金納橄欖油,ingredients/ing-010be8291a34.svg,oil,illustrated
ing-634d14cf20ee,阿贝金纳特级初榨橄榄油,阿貝金納特級初榨橄欖油,ingredients/ing-634d14cf20ee.svg,oil,illustrated
ing-d228cdcb474d,陈年兰姆酒,陳年蘭姆酒,ingredients/ing-d228cdcb474d.svg,bottle,illustrated
ing-f6c12ee628cb,雅文邑,雅文邑,ingredients/ing-f6c12ee628cb.svg,bottle,illustrated
ing-04416ed297ee,雅香瓜(日本香瓜),雅香瓜(日本香瓜),ingredients/ing-04416ed297ee.svg,melon,illustrated
ing-f415b72ab016,雅香瓜日本香瓜,雅香瓜日本香瓜,ingredients/ing-f415b72ab016.svg,melon,illustrated
ing-f447e9475934,杂粮面包,雜糧麵包,ingredients/ing-f447e9475934.svg,bread,illustrated
ing-5ebaad9042d0,鸡油菌,雞油菌,ingredients/ing-5ebaad9042d0.svg,mushroom,illustrated
ing-721dce9d5bd2,鸡汤,雞湯,ingredients/ing-721dce9d5bd2.svg,bowl,illustrated
ing-4d3d79264a9b,鸡胸排,雞胸排,ingredients/ing-4d3d79264a9b.svg,meat,illustrated
ing-87ae8cff1961,雪树伏特加,雪樹伏特加,ingredients/ing-87ae8cff1961.svg,bottle,illustrated
ing-d1a49b545cd8,雪树未过滤伏特加,雪樹未過濾伏特加,ingredients/ing-d1a49b545cd8.svg,bottle,illustrated
ing-cfdbfad2d6c4,雪莉酒,雪莉酒,ingredients/ing-cfdbfad2d6c4.svg,bottle,illustrated
ing-3e7460072831,雪莉醋,雪莉醋,ingredients/ing-3e7460072831.svg,bottle,illustrated
ing-82356a7fb6de,云莓,雲莓,ingredients/ing-82356a7fb6de.svg,bramble,illustrated
ing-b0ad0bda5aca,零陵香豆,零陵香豆,ingredients/ing-b0ad0bda5aca.svg,spice,illustrated
ing-45040d2a9264,青哈瓦那辣椒,青哈瓦那辣椒,ingredients/ing-45040d2a9264.svg,pepper,illustrated
ing-6690440123a6,青普,青普,ingredients/ing-6690440123a6.svg,visual_family,family_illustration
ing-79e04dc59f05,青花笋,青花筍,ingredients/ing-79e04dc59f05.svg,asparagus,illustrated
ing-a15459e6dc9b,青芹菜根,青芹菜根,ingredients/ing-a15459e6dc9b.svg,potato,illustrated
ing-feb153dc3062,青辣椒,青辣椒,ingredients/ing-feb153dc3062.svg,pepper,illustrated
ing-cf80619ebf65,青酱,青醬,ingredients/ing-cf80619ebf65.svg,bowl,illustrated
ing-ba216519fbba,韦兰苹果,韋蘭蘋果,ingredients/ing-ba216519fbba.svg,apple,illustrated
ing-7f3f00cf5065,韩国烤牛肉,韓國烤牛肉,ingredients/ing-7f3f00cf5065.svg,meat,illustrated
ing-3132d20be262,韩国辣酱,韓國辣醬,ingredients/ing-3132d20be262.svg,bowl,illustrated
ing-9865f82458f3,韩国酱油,韓國醬油,ingredients/ing-9865f82458f3.svg,bottle,illustrated
ing-cdb5b595d3b7,韩国鱼露,韓國魚露,ingredients/ing-cdb5b595d3b7.svg,bottle,illustrated
ing-8191e746c9c9,韭葱,韭蔥,ingredients/ing-8191e746c9c9.svg,greens,illustrated
ing-7b01b1ae2c13,香桃木浆果,香桃木漿果,ingredients/ing-7b01b1ae2c13.svg,botanical_fruit,family_illustration
ing-66a456742e36,香椿叶,香椿葉,ingredients/ing-66a456742e36.svg,herb,illustrated
ing-eba9f9b6bed6,香橙,香橙,ingredients/ing-eba9f9b6bed6.svg,citrus,illustrated
ing-c85dd5b47106,香槟,香檳,ingredients/ing-c85dd5b47106.svg,bottle,illustrated
ing-f08929cba156,香槟干邑白兰地,香檳干邑白蘭地,ingredients/ing-f08929cba156.svg,bottle,illustrated
ing-5d234e586a84,香槟果,香檳果,ingredients/ing-5d234e586a84.svg,bottle,illustrated
ing-7c387addc9de,香柠檬,香檸檬,ingredients/ing-7c387addc9de.svg,citrus,illustrated
ing-50a053a1802d,香瓜,香瓜,ingredients/ing-50a053a1802d.svg,melon,illustrated
ing-49e6f12ed27c,香瓜茄,香瓜茄,ingredients/ing-49e6f12ed27c.svg,melon,illustrated
ing-fbfb81ae8667,香芹根,香芹根,ingredients/ing-fbfb81ae8667.svg,carrot,illustrated
ing-ebd125d766ae,香芹籽,香芹籽,ingredients/ing-ebd125d766ae.svg,nuts,illustrated
ing-6f311f18472a,香茅,香茅,ingredients/ing-6f311f18472a.svg,herb,illustrated
ing-87f8c8e08172,"香茅,","香茅,",ingredients/ing-87f8c8e08172.svg,herb,illustrated
ing-8b9d6e5ae202,香茅泥,香茅泥,ingredients/ing-8b9d6e5ae202.svg,bowl,illustrated
ing-1a5df5de83ea,香茅香甜酒,香茅香甜酒,ingredients/ing-1a5df5de83ea.svg,bottle,illustrated
ing-2d7fe74d093b,香菇,香菇,ingredients/ing-2d7fe74d093b.svg,mushroom,illustrated
ing-75f8ba7bd771,香菜籽,香菜籽,ingredients/ing-75f8ba7bd771.svg,nuts,illustrated
ing-387eaf7ba707,香菜芹,香菜芹,ingredients/ing-387eaf7ba707.svg,herb,illustrated
ing-2a815af73323,香菜叶,香菜葉,ingredients/ing-2a815af73323.svg,herb,illustrated
ing-dbf9f9c94fc9,香蕉,香蕉,ingredients/ing-dbf9f9c94fc9.svg,banana,illustrated
ing-ced44d93512a,香蕉一般,香蕉一般,ingredients/ing-ced44d93512a.svg,banana,illustrated
ing-0516fcd83cfc,香蕉帕萨干香蕉,香蕉帕薩乾香蕉,ingredients/ing-0516fcd83cfc.svg,banana,illustrated
ing-2dc74b142d0f,香蕉泥,香蕉泥,ingredients/ing-2dc74b142d0f.svg,bowl,illustrated
ing-eeaac3921285,香蕉片,香蕉片,ingredients/ing-eeaac3921285.svg,banana,illustrated
ing-5d5d0d8a3821,香蕉香甜酒,香蕉香甜酒,ingredients/ing-5d5d0d8a3821.svg,bottle,illustrated
ing-e90b0341568f,香蜂草,香蜂草,ingredients/ing-e90b0341568f.svg,herb,illustrated
ing-ec4165b8344c,马德拉斯咖哩酱,馬德拉斯咖哩醬,ingredients/ing-ec4165b8344c.svg,bowl,illustrated
ing-cb439f1f5d75,马拉斯奇诺樱桃香甜酒,馬拉斯奇諾櫻桃香甜酒,ingredients/ing-cb439f1f5d75.svg,bottle,illustrated
ing-253d3d1adbeb,马斯卡彭乳酪,馬斯卡彭乳酪,ingredients/ing-253d3d1adbeb.svg,cheese,illustrated
ing-c39f6092f739,马格利韩国米酒,馬格利韓國米酒,ingredients/ing-c39f6092f739.svg,bottle,illustrated
ing-53b380bd19cc,马翁琴酒,馬翁琴酒,ingredients/ing-53b380bd19cc.svg,bottle,illustrated
ing-5135bd2823e7,马荷雷洛半熟成乳酪,馬荷雷洛半熟成乳酪,ingredients/ing-5135bd2823e7.svg,cheese,illustrated
ing-009da40cb5ba,马里昂黑莓,馬里昂黑莓,ingredients/ing-009da40cb5ba.svg,bramble,illustrated
ing-faec7de1d29b,马铃薯,馬鈴薯,ingredients/ing-faec7de1d29b.svg,potato,illustrated
ing-2519117a8460,马鞭草,馬鞭草,ingredients/ing-2519117a8460.svg,herb,illustrated
ing-29b5651d259c,马郁兰,馬鬱蘭,ingredients/ing-29b5651d259c.svg,herb,illustrated
ing-59b888f92caa,马鲁瓦耶乳酪,馬魯瓦耶乳酪,ingredients/ing-59b888f92caa.svg,cheese,illustrated
ing-77d92c8aa229,高脂鲜奶油,高脂鮮奶油,ingredients/ing-77d92c8aa229.svg,dairy,illustrated
ing-4a09c3a35c35,高良姜,高良薑,ingredients/ing-4a09c3a35c35.svg,spice,illustrated
ing-b17890ed2beb,高达乳酪,高達乳酪,ingredients/ing-b17890ed2beb.svg,cheese,illustrated
ing-96064d6e8d85,鱼味噌,魚味噌,ingredients/ing-96064d6e8d85.svg,bowl,illustrated
ing-c09d46705a1d,鱼子酱,魚子醬,ingredients/ing-c09d46705a1d.svg,bowl,illustrated
ing-259041bef936,鲔鱼,鮪魚,ingredients/ing-259041bef936.svg,seafood,illustrated
ing-56bd719119fa,鲔鱼排,鮪魚排,ingredients/ing-56bd719119fa.svg,seafood,illustrated
ing-765f9386ec9b,鲜奶油,鮮奶油,ingredients/ing-765f9386ec9b.svg,dairy,illustrated
ing-18142c065932,鲤鱼高汤,鯉魚高湯,ingredients/ing-18142c065932.svg,bowl,illustrated
ing-6603b3219555,鲭鱼,鯖魚,ingredients/ing-6603b3219555.svg,seafood,illustrated
ing-0c29c1aa2085,鲷鱼,鯛魚,ingredients/ing-0c29c1aa2085.svg,seafood,illustrated
ing-7d38da8ef556,鳍鱼,鰭魚,ingredients/ing-7d38da8ef556.svg,seafood,illustrated
ing-e4d693c0c07e,鳍鱼排,鰭魚排,ingredients/ing-e4d693c0c07e.svg,seafood,illustrated
ing-2ac8475aed34,鳗鱼高汤,鰻魚高湯,ingredients/ing-2ac8475aed34.svg,bowl,illustrated
ing-455274ddbb97,鳕鱼卵,鱈魚卵,ingredients/ing-455274ddbb97.svg,seafood,illustrated
ing-75f241115c8e,鳕鱼排,鱈魚排,ingredients/ing-75f241115c8e.svg,seafood,illustrated
ing-a90da3e85fd9,凤梨,鳳梨,ingredients/ing-a90da3e85fd9.svg,pineapple,illustrated
ing-f4bc62cd9a62,凤梨汁,鳳梨汁,ingredients/ing-f4bc62cd9a62.svg,juice,illustrated
ing-b5630a5e466f,凤梨泥,鳳梨泥,ingredients/ing-b5630a5e466f.svg,bowl,illustrated
ing-c378c4a9c6ba,鸭儿芹,鴨兒芹,ingredients/ing-c378c4a9c6ba.svg,herb,illustrated
ing-f791732f3f09,鸽高汤,鴿咼湯,ingredients/ing-f791732f3f09.svg,bowl,illustrated
ing-b55011650dae,鸽高汤,鴿高湯,ingredients/ing-b55011650dae.svg,bowl,illustrated
ing-bb37af3829b5,鹰嘴豆,鷹嘴豆,ingredients/ing-bb37af3829b5.svg,peas,illustrated
ing-39441a5f0370,鹰嘴豆泥,鷹嘴豆泥,ingredients/ing-39441a5f0370.svg,bowl,illustrated
ing-a2816b492893,鹰嘴豆豆芽,鷹嘴豆豆芽,ingredients/ing-a2816b492893.svg,peas,illustrated
ing-c9fee1de1b49,咸干鳕鱼,鹹乾鱈魚,ingredients/ing-c9fee1de1b49.svg,seafood,illustrated
ing-c6b7bb11b8b6,咸沙丁鱼,鹹沙丁魚,ingredients/ing-c6b7bb11b8b6.svg,seafood,illustrated
ing-0d845eeba9fa,咸鳀鱼,鹹睚魚,ingredients/ing-0d845eeba9fa.svg,seafood,illustrated
ing-7c1811075a0d,咸鳀鱼,鹹鯉魚,ingredients/ing-7c1811075a0d.svg,seafood,illustrated
ing-eeb49ce3ab2e,咸鳀鱼,鹹鰻魚,ingredients/ing-eeb49ce3ab2e.svg,seafood,illustrated
ing-72522698a904,盐肤木,鹽膚木,ingredients/ing-72522698a904.svg,spice,illustrated
ing-7d06f6cab95e,盐角草,鹽角草,ingredients/ing-7d06f6cab95e.svg,herb,illustrated
ing-709dd5c845b5,鹿肉,鹿肉,ingredients/ing-709dd5c845b5.svg,meat,illustrated
ing-2be0720fff2f,麦芽,麥芽,ingredients/ing-2be0720fff2f.svg,bread,illustrated
ing-75dccd9d3e52,麦金塔苹果,麥金塔蘋果,ingredients/ing-75dccd9d3e52.svg,apple,illustrated
ing-4283d3324e4a,面包丁,麵包丁,ingredients/ing-4283d3324e4a.svg,bread,illustrated
ing-8db3ccf67b00,面包糠,麵包糠,ingredients/ing-8db3ccf67b00.svg,bread,illustrated
ing-7dd1842ac413,面包虫,麵包蟲,ingredients/ing-7dd1842ac413.svg,bread,illustrated
ing-81d5013d6a3c,黄瓜,黃瓜,ingredients/ing-81d5013d6a3c.svg,cucumber,illustrated
ing-51225090c478,黄甜椒酱,黃甜椒醬,ingredients/ing-51225090c478.svg,bowl,illustrated
ing-bf53faac3d34,黄色查特酒,黃色查特酒,ingredients/ing-bf53faac3d34.svg,bottle,illustrated
ing-729c4b18d0f7,黄香李生命之水,黃香李生命之水,ingredients/ing-729c4b18d0f7.svg,bottle,illustrated
ing-79df440b0205,黏果酸浆,黏果酸漿,ingredients/ing-79df440b0205.svg,botanical_fruit,family_illustration
ing-4a5724f3e911,黑可可香甜酒,黑可可香甜酒,ingredients/ing-4a5724f3e911.svg,bottle,illustrated
ing-e555bf8c7cb2,黑孜然籽,黑孜然籽,ingredients/ing-e555bf8c7cb2.svg,nuts,illustrated
ing-5bd05b5a44ec,黑巧克力,黑巧克力,ingredients/ing-5bd05b5a44ec.svg,chocolate,illustrated
ing-b270101c7771,黑松露,黑松露,ingredients/ing-b270101c7771.svg,mushroom,illustrated
ing-18f21fe85570,黑橄榄,黑橄欖,ingredients/ing-18f21fe85570.svg,olives,illustrated
ing-8726b06b4789,黑种草籽,黑種草籽,ingredients/ing-8726b06b4789.svg,nuts,illustrated
ing-b1cdb3c90241,黑线鳕,黑線鱈,ingredients/ing-b1cdb3c90241.svg,seafood,illustrated
ing-25c96b530ffb,黑胡椒,黑胡椒,ingredients/ing-25c96b530ffb.svg,spice,illustrated
ing-754714f37da8,黑胡椒粉,黑胡椒粉,ingredients/ing-754714f37da8.svg,powder,illustrated
ing-d806f4a0f61c,黑莓,黑莓,ingredients/ing-d806f4a0f61c.svg,bramble,illustrated
ing-27422575ad23,黑蒜泥,黑蒜泥,ingredients/ing-27422575ad23.svg,onion,illustrated
ing-80f02aec758e,黑兰姆酒,黑蘭姆酒,ingredients/ing-80f02aec758e.svg,bottle,illustrated
ing-302657583d85,黑覆盆子,黑覆盆子,ingredients/ing-302657583d85.svg,bramble,illustrated
ing-40ed07c0bf13,黑豆,黑豆,ingredients/ing-40ed07c0bf13.svg,peas,illustrated
ing-7f8b7db1d15f,黑豆蔻,黑豆蔻,ingredients/ing-7f8b7db1d15f.svg,spice,illustrated
ing-7eae317241ce,黑醋栗,黑醋栗,ingredients/ing-7eae317241ce.svg,blueberries,illustrated
ing-3211beeb63ca,黑醋栗汁,黑醋栗汁,ingredients/ing-3211beeb63ca.svg,juice,illustrated
ing-f9e538ac8dee,黑醋栗叶,黑醋栗葉,ingredients/ing-f9e538ac8dee.svg,blueberries,illustrated
ing-b8205e0a2cd2,黑醋栗香甜酒,黑醋栗香甜酒,ingredients/ing-b8205e0a2cd2.svg,bottle,illustrated
ing-bb673ba452af,黑钻黑莓,黑鑽黑莓,ingredients/ing-bb673ba452af.svg,bramble,illustrated
ing-50cbb376ac47,鼠尾草,鼠尾草,ingredients/ing-50cbb376ac47.svg,herb,illustrated
ing-26a0b7bb2c54,龙井茶,龍井茶,ingredients/ing-26a0b7bb2c54.svg,beverage,illustrated
ing-1a0a94c195d1,龙卡尔乳酪,龍卡爾乳酪,ingredients/ing-1a0a94c195d1.svg,cheese,illustrated
ing-8132a7815329,龙眼,龍眼,ingredients/ing-8132a7815329.svg,lychee,illustrated
ing-419df3192dcf,龙舌兰酒,龍舌蘭酒,ingredients/ing-419df3192dcf.svg,bottle,illustrated
ing-309fc0d9501f,龙蒿,龍蒿,ingredients/ing-309fc0d9501f.svg,herb,illustrated
ing-fe86047dcfc3,庞贝蓝钻东方琴酒,龐貝藍鑽東方琴酒,ingredients/ing-fe86047dcfc3.svg,bottle,illustrated
ing-cb569bb6eb0a,庞贝蓝钻琴酒,龐貝藍鑽琴酒,ingredients/ing-cb569bb6eb0a.svg,bottle,illustrated
